0.00000000e+00,-7.76525570e-22,0.00000000e+00,1.20061476e-112,0.00000000e+00,-3.66766133e-08,
3.30000000e-03,2.11420860e-08,3.30000000e-03,2.83272014e-08,3.30000000e-03,-7.82790067e-09,
6.60000000e-03,4.20344137e-08,6.60000000e-03,5.61754441e-08,6.60000000e-03,2.05440180e-08,
9.90000000e-03,6.26768160e-08,9.90000000e-03,8.35451870e-08,9.90000000e-03,4.84389064e-08,
1.32000000e-02,8.30691319e-08,1.32000000e-02,1.10436940e-07,1.32000000e-02,7.58566528e-08,
1.65000000e-02,1.03211207e-07,1.65000000e-02,1.36851269e-07,1.65000000e-02,1.02797256e-07,
1.98000000e-02,1.23102892e-07,1.98000000e-02,1.62788795e-07,1.98000000e-02,1.29260829e-07,
2.31000000e-02,1.42744048e-07,2.31000000e-02,1.88250204e-07,2.31000000e-02,1.55247597e-07,
2.64000000e-02,1.62134541e-07,2.64000000e-02,2.13236243e-07,2.64000000e-02,1.80757901e-07,
2.97000000e-02,1.81274247e-07,2.97000000e-02,2.37747729e-07,2.97000000e-02,2.05792198e-07,
3.30000000e-02,2.00163050e-07,3.30000000e-02,2.61785552e-07,3.30000000e-02,2.30351064e-07,
3.63000000e-02,2.18800845e-07,3.63000000e-02,2.85350676e-07,3.63000000e-02,2.54435194e-07,
3.96000000e-02,2.37187534e-07,3.96000000e-02,3.08444146e-07,3.96000000e-02,2.78045403e-07,
4.29000000e-02,2.55323034e-07,4.29000000e-02,3.31067092e-07,4.29000000e-02,3.01182633e-07,
4.62000000e-02,2.73207270e-07,4.62000000e-02,3.53220734e-07,4.62000000e-02,3.23847953e-07,
4.95000000e-02,2.90840182e-07,4.95000000e-02,3.74906385e-07,4.95000000e-02,3.46042559e-07,
5.28000000e-02,3.08221721e-07,5.28000000e-02,3.96125455e-07,5.28000000e-02,3.67767781e-07,
5.61000000e-02,3.25351852e-07,5.61000000e-02,4.16879460e-07,5.61000000e-02,3.89025084e-07,
5.94000000e-02,3.42230558e-07,5.94000000e-02,4.37170023e-07,5.94000000e-02,4.09816073e-07,
6.27000000e-02,3.58857834e-07,6.27000000e-02,4.56998884e-07,6.27000000e-02,4.30142494e-07,
6.60000000e-02,3.75233693e-07,6.60000000e-02,4.76367900e-07,6.60000000e-02,4.50006238e-07,
6.93000000e-02,3.91358167e-07,6.93000000e-02,4.95279054e-07,6.93000000e-02,4.69409348e-07,
7.26000000e-02,4.07231306e-07,7.26000000e-02,5.13734460e-07,7.26000000e-02,4.88354018e-07,
7.59000000e-02,4.22853181e-07,7.59000000e-02,5.31736369e-07,7.59000000e-02,5.06842601e-07,
7.92000000e-02,4.38223883e-07,7.92000000e-02,5.49287176e-07,7.92000000e-02,5.24877609e-07,
8.25000000e-02,4.53343528e-07,8.25000000e-02,5.66389421e-07,8.25000000e-02,5.42461719e-07,
8.58000000e-02,4.68212255e-07,8.58000000e-02,5.83045803e-07,8.58000000e-02,5.59597779e-07,
8.91000000e-02,4.82830227e-07,8.91000000e-02,5.99259180e-07,8.91000000e-02,5.76288807e-07,
9.24000000e-02,4.97197637e-07,9.24000000e-02,6.15032575e-07,9.24000000e-02,5.92537999e-07,
9.57000000e-02,5.11314706e-07,9.57000000e-02,6.30369187e-07,9.57000000e-02,6.08348729e-07,
9.90000000e-02,5.25181685e-07,9.90000000e-02,6.45272390e-07,9.90000000e-02,6.23724554e-07,
1.02300000e-01,5.38798858e-07,1.02300000e-01,6.59745744e-07,1.02300000e-01,6.38669218e-07,
1.05600000e-01,5.52166542e-07,1.05600000e-01,6.73793000e-07,1.05600000e-01,6.53186653e-07,
1.08900000e-01,5.65285093e-07,1.08900000e-01,6.87418100e-07,1.08900000e-01,6.67280982e-07,
1.12200000e-01,5.78154902e-07,1.12200000e-01,7.00625188e-07,1.12200000e-01,6.80956521e-07,
1.15500000e-01,5.90776402e-07,1.15500000e-01,7.13418612e-07,1.15500000e-01,6.94217780e-07,
1.18800000e-01,6.03150070e-07,1.18800000e-01,7.25802929e-07,1.18800000e-01,7.07069466e-07,
1.22100000e-01,6.15276426e-07,1.22100000e-01,7.37782906e-07,1.22100000e-01,7.19516480e-07,
1.25400000e-01,6.27156038e-07,1.25400000e-01,7.49363525e-07,1.25400000e-01,7.31563919e-07,
1.28700000e-01,6.38789525e-07,1.28700000e-01,7.60549986e-07,1.28700000e-01,7.43217077e-07,
1.32000000e-01,6.50177558e-07,1.32000000e-01,7.71347709e-07,1.32000000e-01,7.54481440e-07,
1.35300000e-01,6.61320864e-07,1.35300000e-01,7.81762330e-07,1.35300000e-01,7.65362683e-07,
1.38600000e-01,6.72220227e-07,1.38600000e-01,7.91799707e-07,1.38600000e-01,7.75866673e-07,
1.41900000e-01,6.82876493e-07,1.41900000e-01,8.01465916e-07,1.41900000e-01,7.85999462e-07,
1.45200000e-01,6.93290573e-07,1.45200000e-01,8.10767248e-07,1.45200000e-01,7.95767279e-07,
1.48500000e-01,7.03463442e-07,1.48500000e-01,8.19710209e-07,1.48500000e-01,8.05176534e-07,
1.51800000e-01,7.13396147e-07,1.51800000e-01,8.28301510e-07,1.51800000e-01,8.14233801e-07,
1.55100000e-01,7.23089810e-07,1.55100000e-01,8.36548068e-07,1.55100000e-01,8.22945824e-07,
1.58400000e-01,7.32545625e-07,1.58400000e-01,8.44456995e-07,1.58400000e-01,8.31319500e-07,
1.61700000e-01,7.41764870e-07,1.61700000e-01,8.52035588e-07,1.61700000e-01,8.39361879e-07,
1.65000000e-01,7.50748903e-07,1.65000000e-01,8.59291325e-07,1.65000000e-01,8.47080149e-07,
1.68300000e-01,7.59499166e-07,1.68300000e-01,8.66231849e-07,1.68300000e-01,8.54481637e-07,
1.71600000e-01,7.68017194e-07,1.71600000e-01,8.72864956e-07,1.71600000e-01,8.61573792e-07,
1.74900000e-01,7.76304611e-07,1.74900000e-01,8.79198583e-07,1.74900000e-01,8.68364181e-07,
1.78200000e-01,7.84363136e-07,1.78200000e-01,8.85240793e-07,1.78200000e-01,8.74860479e-07,
1.81500000e-01,7.92194585e-07,1.81500000e-01,8.90999758e-07,1.81500000e-01,8.81070458e-07,
1.84800000e-01,7.99800875e-07,1.84800000e-01,8.96483740e-07,1.84800000e-01,8.87001982e-07,
1.88100000e-01,8.07184023e-07,1.88100000e-01,9.01701076e-07,1.88100000e-01,8.92662994e-07,
1.91400000e-01,8.14346154e-07,1.91400000e-01,9.06660158e-07,1.91400000e-01,8.98061505e-07,
1.94700000e-01,8.21289498e-07,1.94700000e-01,9.11369410e-07,1.94700000e-01,9.03205588e-07,
1.98000000e-01,8.28016390e-07,1.98000000e-01,9.15837275e-07,1.98000000e-01,9.08103368e-07,
2.01300000e-01,8.34529280e-07,2.01300000e-01,9.20072189e-07,2.01300000e-01,9.12763006e-07,
2.04600000e-01,8.40830724e-07,2.04600000e-01,9.24082565e-07,2.04600000e-01,9.17192694e-07,
2.07900000e-01,8.46923390e-07,2.07900000e-01,9.27876769e-07,2.07900000e-01,9.21400638e-07,
2.11200000e-01,8.52810059e-07,2.11200000e-01,9.31463108e-07,2.11200000e-01,9.25395052e-07,
2.14500000e-01,8.58493620e-07,2.14500000e-01,9.34849807e-07,2.14500000e-01,9.29184136e-07,
2.17800000e-01,8.63977073e-07,2.17800000e-01,9.38044993e-07,2.17800000e-01,9.32776071e-07,
2.21100000e-01,8.69263529e-07,2.21100000e-01,9.41056684e-07,2.21100000e-01,9.36178995e-07,
2.24400000e-01,8.74356202e-07,2.24400000e-01,9.43892769e-07,2.24400000e-01,9.39400994e-07,
2.27700000e-01,8.79258416e-07,2.27700000e-01,9.46561000e-07,2.27700000e-01,9.42450077e-07,
2.31000000e-01,8.83973592e-07,2.31000000e-01,9.49068981e-07,2.31000000e-01,9.45334166e-07,
2.34300000e-01,8.88505256e-07,2.34300000e-01,9.51424161e-07,2.34300000e-01,9.48061069e-07,
2.37600000e-01,8.92857025e-07,2.37600000e-01,9.53633823e-07,2.37600000e-01,9.50638467e-07,
2.40900000e-01,8.97032611e-07,2.40900000e-01,9.55705085e-07,2.40900000e-01,9.53073887e-07,
2.44200000e-01,9.01035812e-07,2.44200000e-01,9.57644891e-07,2.44200000e-01,9.55374691e-07,
2.47500000e-01,9.04870510e-07,2.47500000e-01,9.59460012e-07,2.47500000e-01,9.57548051e-07,
2.50800000e-01,9.08540665e-07,2.50800000e-01,9.61157042e-07,2.50800000e-01,9.59600932e-07,
2.54100000e-01,9.12050310e-07,2.54100000e-01,9.62742402e-07,2.54100000e-01,9.61540077e-07,
2.57400000e-01,9.15403546e-07,2.57400000e-01,9.64222334e-07,2.57400000e-01,9.63371992e-07,
2.60700000e-01,9.18604539e-07,2.60700000e-01,9.65602901e-07,2.60700000e-01,9.65102932e-07,
2.64000000e-01,9.21657508e-07,2.64000000e-01,9.66889988e-07,2.64000000e-01,9.66738890e-07,
2.67300000e-01,9.24566730e-07,2.67300000e-01,9.68089300e-07,2.67300000e-01,9.68285592e-07,
2.70600000e-01,9.27336523e-07,2.70600000e-01,9.69206355e-07,2.70600000e-01,9.69748486e-07,
2.73900000e-01,9.29971249e-07,2.73900000e-01,9.70246484e-07,2.73900000e-01,9.71132747e-07,
2.77200000e-01,9.32475307e-07,2.77200000e-01,9.71214825e-07,2.77200000e-01,9.72443269e-07,
2.80500000e-01,9.34853123e-07,2.80500000e-01,9.72116314e-07,2.80500000e-01,9.73684668e-07,
2.83800000e-01,9.37109148e-07,2.83800000e-01,9.72955683e-07,2.83800000e-01,9.74861289e-07,
2.87100000e-01,9.39247854e-07,2.87100000e-01,9.73737451e-07,2.87100000e-01,9.75977211e-07,
2.90400000e-01,9.41273721e-07,2.90400000e-01,9.74465922e-07,2.90400000e-01,9.77036251e-07,
2.93700000e-01,9.43191235e-07,2.93700000e-01,9.75145172e-07,2.93700000e-01,9.78041977e-07,
2.97000000e-01,9.45004881e-07,2.97000000e-01,9.75779054e-07,2.97000000e-01,9.78997716e-07,
3.00300000e-01,9.46719130e-07,3.00300000e-01,9.76371191e-07,3.00300000e-01,9.79906563e-07,
3.03600000e-01,9.48338435e-07,3.03600000e-01,9.76924977e-07,3.03600000e-01,9.80771395e-07,
3.06900000e-01,9.49867220e-07,3.06900000e-01,9.77443581e-07,3.06900000e-01,9.81594880e-07,
3.10200000e-01,9.51309865e-07,3.10200000e-01,9.77929945e-07,3.10200000e-01,9.82379493e-07,
3.13500000e-01,9.52670703e-07,3.13500000e-01,9.78386797e-07,3.13500000e-01,9.83127522e-07,
3.16800000e-01,9.53954000e-07,3.16800000e-01,9.78816651e-07,3.16800000e-01,9.83841085e-07,
3.20100000e-01,9.55163949e-07,3.20100000e-01,9.79221822e-07,3.20100000e-01,9.84522138e-07,
3.23400000e-01,9.56304652e-07,3.23400000e-01,9.79604432e-07,3.23400000e-01,9.85172488e-07,
3.26700000e-01,9.57380114e-07,3.26700000e-01,9.79966424e-07,3.26700000e-01,9.85793801e-07,
3.30000000e-01,9.58394224e-07,3.30000000e-01,9.80309569e-07,3.30000000e-01,9.86387616e-07,
3.33300000e-01,9.59350750e-07,3.33300000e-01,9.80635482e-07,3.33300000e-01,9.86955351e-07,
3.36600000e-01,9.60253324e-07,3.36600000e-01,9.80945629e-07,3.36600000e-01,9.87498314e-07,
3.39900000e-01,9.61105438e-07,3.39900000e-01,9.81241343e-07,3.39900000e-01,9.88017710e-07,
3.43200000e-01,9.61910431e-07,3.43200000e-01,9.81523834e-07,3.43200000e-01,9.88514655e-07,
3.46500000e-01,9.62671487e-07,3.46500000e-01,9.81794196e-07,3.46500000e-01,9.88990173e-07,
3.49800000e-01,9.63391630e-07,3.49800000e-01,9.82053421e-07,3.49800000e-01,9.89445214e-07,
3.53100000e-01,9.64073721e-07,3.53100000e-01,9.82302407e-07,3.53100000e-01,9.89880653e-07,
3.56400000e-01,9.64720456e-07,3.56400000e-01,9.82541968e-07,3.56400000e-01,9.90297299e-07,
3.59700000e-01,9.65334371e-07,3.59700000e-01,9.82772838e-07,3.59700000e-01,9.90695904e-07,
3.63000000e-01,9.65917839e-07,3.63000000e-01,9.82995686e-07,3.63000000e-01,9.91077163e-07,
3.66300000e-01,9.66473080e-07,3.66300000e-01,9.83211113e-07,3.66300000e-01,9.91441722e-07,
3.69600000e-01,9.67002159e-07,3.69600000e-01,9.83419668e-07,3.69600000e-01,9.91790183e-07,
3.72900000e-01,9.67506997e-07,3.72900000e-01,9.83621846e-07,3.72900000e-01,9.92123110e-07,
3.76200000e-01,9.67989374e-07,3.76200000e-01,9.83818099e-07,3.76200000e-01,9.92441029e-07,
3.79500000e-01,9.68450939e-07,3.79500000e-01,9.84008834e-07,3.79500000e-01,9.92744437e-07,
3.82800000e-01,9.68893214e-07,3.82800000e-01,9.84194425e-07,3.82800000e-01,9.93033805e-07,
3.86100000e-01,9.69317603e-07,3.86100000e-01,9.84375210e-07,3.86100000e-01,9.93309578e-07,
3.89400000e-01,9.69725402e-07,3.89400000e-01,9.84551497e-07,3.89400000e-01,9.93572184e-07,
3.92700000e-01,9.70117801e-07,3.92700000e-01,9.84723570e-07,3.92700000e-01,9.93822034e-07,
3.96000000e-01,9.70495896e-07,3.96000000e-01,9.84891683e-07,3.96000000e-01,9.94059525e-07,
3.99300000e-01,9.70860695e-07,3.99300000e-01,9.85056074e-07,3.99300000e-01,9.94285047e-07,
4.02600000e-01,9.71213123e-07,4.02600000e-01,9.85216958e-07,4.02600000e-01,9.94498983e-07,
4.05900000e-01,9.71554028e-07,4.05900000e-01,9.85374532e-07,4.05900000e-01,9.94701709e-07,
4.09200000e-01,9.71884193e-07,4.09200000e-01,9.85528978e-07,4.09200000e-01,9.94893602e-07,
4.12500000e-01,9.72204333e-07,4.12500000e-01,9.85680463e-07,4.12500000e-01,9.95075039e-07,
4.15800000e-01,9.72515106e-07,4.15800000e-01,9.85829141e-07,4.15800000e-01,9.95246397e-07,
4.19100000e-01,9.72817118e-07,4.19100000e-01,9.85975154e-07,4.19100000e-01,9.95408058e-07,
4.22400000e-01,9.73110923e-07,4.22400000e-01,9.86118632e-07,4.22400000e-01,9.95560408e-07,
4.25700000e-01,9.73397034e-07,4.25700000e-01,9.86259696e-07,4.25700000e-01,9.95703837e-07,
4.29000000e-01,9.73675919e-07,4.29000000e-01,9.86398460e-07,4.29000000e-01,9.95838739e-07,
4.32300000e-01,9.73948012e-07,4.32300000e-01,9.86535026e-07,4.32300000e-01,9.95965512e-07,
4.35600000e-01,9.74213712e-07,4.35600000e-01,9.86669492e-07,4.35600000e-01,9.96084556e-07,
4.38900000e-01,9.74473386e-07,4.38900000e-01,9.86801946e-07,4.38900000e-01,9.96196274e-07,
4.42200000e-01,9.74727373e-07,4.42200000e-01,9.86932473e-07,4.42200000e-01,9.96301066e-07,
4.45500000e-01,9.74975987e-07,4.45500000e-01,9.87061151e-07,4.45500000e-01,9.96399333e-07,
4.48800000e-01,9.75219517e-07,4.48800000e-01,9.87188053e-07,4.48800000e-01,9.96491467e-07,
4.52100000e-01,9.75458231e-07,4.52100000e-01,9.87313245e-07,4.52100000e-01,9.96577855e-07,
4.55400000e-01,9.75692376e-07,4.55400000e-01,9.87436793e-07,4.55400000e-01,9.96658875e-07,
4.58700000e-01,9.75922185e-07,4.58700000e-01,9.87558755e-07,4.58700000e-01,9.96734893e-07,
4.62000000e-01,9.76147868e-07,4.62000000e-01,9.87679189e-07,4.62000000e-01,9.96806262e-07,
4.65300000e-01,9.76369626e-07,4.65300000e-01,9.87798145e-07,4.65300000e-01,9.96873318e-07,
4.68600000e-01,9.76587643e-07,4.68600000e-01,9.87915675e-07,4.68600000e-01,9.96936384e-07,
4.71900000e-01,9.76802090e-07,4.71900000e-01,9.88031824e-07,4.71900000e-01,9.96995763e-07,
4.75200000e-01,9.77013127e-07,4.75200000e-01,9.88146636e-07,4.75200000e-01,9.97051741e-07,
4.78500000e-01,9.77220904e-07,4.78500000e-01,9.88260153e-07,4.78500000e-01,9.97104587e-07,
4.81800000e-01,9.77425561e-07,4.81800000e-01,9.88372414e-07,4.81800000e-01,9.97154550e-07,
4.85100000e-01,9.77627227e-07,4.85100000e-01,9.88483457e-07,4.85100000e-01,9.97201862e-07,
4.88400000e-01,9.77826025e-07,4.88400000e-01,9.88593315e-07,4.88400000e-01,9.97246738e-07,
4.91700000e-01,9.78022070e-07,4.91700000e-01,9.88702024e-07,4.91700000e-01,9.97289375e-07,
4.95000000e-01,9.78215469e-07,4.95000000e-01,9.88809613e-07,4.95000000e-01,9.97329956e-07,
4.98300000e-01,9.78406322e-07,4.98300000e-01,9.88916114e-07,4.98300000e-01,9.97368647e-07,
5.01600000e-01,9.78594724e-07,5.01600000e-01,9.89021555e-07,5.01600000e-01,9.97405600e-07,
5.04900000e-01,9.78780765e-07,5.04900000e-01,9.89125963e-07,5.04900000e-01,9.97440956e-07,
5.08200000e-01,9.78964529e-07,5.08200000e-01,9.89229363e-07,5.08200000e-01,9.97474841e-07,
5.11500000e-01,9.79146095e-07,5.11500000e-01,9.89331782e-07,5.11500000e-01,9.97507371e-07,
5.14800000e-01,9.79325537e-07,5.14800000e-01,9.89433241e-07,5.14800000e-01,9.97538651e-07,
5.18100000e-01,9.79502927e-07,5.18100000e-01,9.89533764e-07,5.18100000e-01,9.97568778e-07,
5.21400000e-01,9.79678330e-07,5.21400000e-01,9.89633373e-07,5.21400000e-01,9.97597840e-07,
5.24700000e-01,9.79851812e-07,5.24700000e-01,9.89732087e-07,5.24700000e-01,9.97625914e-07,
5.28000000e-01,9.80023430e-07,5.28000000e-01,9.89829928e-07,5.28000000e-01,9.97653075e-07,
5.31300000e-01,9.80193243e-07,5.31300000e-01,9.89926913e-07,5.31300000e-01,9.97679387e-07,
5.34600000e-01,9.80361304e-07,5.34600000e-01,9.90023060e-07,5.34600000e-01,9.97704911e-07,
5.37900000e-01,9.80527664e-07,5.37900000e-01,9.90118388e-07,5.37900000e-01,9.97729701e-07,
5.41200000e-01,9.80692373e-07,5.41200000e-01,9.90212913e-07,5.41200000e-01,9.97753807e-07,
5.44500000e-01,9.80855476e-07,5.44500000e-01,9.90306651e-07,5.44500000e-01,9.97777274e-07,
5.47800000e-01,9.81017018e-07,5.47800000e-01,9.90399617e-07,5.47800000e-01,9.97800143e-07,
5.51100000e-01,9.81177042e-07,5.51100000e-01,9.90491828e-07,5.51100000e-01,9.97822453e-07,
5.54400000e-01,9.81335586e-07,5.54400000e-01,9.90583296e-07,5.54400000e-01,9.97844239e-07,
5.57700000e-01,9.81492690e-07,5.57700000e-01,9.90674035e-07,5.57700000e-01,9.97865531e-07,
5.61000000e-01,9.81648390e-07,5.61000000e-01,9.90764060e-07,5.61000000e-01,9.97886359e-07,
5.64300000e-01,9.81802722e-07,5.64300000e-01,9.90853383e-07,5.64300000e-01,9.97906750e-07,
5.67600000e-01,9.81955719e-07,5.67600000e-01,9.90942017e-07,5.67600000e-01,9.97926728e-07,
5.70900000e-01,9.82107413e-07,5.70900000e-01,9.91029973e-07,5.70900000e-01,9.97946315e-07,
5.74200000e-01,9.82257834e-07,5.74200000e-01,9.91117263e-07,5.74200000e-01,9.97965533e-07,
5.77500000e-01,9.82407014e-07,5.77500000e-01,9.91203898e-07,5.77500000e-01,9.97984401e-07,
5.80800000e-01,9.82554979e-07,5.80800000e-01,9.91289890e-07,5.80800000e-01,9.98002937e-07,
5.84100000e-01,9.82701757e-07,5.84100000e-01,9.91375249e-07,5.84100000e-01,9.98021156e-07,
5.87400000e-01,9.82847375e-07,5.87400000e-01,9.91459986e-07,5.87400000e-01,9.98039073e-07,
5.90700000e-01,9.82991856e-07,5.90700000e-01,9.91544109e-07,5.90700000e-01,9.98056704e-07,
5.94000000e-01,9.83135227e-07,5.94000000e-01,9.91627629e-07,5.94000000e-01,9.98074062e-07,
5.97300000e-01,9.83277509e-07,5.97300000e-01,9.91710555e-07,5.97300000e-01,9.98091157e-07,
6.00600000e-01,9.83418726e-07,6.00600000e-01,9.91792896e-07,6.00600000e-01,9.98108002e-07,
6.03900000e-01,9.83558899e-07,6.03900000e-01,9.91874661e-07,6.03900000e-01,9.98124606e-07,
6.07200000e-01,9.83698049e-07,6.07200000e-01,9.91955859e-07,6.07200000e-01,9.98140981e-07,
6.10500000e-01,9.83836195e-07,6.10500000e-01,9.92036498e-07,6.10500000e-01,9.98157134e-07,
6.13800000e-01,9.83973358e-07,6.13800000e-01,9.92116585e-07,6.13800000e-01,9.98173075e-07,
6.17100000e-01,9.84109556e-07,6.17100000e-01,9.92196129e-07,6.17100000e-01,9.98188812e-07,
6.20400000e-01,9.84244808e-07,6.20400000e-01,9.92275138e-07,6.20400000e-01,9.98204352e-07,
6.23700000e-01,9.84379130e-07,6.23700000e-01,9.92353619e-07,6.23700000e-01,9.98219702e-07,
6.27000000e-01,9.84512540e-07,6.27000000e-01,9.92431579e-07,6.27000000e-01,9.98234868e-07,
6.30300000e-01,9.84645054e-07,6.30300000e-01,9.92509025e-07,6.30300000e-01,9.98249858e-07,
6.33600000e-01,9.84776688e-07,6.33600000e-01,9.92585965e-07,6.33600000e-01,9.98264677e-07,
6.36900000e-01,9.84907458e-07,6.36900000e-01,9.92662404e-07,6.36900000e-01,9.98279331e-07,
6.40200000e-01,9.85037378e-07,6.40200000e-01,9.92738350e-07,6.40200000e-01,9.98293824e-07,
6.43500000e-01,9.85166462e-07,6.43500000e-01,9.92813809e-07,6.43500000e-01,9.98308162e-07,
6.46800000e-01,9.85294725e-07,6.46800000e-01,9.92888787e-07,6.46800000e-01,9.98322349e-07,
6.50100000e-01,9.85422181e-07,6.50100000e-01,9.92963290e-07,6.50100000e-01,9.98336390e-07,
6.53400000e-01,9.85548842e-07,6.53400000e-01,9.93037324e-07,6.53400000e-01,9.98350290e-07,
6.56700000e-01,9.85674722e-07,6.56700000e-01,9.93110896e-07,6.56700000e-01,9.98364051e-07,
6.60000000e-01,9.85799832e-07,6.60000000e-01,9.93184010e-07,6.60000000e-01,9.98377678e-07,
6.63300000e-01,9.85924185e-07,6.63300000e-01,9.93256673e-07,6.63300000e-01,9.98391175e-07,
6.66600000e-01,9.86047793e-07,6.66600000e-01,9.93328889e-07,6.66600000e-01,9.98404545e-07,
6.69900000e-01,9.86170666e-07,6.69900000e-01,9.93400664e-07,6.69900000e-01,9.98417791e-07,
6.73200000e-01,9.86292817e-07,6.73200000e-01,9.93472004e-07,6.73200000e-01,9.98430916e-07,
6.76500000e-01,9.86414256e-07,6.76500000e-01,9.93542913e-07,6.76500000e-01,9.98443924e-07,
6.79800000e-01,9.86534993e-07,6.79800000e-01,9.93613396e-07,6.79800000e-01,9.98456816e-07,
6.83100000e-01,9.86655038e-07,6.83100000e-01,9.93683459e-07,6.83100000e-01,9.98469597e-07,
6.86400000e-01,9.86774402e-07,6.86400000e-01,9.93753106e-07,6.86400000e-01,9.98482268e-07,
6.89700000e-01,9.86893095e-07,6.89700000e-01,9.93822341e-07,6.89700000e-01,9.98494832e-07,
6.93000000e-01,9.87011125e-07,6.93000000e-01,9.93891170e-07,6.93000000e-01,9.98507292e-07,
6.96300000e-01,9.87128503e-07,6.96300000e-01,9.93959597e-07,6.96300000e-01,9.98519649e-07,
6.99600000e-01,9.87245236e-07,6.99600000e-01,9.94027626e-07,6.99600000e-01,9.98531906e-07,
7.02900000e-01,9.87361334e-07,7.02900000e-01,9.94095261e-07,7.02900000e-01,9.98544064e-07,
7.06200000e-01,9.87476805e-07,7.06200000e-01,9.94162507e-07,7.06200000e-01,9.98556127e-07,
7.09500000e-01,9.87591658e-07,7.09500000e-01,9.94229368e-07,7.09500000e-01,9.98568096e-07,
7.12800000e-01,9.87705901e-07,7.12800000e-01,9.94295848e-07,7.12800000e-01,9.98579972e-07,
7.16100000e-01,9.87819542e-07,7.16100000e-01,9.94361951e-07,7.16100000e-01,9.98591759e-07,
7.19400000e-01,9.87932588e-07,7.19400000e-01,9.94427681e-07,7.19400000e-01,9.98603456e-07,
7.22700000e-01,9.88045047e-07,7.22700000e-01,9.94493042e-07,7.22700000e-01,9.98615066e-07,
7.26000000e-01,9.88156927e-07,7.26000000e-01,9.94558038e-07,7.26000000e-01,9.98626591e-07,
7.29300000e-01,9.88268235e-07,7.29300000e-01,9.94622671e-07,7.29300000e-01,9.98638032e-07,
7.32600000e-01,9.88378977e-07,7.32600000e-01,9.94686947e-07,7.32600000e-01,9.98649391e-07,
7.35900000e-01,9.88489161e-07,7.35900000e-01,9.94750869e-07,7.35900000e-01,9.98660669e-07,
7.39200000e-01,9.88598794e-07,7.39200000e-01,9.94814439e-07,7.39200000e-01,9.98671868e-07,
7.42500000e-01,9.88707882e-07,7.42500000e-01,9.94877662e-07,7.42500000e-01,9.98682988e-07,
7.45800000e-01,9.88816432e-07,7.45800000e-01,9.94940541e-07,7.45800000e-01,9.98694032e-07,
7.49100000e-01,9.88924450e-07,7.49100000e-01,9.95003079e-07,7.49100000e-01,9.98705000e-07,
7.52400000e-01,9.89031941e-07,7.52400000e-01,9.95065279e-07,7.52400000e-01,9.98715894e-07,
7.55700000e-01,9.89138914e-07,7.55700000e-01,9.95127146e-07,7.55700000e-01,9.98726715e-07,
7.59000000e-01,9.89245372e-07,7.59000000e-01,9.95188681e-07,7.59000000e-01,9.98737464e-07,
7.62300000e-01,9.89351323e-07,7.62300000e-01,9.95249889e-07,7.62300000e-01,9.98748143e-07,
7.65600000e-01,9.89456771e-07,7.65600000e-01,9.95310772e-07,7.65600000e-01,9.98758751e-07,
7.68900000e-01,9.89561723e-07,7.68900000e-01,9.95371332e-07,7.68900000e-01,9.98769291e-07,
7.72200000e-01,9.89666183e-07,7.72200000e-01,9.95431575e-07,7.72200000e-01,9.98779764e-07,
7.75500000e-01,9.89770158e-07,7.75500000e-01,9.95491501e-07,7.75500000e-01,9.98790169e-07,
7.78800000e-01,9.89873652e-07,7.78800000e-01,9.95551114e-07,7.78800000e-01,9.98800510e-07,
7.82100000e-01,9.89976671e-07,7.82100000e-01,9.95610417e-07,7.82100000e-01,9.98810785e-07,
7.85400000e-01,9.90079219e-07,7.85400000e-01,9.95669413e-07,7.85400000e-01,9.98820997e-07,
7.88700000e-01,9.90181302e-07,7.88700000e-01,9.95728104e-07,7.88700000e-01,9.98831146e-07,
7.92000000e-01,9.90282925e-07,7.92000000e-01,9.95786494e-07,7.92000000e-01,9.98841233e-07,
7.95300000e-01,9.90384092e-07,7.95300000e-01,9.95844584e-07,7.95300000e-01,9.98851259e-07,
7.98600000e-01,9.90484808e-07,7.98600000e-01,9.95902377e-07,7.98600000e-01,9.98861225e-07,
8.01900000e-01,9.90585077e-07,8.01900000e-01,9.95959877e-07,8.01900000e-01,9.98871131e-07,
8.05200000e-01,9.90684905e-07,8.05200000e-01,9.96017085e-07,8.05200000e-01,9.98880979e-07,
8.08500000e-01,9.90784295e-07,8.08500000e-01,9.96074004e-07,8.08500000e-01,9.98890769e-07,
8.11800000e-01,9.90883252e-07,8.11800000e-01,9.96130637e-07,8.11800000e-01,9.98900501e-07,
8.15100000e-01,9.90981780e-07,8.15100000e-01,9.96186986e-07,8.15100000e-01,9.98910177e-07,
8.18400000e-01,9.91079883e-07,8.18400000e-01,9.96243053e-07,8.18400000e-01,9.98919798e-07,
8.21700000e-01,9.91177566e-07,8.21700000e-01,9.96298841e-07,8.21700000e-01,9.98929363e-07,
8.25000000e-01,9.91274832e-07,8.25000000e-01,9.96354352e-07,8.25000000e-01,9.98938874e-07,
8.28300000e-01,9.91371686e-07,8.28300000e-01,9.96409589e-07,8.28300000e-01,9.98948332e-07,
8.31600000e-01,9.91468131e-07,8.31600000e-01,9.96464553e-07,8.31600000e-01,9.98957736e-07,
8.34900000e-01,9.91564172e-07,8.34900000e-01,9.96519247e-07,8.34900000e-01,9.98967088e-07,
8.38200000e-01,9.91659811e-07,8.38200000e-01,9.96573674e-07,8.38200000e-01,9.98976388e-07,
8.41500000e-01,9.91755053e-07,8.41500000e-01,9.96627835e-07,8.41500000e-01,9.98985637e-07,
8.44800000e-01,9.91849902e-07,8.44800000e-01,9.96681732e-07,8.44800000e-01,9.98994836e-07,
8.48100000e-01,9.91944360e-07,8.48100000e-01,9.96735368e-07,8.48100000e-01,9.99003984e-07,
8.51400000e-01,9.92038432e-07,8.51400000e-01,9.96788745e-07,8.51400000e-01,9.99013083e-07,
8.54700000e-01,9.92132121e-07,8.54700000e-01,9.96841865e-07,8.54700000e-01,9.99022134e-07,
8.58000000e-01,9.92225430e-07,8.58000000e-01,9.96894730e-07,8.58000000e-01,9.99031135e-07,
8.61300000e-01,9.92318363e-07,8.61300000e-01,9.96947341e-07,8.61300000e-01,9.99040090e-07,
8.64600000e-01,9.92410922e-07,8.64600000e-01,9.96999702e-07,8.64600000e-01,9.99048996e-07,
8.67900000e-01,9.92503112e-07,8.67900000e-01,9.97051813e-07,8.67900000e-01,9.99057857e-07,
8.71200000e-01,9.92594936e-07,8.71200000e-01,9.97103677e-07,8.71200000e-01,9.99066671e-07,
8.74500000e-01,9.92686396e-07,8.74500000e-01,9.97155296e-07,8.74500000e-01,9.99075439e-07,
8.77800000e-01,9.92777496e-07,8.77800000e-01,9.97206671e-07,8.77800000e-01,9.99084162e-07,
8.81100000e-01,9.92868238e-07,8.81100000e-01,9.97257805e-07,8.81100000e-01,9.99092840e-07,
8.84400000e-01,9.92958626e-07,8.84400000e-01,9.97308700e-07,8.84400000e-01,9.99101474e-07,
8.87700000e-01,9.93048663e-07,8.87700000e-01,9.97359356e-07,8.87700000e-01,9.99110064e-07,
8.91000000e-01,9.93138352e-07,8.91000000e-01,9.97409777e-07,8.91000000e-01,9.99118610e-07,
8.94300000e-01,9.93227695e-07,8.94300000e-01,9.97459963e-07,8.94300000e-01,9.99127114e-07,
8.97600000e-01,9.93316695e-07,8.97600000e-01,9.97509917e-07,8.97600000e-01,9.99135575e-07,
9.00900000e-01,9.93405355e-07,9.00900000e-01,9.97559640e-07,9.00900000e-01,9.99143994e-07,
9.04200000e-01,9.93493678e-07,9.04200000e-01,9.97609134e-07,9.04200000e-01,9.99152372e-07,
9.07500000e-01,9.93581667e-07,9.07500000e-01,9.97658401e-07,9.07500000e-01,9.99160707e-07,
9.10800000e-01,9.93669324e-07,9.10800000e-01,9.97707442e-07,9.10800000e-01,9.99169002e-07,
9.14100000e-01,9.93756651e-07,9.14100000e-01,9.97756259e-07,9.14100000e-01,9.99177257e-07,
9.17400000e-01,9.93843652e-07,9.17400000e-01,9.97804853e-07,9.17400000e-01,9.99185471e-07,
9.20700000e-01,9.93930329e-07,9.20700000e-01,9.97853227e-07,9.20700000e-01,9.99193646e-07,
9.24000000e-01,9.94016685e-07,9.24000000e-01,9.97901382e-07,9.24000000e-01,9.99201782e-07,
9.27300000e-01,9.94102721e-07,9.27300000e-01,9.97949319e-07,9.27300000e-01,9.99209878e-07,
9.30600000e-01,9.94188441e-07,9.30600000e-01,9.97997041e-07,9.30600000e-01,9.99217936e-07,
9.33900000e-01,9.94273846e-07,9.33900000e-01,9.98044547e-07,9.33900000e-01,9.99225955e-07,
9.37200000e-01,9.94358940e-07,9.37200000e-01,9.98091841e-07,9.37200000e-01,9.99233937e-07,
9.40500000e-01,9.94443723e-07,9.40500000e-01,9.98138924e-07,9.40500000e-01,9.99241881e-07,
9.43800000e-01,9.94528200e-07,9.43800000e-01,9.98185797e-07,9.43800000e-01,9.99249787e-07,
9.47100000e-01,9.94612372e-07,9.47100000e-01,9.98232461e-07,9.47100000e-01,9.99257657e-07,
9.50400000e-01,9.94696241e-07,9.50400000e-01,9.98278918e-07,9.50400000e-01,9.99265490e-07,
9.53700000e-01,9.94779810e-07,9.53700000e-01,9.98325170e-07,9.53700000e-01,9.99273287e-07,
9.57000000e-01,9.94863080e-07,9.57000000e-01,9.98371218e-07,9.57000000e-01,9.99281048e-07,
9.60300000e-01,9.94946054e-07,9.60300000e-01,9.98417063e-07,9.60300000e-01,9.99288774e-07,
9.63600000e-01,9.95028734e-07,9.63600000e-01,9.98462706e-07,9.63600000e-01,9.99296464e-07,
9.66900000e-01,9.95111122e-07,9.66900000e-01,9.98508150e-07,9.66900000e-01,9.99304119e-07,
9.70200000e-01,9.95193221e-07,9.70200000e-01,9.98553396e-07,9.70200000e-01,9.99311739e-07,
9.73500000e-01,9.95275031e-07,9.73500000e-01,9.98598444e-07,9.73500000e-01,9.99319325e-07,
9.76800000e-01,9.95356556e-07,9.76800000e-01,9.98643296e-07,9.76800000e-01,9.99326877e-07,
9.80100000e-01,9.95437797e-07,9.80100000e-01,9.98687954e-07,9.80100000e-01,9.99334394e-07,
9.83400000e-01,9.95518756e-07,9.83400000e-01,9.98732419e-07,9.83400000e-01,9.99341879e-07,
9.86700000e-01,9.95599435e-07,9.86700000e-01,9.98776692e-07,9.86700000e-01,9.99349330e-07,
9.90000000e-01,9.95679836e-07,9.90000000e-01,9.98820775e-07,9.90000000e-01,9.99356748e-07,
9.93300000e-01,9.95759961e-07,9.93300000e-01,9.98864668e-07,9.93300000e-01,9.99364133e-07,
9.96600000e-01,9.95839812e-07,9.96600000e-01,9.98908373e-07,9.96600000e-01,9.99371486e-07,
9.99900000e-01,9.95919390e-07,9.99900000e-01,9.98951891e-07,9.99900000e-01,9.99378806e-07,
1.00320000e+00,9.95998698e-07,1.00320000e+00,9.98995224e-07,1.00320000e+00,9.99386094e-07,
1.00650000e+00,9.96077737e-07,1.00650000e+00,9.99038372e-07,1.00650000e+00,9.99393351e-07,
1.00980000e+00,9.96156509e-07,1.00980000e+00,9.99081338e-07,1.00980000e+00,9.99400577e-07,
1.01310000e+00,9.96235016e-07,1.01310000e+00,9.99124121e-07,1.01310000e+00,9.99407770e-07,
1.01640000e+00,9.96313260e-07,1.01640000e+00,9.99166724e-07,1.01640000e+00,9.99414934e-07,
1.01970000e+00,9.96391241e-07,1.01970000e+00,9.99209147e-07,1.01970000e+00,9.99422066e-07,
1.02300000e+00,9.96468963e-07,1.02300000e+00,9.99251392e-07,1.02300000e+00,9.99429168e-07,
1.02630000e+00,9.96546426e-07,1.02630000e+00,9.99293460e-07,1.02630000e+00,9.99436239e-07,
1.02960000e+00,9.96623633e-07,1.02960000e+00,9.99335351e-07,1.02960000e+00,9.99443280e-07,
1.03290000e+00,9.96700584e-07,1.03290000e+00,9.99377068e-07,1.03290000e+00,9.99450292e-07,
1.03620000e+00,9.96777282e-07,1.03620000e+00,9.99418611e-07,1.03620000e+00,9.99457274e-07,
1.03950000e+00,9.96853728e-07,1.03950000e+00,9.99459981e-07,1.03950000e+00,9.99464227e-07,
1.04280000e+00,9.96929924e-07,1.04280000e+00,9.99501179e-07,1.04280000e+00,9.99471150e-07,
1.04610000e+00,9.97005871e-07,1.04610000e+00,9.99542207e-07,1.04610000e+00,9.99478045e-07,
1.04940000e+00,9.97081570e-07,1.04940000e+00,9.99583066e-07,1.04940000e+00,9.99484911e-07,
1.05270000e+00,9.97157024e-07,1.05270000e+00,9.99623756e-07,1.05270000e+00,9.99491748e-07,
1.05600000e+00,9.97232234e-07,1.05600000e+00,9.99664278e-07,1.05600000e+00,9.99498557e-07,
1.05930000e+00,9.97307201e-07,1.05930000e+00,9.99704635e-07,1.05930000e+00,9.99505338e-07,
1.06260000e+00,9.97381927e-07,1.06260000e+00,9.99744826e-07,1.06260000e+00,9.99512091e-07,
1.06590000e+00,9.97456413e-07,1.06590000e+00,9.99784853e-07,1.06590000e+00,9.99518817e-07,
1.06920000e+00,9.97530661e-07,1.06920000e+00,9.99824717e-07,1.06920000e+00,9.99525515e-07,
1.07250000e+00,9.97604672e-07,1.07250000e+00,9.99864419e-07,1.07250000e+00,9.99532185e-07,
1.07580000e+00,9.97678448e-07,1.07580000e+00,9.99903960e-07,1.07580000e+00,9.99538828e-07,
1.07910000e+00,9.97751989e-07,1.07910000e+00,9.99943340e-07,1.07910000e+00,9.99545445e-07,
1.08240000e+00,9.97825298e-07,1.08240000e+00,9.99982561e-07,1.08240000e+00,9.99552035e-07,
1.08570000e+00,9.97898375e-07,1.08570000e+00,1.00002162e-06,1.08570000e+00,9.99558598e-07,
1.08900000e+00,9.97971223e-07,1.08900000e+00,1.00006053e-06,1.08900000e+00,9.99565135e-07,
1.09230000e+00,9.98043841e-07,1.09230000e+00,1.00009928e-06,1.09230000e+00,9.99571645e-07,
1.09560000e+00,9.98116233e-07,1.09560000e+00,1.00013787e-06,1.09560000e+00,9.99578130e-07,
1.09890000e+00,9.98188398e-07,1.09890000e+00,1.00017631e-06,1.09890000e+00,9.99584589e-07,
1.10220000e+00,9.98260339e-07,1.10220000e+00,1.00021460e-06,1.10220000e+00,9.99591022e-07,
1.10550000e+00,9.98332056e-07,1.10550000e+00,1.00025273e-06,1.10550000e+00,9.99597430e-07,
1.10880000e+00,9.98403551e-07,1.10880000e+00,1.00029072e-06,1.10880000e+00,9.99603812e-07,
1.11210000e+00,9.98474825e-07,1.11210000e+00,1.00032855e-06,1.11210000e+00,9.99610170e-07,
1.11540000e+00,9.98545880e-07,1.11540000e+00,1.00036623e-06,1.11540000e+00,9.99616502e-07,
1.11870000e+00,9.98616716e-07,1.11870000e+00,1.00040376e-06,1.11870000e+00,9.99622809e-07,
1.12200000e+00,9.98687334e-07,1.12200000e+00,1.00044115e-06,1.12200000e+00,9.99629092e-07,
1.12530000e+00,9.98757737e-07,1.12530000e+00,1.00047838e-06,1.12530000e+00,9.99635350e-07,
1.12860000e+00,9.98827925e-07,1.12860000e+00,1.00051547e-06,1.12860000e+00,9.99641585e-07,
1.13190000e+00,9.98897899e-07,1.13190000e+00,1.00055242e-06,1.13190000e+00,9.99647794e-07,
1.13520000e+00,9.98967661e-07,1.13520000e+00,1.00058922e-06,1.13520000e+00,9.99653980e-07,
1.13850000e+00,9.99037212e-07,1.13850000e+00,1.00062588e-06,1.13850000e+00,9.99660142e-07,
1.14180000e+00,9.99106552e-07,1.14180000e+00,1.00066239e-06,1.14180000e+00,9.99666281e-07,
1.14510000e+00,9.99175683e-07,1.14510000e+00,1.00069877e-06,1.14510000e+00,9.99672396e-07,
1.14840000e+00,9.99244607e-07,1.14840000e+00,1.00073500e-06,1.14840000e+00,9.99678487e-07,
1.15170000e+00,9.99313323e-07,1.15170000e+00,1.00077109e-06,1.15170000e+00,9.99684555e-07,
1.15500000e+00,9.99381834e-07,1.15500000e+00,1.00080704e-06,1.15500000e+00,9.99690600e-07,
1.15830000e+00,9.99450140e-07,1.15830000e+00,1.00084285e-06,1.15830000e+00,9.99696622e-07,
1.16160000e+00,9.99518243e-07,1.16160000e+00,1.00087853e-06,1.16160000e+00,9.99702622e-07,
1.16490000e+00,9.99586143e-07,1.16490000e+00,1.00091406e-06,1.16490000e+00,9.99708598e-07,
1.16820000e+00,9.99653842e-07,1.16820000e+00,1.00094946e-06,1.16820000e+00,9.99714552e-07,
1.17150000e+00,9.99721340e-07,1.17150000e+00,1.00098473e-06,1.17150000e+00,9.99720484e-07,
1.17480000e+00,9.99788639e-07,1.17480000e+00,1.00101986e-06,1.17480000e+00,9.99726394e-07,
1.17810000e+00,9.99855740e-07,1.17810000e+00,1.00105486e-06,1.17810000e+00,9.99732281e-07,
1.18140000e+00,9.99922643e-07,1.18140000e+00,1.00108972e-06,1.18140000e+00,9.99738146e-07,
1.18470000e+00,9.99989351e-07,1.18470000e+00,1.00112445e-06,1.18470000e+00,9.99743990e-07,
1.18800000e+00,1.00005586e-06,1.18800000e+00,1.00115905e-06,1.18800000e+00,9.99749812e-07,
1.19130000e+00,1.00012218e-06,1.19130000e+00,1.00119351e-06,1.19130000e+00,9.99755613e-07,
1.19460000e+00,1.00018831e-06,1.19460000e+00,1.00122785e-06,1.19460000e+00,9.99761391e-07,
1.19790000e+00,1.00025424e-06,1.19790000e+00,1.00126206e-06,1.19790000e+00,9.99767149e-07,
1.20120000e+00,1.00031998e-06,1.20120000e+00,1.00129614e-06,1.20120000e+00,9.99772885e-07,
1.20450000e+00,1.00038553e-06,1.20450000e+00,1.00133009e-06,1.20450000e+00,9.99778601e-07,
1.20780000e+00,1.00045089e-06,1.20780000e+00,1.00136391e-06,1.20780000e+00,9.99784295e-07,
1.21110000e+00,1.00051606e-06,1.21110000e+00,1.00139761e-06,1.21110000e+00,9.99789969e-07,
1.21440000e+00,1.00058105e-06,1.21440000e+00,1.00143118e-06,1.21440000e+00,9.99795622e-07,
1.21770000e+00,1.00064585e-06,1.21770000e+00,1.00146462e-06,1.21770000e+00,9.99801254e-07,
1.22100000e+00,1.00071046e-06,1.22100000e+00,1.00149794e-06,1.22100000e+00,9.99806866e-07,
1.22430000e+00,1.00077489e-06,1.22430000e+00,1.00153114e-06,1.22430000e+00,9.99812457e-07,
1.22760000e+00,1.00083913e-06,1.22760000e+00,1.00156421e-06,1.22760000e+00,9.99818029e-07,
1.23090000e+00,1.00090319e-06,1.23090000e+00,1.00159716e-06,1.23090000e+00,9.99823580e-07,
1.23420000e+00,1.00096707e-06,1.23420000e+00,1.00162999e-06,1.23420000e+00,9.99829111e-07,
1.23750000e+00,1.00103077e-06,1.23750000e+00,1.00166270e-06,1.23750000e+00,9.99834623e-07,
1.24080000e+00,1.00109429e-06,1.24080000e+00,1.00169529e-06,1.24080000e+00,9.99840114e-07,
1.24410000e+00,1.00115762e-06,1.24410000e+00,1.00172775e-06,1.24410000e+00,9.99845586e-07,
1.24740000e+00,1.00122078e-06,1.24740000e+00,1.00176010e-06,1.24740000e+00,9.99851039e-07,
1.25070000e+00,1.00128376e-06,1.25070000e+00,1.00179233e-06,1.25070000e+00,9.99856472e-07,
1.25400000e+00,1.00134657e-06,1.25400000e+00,1.00182444e-06,1.25400000e+00,9.99861886e-07,
1.25730000e+00,1.00140920e-06,1.25730000e+00,1.00185643e-06,1.25730000e+00,9.99867281e-07,
1.26060000e+00,1.00147165e-06,1.26060000e+00,1.00188831e-06,1.26060000e+00,9.99872656e-07,
1.26390000e+00,1.00153393e-06,1.26390000e+00,1.00192007e-06,1.26390000e+00,9.99878013e-07,
1.26720000e+00,1.00159603e-06,1.26720000e+00,1.00195172e-06,1.26720000e+00,9.99883350e-07,
1.27050000e+00,1.00165796e-06,1.27050000e+00,1.00198325e-06,1.27050000e+00,9.99888669e-07,
1.27380000e+00,1.00171972e-06,1.27380000e+00,1.00201466e-06,1.27380000e+00,9.99893970e-07,
1.27710000e+00,1.00178131e-06,1.27710000e+00,1.00204597e-06,1.27710000e+00,9.99899251e-07,
1.28040000e+00,1.00184273e-06,1.28040000e+00,1.00207716e-06,1.28040000e+00,9.99904515e-07,
1.28370000e+00,1.00190398e-06,1.28370000e+00,1.00210823e-06,1.28370000e+00,9.99909760e-07,
1.28700000e+00,1.00196506e-06,1.28700000e+00,1.00213920e-06,1.28700000e+00,9.99914986e-07,
1.29030000e+00,1.00202597e-06,1.29030000e+00,1.00217005e-06,1.29030000e+00,9.99920195e-07,
1.29360000e+00,1.00208671e-06,1.29360000e+00,1.00220080e-06,1.29360000e+00,9.99925385e-07,
1.29690000e+00,1.00214729e-06,1.29690000e+00,1.00223143e-06,1.29690000e+00,9.99930558e-07,
1.30020000e+00,1.00220770e-06,1.30020000e+00,1.00226195e-06,1.30020000e+00,9.99935712e-07,
1.30350000e+00,1.00226795e-06,1.30350000e+00,1.00229237e-06,1.30350000e+00,9.99940849e-07,
1.30680000e+00,1.00232803e-06,1.30680000e+00,1.00232268e-06,1.30680000e+00,9.99945969e-07,
1.31010000e+00,1.00238795e-06,1.31010000e+00,1.00235287e-06,1.31010000e+00,9.99951070e-07,
1.31340000e+00,1.00244770e-06,1.31340000e+00,1.00238297e-06,1.31340000e+00,9.99956155e-07,
1.31670000e+00,1.00250729e-06,1.31670000e+00,1.00241295e-06,1.31670000e+00,9.99961222e-07,
1.32000000e+00,1.00256673e-06,1.32000000e+00,1.00244283e-06,1.32000000e+00,9.99966271e-07,
1.32330000e+00,1.00262600e-06,1.32330000e+00,1.00247260e-06,1.32330000e+00,9.99971303e-07,
1.32660000e+00,1.00268511e-06,1.32660000e+00,1.00250227e-06,1.32660000e+00,9.99976318e-07,
1.32990000e+00,1.00274406e-06,1.32990000e+00,1.00253184e-06,1.32990000e+00,9.99981316e-07,
1.33320000e+00,1.00280285e-06,1.33320000e+00,1.00256130e-06,1.33320000e+00,9.99986298e-07,
1.33650000e+00,1.00286148e-06,1.33650000e+00,1.00259065e-06,1.33650000e+00,9.99991262e-07,
1.33980000e+00,1.00291996e-06,1.33980000e+00,1.00261991e-06,1.33980000e+00,9.99996210e-07,
1.34310000e+00,1.00297828e-06,1.34310000e+00,1.00264906e-06,1.34310000e+00,1.00000114e-06,
1.34640000e+00,1.00303645e-06,1.34640000e+00,1.00267811e-06,1.34640000e+00,1.00000606e-06,
1.34970000e+00,1.00309446e-06,1.34970000e+00,1.00270706e-06,1.34970000e+00,1.00001095e-06,
1.35300000e+00,1.00315231e-06,1.35300000e+00,1.00273590e-06,1.35300000e+00,1.00001583e-06,
1.35630000e+00,1.00321001e-06,1.35630000e+00,1.00276465e-06,1.35630000e+00,1.00002070e-06,
1.35960000e+00,1.00326756e-06,1.35960000e+00,1.00279330e-06,1.35960000e+00,1.00002555e-06,
1.36290000e+00,1.00332495e-06,1.36290000e+00,1.00282185e-06,1.36290000e+00,1.00003038e-06,
1.36620000e+00,1.00338219e-06,1.36620000e+00,1.00285030e-06,1.36620000e+00,1.00003520e-06,
1.36950000e+00,1.00343929e-06,1.36950000e+00,1.00287865e-06,1.36950000e+00,1.00004000e-06,
1.37280000e+00,1.00349623e-06,1.37280000e+00,1.00290690e-06,1.37280000e+00,1.00004478e-06,
1.37610000e+00,1.00355302e-06,1.37610000e+00,1.00293506e-06,1.37610000e+00,1.00004955e-06,
1.37940000e+00,1.00360966e-06,1.37940000e+00,1.00296312e-06,1.37940000e+00,1.00005431e-06,
1.38270000e+00,1.00366615e-06,1.38270000e+00,1.00299108e-06,1.38270000e+00,1.00005904e-06,
1.38600000e+00,1.00372249e-06,1.38600000e+00,1.00301895e-06,1.38600000e+00,1.00006377e-06,
1.38930000e+00,1.00377869e-06,1.38930000e+00,1.00304672e-06,1.38930000e+00,1.00006847e-06,
1.39260000e+00,1.00383474e-06,1.39260000e+00,1.00307440e-06,1.39260000e+00,1.00007316e-06,
1.39590000e+00,1.00389064e-06,1.39590000e+00,1.00310198e-06,1.39590000e+00,1.00007784e-06,
1.39920000e+00,1.00394640e-06,1.39920000e+00,1.00312947e-06,1.39920000e+00,1.00008250e-06,
1.40250000e+00,1.00400201e-06,1.40250000e+00,1.00315687e-06,1.40250000e+00,1.00008715e-06,
1.40580000e+00,1.00405747e-06,1.40580000e+00,1.00318417e-06,1.40580000e+00,1.00009178e-06,
1.40910000e+00,1.00411280e-06,1.40910000e+00,1.00321138e-06,1.40910000e+00,1.00009639e-06,
1.41240000e+00,1.00416798e-06,1.41240000e+00,1.00323850e-06,1.41240000e+00,1.00010099e-06,
1.41570000e+00,1.00422301e-06,1.41570000e+00,1.00326553e-06,1.41570000e+00,1.00010558e-06,
1.41900000e+00,1.00427791e-06,1.41900000e+00,1.00329247e-06,1.41900000e+00,1.00011015e-06,
1.42230000e+00,1.00433266e-06,1.42230000e+00,1.00331931e-06,1.42230000e+00,1.00011470e-06,
1.42560000e+00,1.00438727e-06,1.42560000e+00,1.00334607e-06,1.42560000e+00,1.00011924e-06,
1.42890000e+00,1.00444174e-06,1.42890000e+00,1.00337273e-06,1.42890000e+00,1.00012377e-06,
1.43220000e+00,1.00449607e-06,1.43220000e+00,1.00339931e-06,1.43220000e+00,1.00012828e-06,
1.43550000e+00,1.00455026e-06,1.43550000e+00,1.00342580e-06,1.43550000e+00,1.00013278e-06,
1.43880000e+00,1.00460431e-06,1.43880000e+00,1.00345219e-06,1.43880000e+00,1.00013726e-06,
1.44210000e+00,1.00465823e-06,1.44210000e+00,1.00347850e-06,1.44210000e+00,1.00014173e-06,
1.44540000e+00,1.00471200e-06,1.44540000e+00,1.00350473e-06,1.44540000e+00,1.00014619e-06,
1.44870000e+00,1.00476564e-06,1.44870000e+00,1.00353086e-06,1.44870000e+00,1.00015063e-06,
1.45200000e+00,1.00481914e-06,1.45200000e+00,1.00355691e-06,1.45200000e+00,1.00015505e-06,
1.45530000e+00,1.00487251e-06,1.45530000e+00,1.00358288e-06,1.45530000e+00,1.00015946e-06,
1.45860000e+00,1.00492574e-06,1.45860000e+00,1.00360875e-06,1.45860000e+00,1.00016386e-06,
1.46190000e+00,1.00497884e-06,1.46190000e+00,1.00363454e-06,1.46190000e+00,1.00016825e-06,
1.46520000e+00,1.00503180e-06,1.46520000e+00,1.00366025e-06,1.46520000e+00,1.00017262e-06,
1.46850000e+00,1.00508462e-06,1.46850000e+00,1.00368587e-06,1.46850000e+00,1.00017697e-06,
1.47180000e+00,1.00513731e-06,1.47180000e+00,1.00371141e-06,1.47180000e+00,1.00018132e-06,
1.47510000e+00,1.00518987e-06,1.47510000e+00,1.00373686e-06,1.47510000e+00,1.00018565e-06,
1.47840000e+00,1.00524230e-06,1.47840000e+00,1.00376223e-06,1.47840000e+00,1.00018996e-06,
1.48170000e+00,1.00529460e-06,1.48170000e+00,1.00378752e-06,1.48170000e+00,1.00019426e-06,
1.48500000e+00,1.00534676e-06,1.48500000e+00,1.00381272e-06,1.48500000e+00,1.00019855e-06,
1.48830000e+00,1.00539879e-06,1.48830000e+00,1.00383785e-06,1.48830000e+00,1.00020283e-06,
1.49160000e+00,1.00545070e-06,1.49160000e+00,1.00386289e-06,1.49160000e+00,1.00020709e-06,
1.49490000e+00,1.00550247e-06,1.49490000e+00,1.00388785e-06,1.49490000e+00,1.00021134e-06,
1.49820000e+00,1.00555411e-06,1.49820000e+00,1.00391272e-06,1.49820000e+00,1.00021557e-06,
1.50150000e+00,1.00560562e-06,1.50150000e+00,1.00393752e-06,1.50150000e+00,1.00021980e-06,
1.50480000e+00,1.00565701e-06,1.50480000e+00,1.00396224e-06,1.50480000e+00,1.00022400e-06,
1.50810000e+00,1.00570826e-06,1.50810000e+00,1.00398687e-06,1.50810000e+00,1.00022820e-06,
1.51140000e+00,1.00575939e-06,1.51140000e+00,1.00401143e-06,1.51140000e+00,1.00023238e-06,
1.51470000e+00,1.00581040e-06,1.51470000e+00,1.00403591e-06,1.51470000e+00,1.00023655e-06,
1.51800000e+00,1.00586127e-06,1.51800000e+00,1.00406031e-06,1.51800000e+00,1.00024071e-06,
1.52130000e+00,1.00591202e-06,1.52130000e+00,1.00408463e-06,1.52130000e+00,1.00024486e-06,
1.52460000e+00,1.00596264e-06,1.52460000e+00,1.00410887e-06,1.52460000e+00,1.00024899e-06,
1.52790000e+00,1.00601314e-06,1.52790000e+00,1.00413304e-06,1.52790000e+00,1.00025311e-06,
1.53120000e+00,1.00606352e-06,1.53120000e+00,1.00415712e-06,1.53120000e+00,1.00025721e-06,
1.53450000e+00,1.00611377e-06,1.53450000e+00,1.00418113e-06,1.53450000e+00,1.00026131e-06,
1.53780000e+00,1.00616389e-06,1.53780000e+00,1.00420507e-06,1.53780000e+00,1.00026539e-06,
1.54110000e+00,1.00621389e-06,1.54110000e+00,1.00422892e-06,1.54110000e+00,1.00026946e-06,
1.54440000e+00,1.00626377e-06,1.54440000e+00,1.00425271e-06,1.54440000e+00,1.00027352e-06,
1.54770000e+00,1.00631353e-06,1.54770000e+00,1.00427641e-06,1.54770000e+00,1.00027756e-06,
1.55100000e+00,1.00636317e-06,1.55100000e+00,1.00430004e-06,1.55100000e+00,1.00028159e-06,
1.55430000e+00,1.00641268e-06,1.55430000e+00,1.00432360e-06,1.55430000e+00,1.00028561e-06,
1.55760000e+00,1.00646207e-06,1.55760000e+00,1.00434708e-06,1.55760000e+00,1.00028962e-06,
1.56090000e+00,1.00651134e-06,1.56090000e+00,1.00437049e-06,1.56090000e+00,1.00029362e-06,
1.56420000e+00,1.00656049e-06,1.56420000e+00,1.00439382e-06,1.56420000e+00,1.00029760e-06,
1.56750000e+00,1.00660953e-06,1.56750000e+00,1.00441708e-06,1.56750000e+00,1.00030157e-06,
1.57080000e+00,1.00665844e-06,1.57080000e+00,1.00444027e-06,1.57080000e+00,1.00030553e-06,
1.57410000e+00,1.00670723e-06,1.57410000e+00,1.00446338e-06,1.57410000e+00,1.00030948e-06,
1.57740000e+00,1.00675591e-06,1.57740000e+00,1.00448642e-06,1.57740000e+00,1.00031341e-06,
1.58070000e+00,1.00680446e-06,1.58070000e+00,1.00450939e-06,1.58070000e+00,1.00031734e-06,
1.58400000e+00,1.00685290e-06,1.58400000e+00,1.00453229e-06,1.58400000e+00,1.00032125e-06,
1.58730000e+00,1.00690122e-06,1.58730000e+00,1.00455512e-06,1.58730000e+00,1.00032515e-06,
1.59060000e+00,1.00694943e-06,1.59060000e+00,1.00457787e-06,1.59060000e+00,1.00032904e-06,
1.59390000e+00,1.00699752e-06,1.59390000e+00,1.00460056e-06,1.59390000e+00,1.00033292e-06,
1.59720000e+00,1.00704549e-06,1.59720000e+00,1.00462317e-06,1.59720000e+00,1.00033678e-06,
1.60050000e+00,1.00709335e-06,1.60050000e+00,1.00464571e-06,1.60050000e+00,1.00034064e-06,
1.60380000e+00,1.00714109e-06,1.60380000e+00,1.00466819e-06,1.60380000e+00,1.00034448e-06,
1.60710000e+00,1.00718871e-06,1.60710000e+00,1.00469059e-06,1.60710000e+00,1.00034831e-06,
1.61040000e+00,1.00723623e-06,1.61040000e+00,1.00471293e-06,1.61040000e+00,1.00035213e-06,
1.61370000e+00,1.00728363e-06,1.61370000e+00,1.00473519e-06,1.61370000e+00,1.00035594e-06,
1.61700000e+00,1.00733091e-06,1.61700000e+00,1.00475739e-06,1.61700000e+00,1.00035974e-06,
1.62030000e+00,1.00737808e-06,1.62030000e+00,1.00477952e-06,1.62030000e+00,1.00036353e-06,
1.62360000e+00,1.00742514e-06,1.62360000e+00,1.00480158e-06,1.62360000e+00,1.00036730e-06,
1.62690000e+00,1.00747209e-06,1.62690000e+00,1.00482357e-06,1.62690000e+00,1.00037107e-06,
1.63020000e+00,1.00751892e-06,1.63020000e+00,1.00484550e-06,1.63020000e+00,1.00037482e-06,
1.63350000e+00,1.00756565e-06,1.63350000e+00,1.00486736e-06,1.63350000e+00,1.00037856e-06,
1.63680000e+00,1.00761226e-06,1.63680000e+00,1.00488915e-06,1.63680000e+00,1.00038230e-06,
1.64010000e+00,1.00765876e-06,1.64010000e+00,1.00491087e-06,1.64010000e+00,1.00038602e-06,
1.64340000e+00,1.00770515e-06,1.64340000e+00,1.00493253e-06,1.64340000e+00,1.00038973e-06,
1.64670000e+00,1.00775143e-06,1.64670000e+00,1.00495412e-06,1.64670000e+00,1.00039343e-06,
1.65000000e+00,1.00779760e-06,1.65000000e+00,1.00497565e-06,1.65000000e+00,1.00039711e-06,
1.65330000e+00,1.00784366e-06,1.65330000e+00,1.00499711e-06,1.65330000e+00,1.00040079e-06,
1.65660000e+00,1.00788962e-06,1.65660000e+00,1.00501851e-06,1.65660000e+00,1.00040446e-06,
1.65990000e+00,1.00793546e-06,1.65990000e+00,1.00503984e-06,1.65990000e+00,1.00040811e-06,
1.66320000e+00,1.00798120e-06,1.66320000e+00,1.00506111e-06,1.66320000e+00,1.00041176e-06,
1.66650000e+00,1.00802683e-06,1.66650000e+00,1.00508232e-06,1.66650000e+00,1.00041540e-06,
1.66980000e+00,1.00807235e-06,1.66980000e+00,1.00510346e-06,1.66980000e+00,1.00041902e-06,
1.67310000e+00,1.00811776e-06,1.67310000e+00,1.00512453e-06,1.67310000e+00,1.00042264e-06,
1.67640000e+00,1.00816307e-06,1.67640000e+00,1.00514555e-06,1.67640000e+00,1.00042624e-06,
1.67970000e+00,1.00820827e-06,1.67970000e+00,1.00516650e-06,1.67970000e+00,1.00042983e-06,
1.68300000e+00,1.00825337e-06,1.68300000e+00,1.00518738e-06,1.68300000e+00,1.00043342e-06,
1.68630000e+00,1.00829836e-06,1.68630000e+00,1.00520821e-06,1.68630000e+00,1.00043699e-06,
1.68960000e+00,1.00834324e-06,1.68960000e+00,1.00522897e-06,1.68960000e+00,1.00044055e-06,
1.69290000e+00,1.00838802e-06,1.69290000e+00,1.00524967e-06,1.69290000e+00,1.00044410e-06,
1.69620000e+00,1.00843269e-06,1.69620000e+00,1.00527031e-06,1.69620000e+00,1.00044765e-06,
1.69950000e+00,1.00847726e-06,1.69950000e+00,1.00529089e-06,1.69950000e+00,1.00045118e-06,
1.70280000e+00,1.00852173e-06,1.70280000e+00,1.00531141e-06,1.70280000e+00,1.00045470e-06,
1.70610000e+00,1.00856610e-06,1.70610000e+00,1.00533186e-06,1.70610000e+00,1.00045821e-06,
1.70940000e+00,1.00861036e-06,1.70940000e+00,1.00535226e-06,1.70940000e+00,1.00046172e-06,
1.71270000e+00,1.00865451e-06,1.71270000e+00,1.00537259e-06,1.71270000e+00,1.00046521e-06,
1.71600000e+00,1.00869857e-06,1.71600000e+00,1.00539287e-06,1.71600000e+00,1.00046869e-06,
1.71930000e+00,1.00874252e-06,1.71930000e+00,1.00541308e-06,1.71930000e+00,1.00047217e-06,
1.72260000e+00,1.00878637e-06,1.72260000e+00,1.00543324e-06,1.72260000e+00,1.00047563e-06,
1.72590000e+00,1.00883012e-06,1.72590000e+00,1.00545333e-06,1.72590000e+00,1.00047908e-06,
1.72920000e+00,1.00887377e-06,1.72920000e+00,1.00547337e-06,1.72920000e+00,1.00048253e-06,
1.73250000e+00,1.00891732e-06,1.73250000e+00,1.00549335e-06,1.73250000e+00,1.00048596e-06,
1.73580000e+00,1.00896077e-06,1.73580000e+00,1.00551327e-06,1.73580000e+00,1.00048938e-06,
1.73910000e+00,1.00900411e-06,1.73910000e+00,1.00553313e-06,1.73910000e+00,1.00049280e-06,
1.74240000e+00,1.00904736e-06,1.74240000e+00,1.00555293e-06,1.74240000e+00,1.00049620e-06,
1.74570000e+00,1.00909051e-06,1.74570000e+00,1.00557268e-06,1.74570000e+00,1.00049960e-06,
1.74900000e+00,1.00913356e-06,1.74900000e+00,1.00559237e-06,1.74900000e+00,1.00050299e-06,
1.75230000e+00,1.00917651e-06,1.75230000e+00,1.00561200e-06,1.75230000e+00,1.00050636e-06,
1.75560000e+00,1.00921936e-06,1.75560000e+00,1.00563157e-06,1.75560000e+00,1.00050973e-06,
1.75890000e+00,1.00926211e-06,1.75890000e+00,1.00565109e-06,1.75890000e+00,1.00051309e-06,
1.76220000e+00,1.00930477e-06,1.76220000e+00,1.00567055e-06,1.76220000e+00,1.00051644e-06,
1.76550000e+00,1.00934733e-06,1.76550000e+00,1.00568995e-06,1.76550000e+00,1.00051978e-06,
1.76880000e+00,1.00938979e-06,1.76880000e+00,1.00570930e-06,1.76880000e+00,1.00052311e-06,
1.77210000e+00,1.00943215e-06,1.77210000e+00,1.00572859e-06,1.77210000e+00,1.00052643e-06,
1.77540000e+00,1.00947442e-06,1.77540000e+00,1.00574783e-06,1.77540000e+00,1.00052974e-06,
1.77870000e+00,1.00951659e-06,1.77870000e+00,1.00576701e-06,1.77870000e+00,1.00053304e-06,
1.78200000e+00,1.00955867e-06,1.78200000e+00,1.00578614e-06,1.78200000e+00,1.00053634e-06,
1.78530000e+00,1.00960065e-06,1.78530000e+00,1.00580521e-06,1.78530000e+00,1.00053962e-06,
1.78860000e+00,1.00964253e-06,1.78860000e+00,1.00582423e-06,1.78860000e+00,1.00054290e-06,
1.79190000e+00,1.00968432e-06,1.79190000e+00,1.00584319e-06,1.79190000e+00,1.00054616e-06,
1.79520000e+00,1.00972602e-06,1.79520000e+00,1.00586210e-06,1.79520000e+00,1.00054942e-06,
1.79850000e+00,1.00976762e-06,1.79850000e+00,1.00588095e-06,1.79850000e+00,1.00055267e-06,
1.80180000e+00,1.00980913e-06,1.80180000e+00,1.00589975e-06,1.80180000e+00,1.00055591e-06,
1.80510000e+00,1.00985054e-06,1.80510000e+00,1.00591850e-06,1.80510000e+00,1.00055914e-06,
1.80840000e+00,1.00989186e-06,1.80840000e+00,1.00593719e-06,1.80840000e+00,1.00056236e-06,
1.81170000e+00,1.00993308e-06,1.81170000e+00,1.00595583e-06,1.81170000e+00,1.00056558e-06,
1.81500000e+00,1.00997422e-06,1.81500000e+00,1.00597442e-06,1.81500000e+00,1.00056878e-06,
1.81830000e+00,1.01001526e-06,1.81830000e+00,1.00599295e-06,1.81830000e+00,1.00057198e-06,
1.82160000e+00,1.01005621e-06,1.82160000e+00,1.00601144e-06,1.82160000e+00,1.00057516e-06,
1.82490000e+00,1.01009706e-06,1.82490000e+00,1.00602987e-06,1.82490000e+00,1.00057834e-06,
1.82820000e+00,1.01013783e-06,1.82820000e+00,1.00604825e-06,1.82820000e+00,1.00058151e-06,
1.83150000e+00,1.01017850e-06,1.83150000e+00,1.00606657e-06,1.83150000e+00,1.00058468e-06,
1.83480000e+00,1.01021908e-06,1.83480000e+00,1.00608485e-06,1.83480000e+00,1.00058783e-06,
1.83810000e+00,1.01025957e-06,1.83810000e+00,1.00610307e-06,1.83810000e+00,1.00059097e-06,
1.84140000e+00,1.01029997e-06,1.84140000e+00,1.00612124e-06,1.84140000e+00,1.00059411e-06,
1.84470000e+00,1.01034028e-06,1.84470000e+00,1.00613937e-06,1.84470000e+00,1.00059724e-06,
1.84800000e+00,1.01038051e-06,1.84800000e+00,1.00615744e-06,1.84800000e+00,1.00060036e-06,
1.85130000e+00,1.01042064e-06,1.85130000e+00,1.00617546e-06,1.85130000e+00,1.00060347e-06,
1.85460000e+00,1.01046068e-06,1.85460000e+00,1.00619343e-06,1.85460000e+00,1.00060657e-06,
1.85790000e+00,1.01050063e-06,1.85790000e+00,1.00621135e-06,1.85790000e+00,1.00060966e-06,
1.86120000e+00,1.01054049e-06,1.86120000e+00,1.00622922e-06,1.86120000e+00,1.00061275e-06,
1.86450000e+00,1.01058027e-06,1.86450000e+00,1.00624704e-06,1.86450000e+00,1.00061583e-06,
1.86780000e+00,1.01061995e-06,1.86780000e+00,1.00626481e-06,1.86780000e+00,1.00061890e-06,
1.87110000e+00,1.01065955e-06,1.87110000e+00,1.00628253e-06,1.87110000e+00,1.00062196e-06,
1.87440000e+00,1.01069906e-06,1.87440000e+00,1.00630021e-06,1.87440000e+00,1.00062501e-06,
1.87770000e+00,1.01073849e-06,1.87770000e+00,1.00631783e-06,1.87770000e+00,1.00062806e-06,
1.88100000e+00,1.01077782e-06,1.88100000e+00,1.00633541e-06,1.88100000e+00,1.00063110e-06,
1.88430000e+00,1.01081707e-06,1.88430000e+00,1.00635294e-06,1.88430000e+00,1.00063413e-06,
1.88760000e+00,1.01085623e-06,1.88760000e+00,1.00637041e-06,1.88760000e+00,1.00063715e-06,
1.89090000e+00,1.01089531e-06,1.89090000e+00,1.00638785e-06,1.89090000e+00,1.00064016e-06,
1.89420000e+00,1.01093430e-06,1.89420000e+00,1.00640523e-06,1.89420000e+00,1.00064316e-06,
1.89750000e+00,1.01097320e-06,1.89750000e+00,1.00642256e-06,1.89750000e+00,1.00064616e-06,
1.90080000e+00,1.01101202e-06,1.90080000e+00,1.00643985e-06,1.90080000e+00,1.00064915e-06,
1.90410000e+00,1.01105076e-06,1.90410000e+00,1.00645709e-06,1.90410000e+00,1.00065213e-06,
1.90740000e+00,1.01108940e-06,1.90740000e+00,1.00647429e-06,1.90740000e+00,1.00065511e-06,
1.91070000e+00,1.01112797e-06,1.91070000e+00,1.00649143e-06,1.91070000e+00,1.00065807e-06,
1.91400000e+00,1.01116645e-06,1.91400000e+00,1.00650853e-06,1.91400000e+00,1.00066103e-06,
1.91730000e+00,1.01120484e-06,1.91730000e+00,1.00652559e-06,1.91730000e+00,1.00066398e-06,
1.92060000e+00,1.01124315e-06,1.92060000e+00,1.00654260e-06,1.92060000e+00,1.00066693e-06,
1.92390000e+00,1.01128138e-06,1.92390000e+00,1.00655956e-06,1.92390000e+00,1.00066986e-06,
1.92720000e+00,1.01131952e-06,1.92720000e+00,1.00657647e-06,1.92720000e+00,1.00067279e-06,
1.93050000e+00,1.01135758e-06,1.93050000e+00,1.00659334e-06,1.93050000e+00,1.00067571e-06,
1.93380000e+00,1.01139556e-06,1.93380000e+00,1.00661017e-06,1.93380000e+00,1.00067862e-06,
1.93710000e+00,1.01143345e-06,1.93710000e+00,1.00662694e-06,1.93710000e+00,1.00068153e-06,
1.94040000e+00,1.01147126e-06,1.94040000e+00,1.00664368e-06,1.94040000e+00,1.00068442e-06,
1.94370000e+00,1.01150899e-06,1.94370000e+00,1.00666037e-06,1.94370000e+00,1.00068731e-06,
1.94700000e+00,1.01154664e-06,1.94700000e+00,1.00667701e-06,1.94700000e+00,1.00069019e-06,
1.95030000e+00,1.01158420e-06,1.95030000e+00,1.00669361e-06,1.95030000e+00,1.00069307e-06,
1.95360000e+00,1.01162169e-06,1.95360000e+00,1.00671016e-06,1.95360000e+00,1.00069594e-06,
1.95690000e+00,1.01165909e-06,1.95690000e+00,1.00672667e-06,1.95690000e+00,1.00069880e-06,
1.96020000e+00,1.01169641e-06,1.96020000e+00,1.00674314e-06,1.96020000e+00,1.00070165e-06,
1.96350000e+00,1.01173365e-06,1.96350000e+00,1.00675956e-06,1.96350000e+00,1.00070450e-06,
1.96680000e+00,1.01177082e-06,1.96680000e+00,1.00677594e-06,1.96680000e+00,1.00070733e-06,
1.97010000e+00,1.01180790e-06,1.97010000e+00,1.00679228e-06,1.97010000e+00,1.00071016e-06,
1.97340000e+00,1.01184490e-06,1.97340000e+00,1.00680857e-06,1.97340000e+00,1.00071299e-06,
1.97670000e+00,1.01188182e-06,1.97670000e+00,1.00682481e-06,1.97670000e+00,1.00071580e-06,
1.98000000e+00,1.01191866e-06,1.98000000e+00,1.00684102e-06,1.98000000e+00,1.00071861e-06,
1.98330000e+00,1.01195542e-06,1.98330000e+00,1.00685718e-06,1.98330000e+00,1.00072142e-06,
1.98660000e+00,1.01199210e-06,1.98660000e+00,1.00687330e-06,1.98660000e+00,1.00072421e-06,
1.98990000e+00,1.01202871e-06,1.98990000e+00,1.00688938e-06,1.98990000e+00,1.00072700e-06,
1.99320000e+00,1.01206523e-06,1.99320000e+00,1.00690541e-06,1.99320000e+00,1.00072978e-06,
1.99650000e+00,1.01210168e-06,1.99650000e+00,1.00692140e-06,1.99650000e+00,1.00073255e-06,
1.99980000e+00,1.01213805e-06,1.99980000e+00,1.00693735e-06,1.99980000e+00,1.00073532e-06,
2.00310000e+00,1.01217434e-06,2.00310000e+00,1.00695326e-06,2.00310000e+00,1.00073808e-06,
2.00640000e+00,1.01221055e-06,2.00640000e+00,1.00696913e-06,2.00640000e+00,1.00074083e-06,
2.00970000e+00,1.01224668e-06,2.00970000e+00,1.00698495e-06,2.00970000e+00,1.00074358e-06,
2.01300000e+00,1.01228274e-06,2.01300000e+00,1.00700074e-06,2.01300000e+00,1.00074632e-06,
2.01630000e+00,1.01231872e-06,2.01630000e+00,1.00701648e-06,2.01630000e+00,1.00074905e-06,
2.01960000e+00,1.01235463e-06,2.01960000e+00,1.00703218e-06,2.01960000e+00,1.00075177e-06,
2.02290000e+00,1.01239046e-06,2.02290000e+00,1.00704784e-06,2.02290000e+00,1.00075449e-06,
2.02620000e+00,1.01242621e-06,2.02620000e+00,1.00706346e-06,2.02620000e+00,1.00075720e-06,
2.02950000e+00,1.01246189e-06,2.02950000e+00,1.00707904e-06,2.02950000e+00,1.00075991e-06,
2.03280000e+00,1.01249749e-06,2.03280000e+00,1.00709458e-06,2.03280000e+00,1.00076261e-06,
2.03610000e+00,1.01253301e-06,2.03610000e+00,1.00711008e-06,2.03610000e+00,1.00076530e-06,
2.03940000e+00,1.01256846e-06,2.03940000e+00,1.00712554e-06,2.03940000e+00,1.00076798e-06,
2.04270000e+00,1.01260383e-06,2.04270000e+00,1.00714095e-06,2.04270000e+00,1.00077066e-06,
2.04600000e+00,1.01263913e-06,2.04600000e+00,1.00715633e-06,2.04600000e+00,1.00077333e-06,
2.04930000e+00,1.01267436e-06,2.04930000e+00,1.00717167e-06,2.04930000e+00,1.00077600e-06,
2.05260000e+00,1.01270951e-06,2.05260000e+00,1.00718697e-06,2.05260000e+00,1.00077865e-06,
2.05590000e+00,1.01274458e-06,2.05590000e+00,1.00720223e-06,2.05590000e+00,1.00078130e-06,
2.05920000e+00,1.01277958e-06,2.05920000e+00,1.00721745e-06,2.05920000e+00,1.00078395e-06,
2.06250000e+00,1.01281451e-06,2.06250000e+00,1.00723263e-06,2.06250000e+00,1.00078659e-06,
2.06580000e+00,1.01284936e-06,2.06580000e+00,1.00724777e-06,2.06580000e+00,1.00078922e-06,
2.06910000e+00,1.01288414e-06,2.06910000e+00,1.00726288e-06,2.06910000e+00,1.00079184e-06,
2.07240000e+00,1.01291885e-06,2.07240000e+00,1.00727794e-06,2.07240000e+00,1.00079446e-06,
2.07570000e+00,1.01295349e-06,2.07570000e+00,1.00729297e-06,2.07570000e+00,1.00079708e-06,
2.07900000e+00,1.01298805e-06,2.07900000e+00,1.00730796e-06,2.07900000e+00,1.00079968e-06,
2.08230000e+00,1.01302254e-06,2.08230000e+00,1.00732291e-06,2.08230000e+00,1.00080228e-06,
2.08560000e+00,1.01305695e-06,2.08560000e+00,1.00733782e-06,2.08560000e+00,1.00080487e-06,
2.08890000e+00,1.01309130e-06,2.08890000e+00,1.00735270e-06,2.08890000e+00,1.00080746e-06,
2.09220000e+00,1.01312557e-06,2.09220000e+00,1.00736754e-06,2.09220000e+00,1.00081004e-06,
2.09550000e+00,1.01315977e-06,2.09550000e+00,1.00738233e-06,2.09550000e+00,1.00081261e-06,
2.09880000e+00,1.01319390e-06,2.09880000e+00,1.00739710e-06,2.09880000e+00,1.00081518e-06,
2.10210000e+00,1.01322796e-06,2.10210000e+00,1.00741182e-06,2.10210000e+00,1.00081774e-06,
2.10540000e+00,1.01326195e-06,2.10540000e+00,1.00742651e-06,2.10540000e+00,1.00082030e-06,
2.10870000e+00,1.01329586e-06,2.10870000e+00,1.00744116e-06,2.10870000e+00,1.00082285e-06,
2.11200000e+00,1.01332971e-06,2.11200000e+00,1.00745578e-06,2.11200000e+00,1.00082539e-06,
2.11530000e+00,1.01336348e-06,2.11530000e+00,1.00747035e-06,2.11530000e+00,1.00082793e-06,
2.11860000e+00,1.01339719e-06,2.11860000e+00,1.00748489e-06,2.11860000e+00,1.00083046e-06,
2.12190000e+00,1.01343082e-06,2.12190000e+00,1.00749940e-06,2.12190000e+00,1.00083298e-06,
2.12520000e+00,1.01346439e-06,2.12520000e+00,1.00751387e-06,2.12520000e+00,1.00083550e-06,
2.12850000e+00,1.01349788e-06,2.12850000e+00,1.00752830e-06,2.12850000e+00,1.00083801e-06,
2.13180000e+00,1.01353131e-06,2.13180000e+00,1.00754269e-06,2.13180000e+00,1.00084052e-06,
2.13510000e+00,1.01356467e-06,2.13510000e+00,1.00755705e-06,2.13510000e+00,1.00084302e-06,
2.13840000e+00,1.01359795e-06,2.13840000e+00,1.00757138e-06,2.13840000e+00,1.00084552e-06,
2.14170000e+00,1.01363117e-06,2.14170000e+00,1.00758567e-06,2.14170000e+00,1.00084800e-06,
2.14500000e+00,1.01366432e-06,2.14500000e+00,1.00759992e-06,2.14500000e+00,1.00085049e-06,
2.14830000e+00,1.01369741e-06,2.14830000e+00,1.00761414e-06,2.14830000e+00,1.00085296e-06,
2.15160000e+00,1.01373042e-06,2.15160000e+00,1.00762832e-06,2.15160000e+00,1.00085543e-06,
2.15490000e+00,1.01376337e-06,2.15490000e+00,1.00764247e-06,2.15490000e+00,1.00085790e-06,
2.15820000e+00,1.01379624e-06,2.15820000e+00,1.00765659e-06,2.15820000e+00,1.00086036e-06,
2.16150000e+00,1.01382905e-06,2.16150000e+00,1.00767066e-06,2.16150000e+00,1.00086281e-06,
2.16480000e+00,1.01386180e-06,2.16480000e+00,1.00768471e-06,2.16480000e+00,1.00086526e-06,
2.16810000e+00,1.01389447e-06,2.16810000e+00,1.00769872e-06,2.16810000e+00,1.00086770e-06,
2.17140000e+00,1.01392708e-06,2.17140000e+00,1.00771269e-06,2.17140000e+00,1.00087014e-06,
2.17470000e+00,1.01395962e-06,2.17470000e+00,1.00772663e-06,2.17470000e+00,1.00087257e-06,
2.17800000e+00,1.01399210e-06,2.17800000e+00,1.00774054e-06,2.17800000e+00,1.00087499e-06,
2.18130000e+00,1.01402450e-06,2.18130000e+00,1.00775441e-06,2.18130000e+00,1.00087741e-06,
2.18460000e+00,1.01405685e-06,2.18460000e+00,1.00776825e-06,2.18460000e+00,1.00087982e-06,
2.18790000e+00,1.01408912e-06,2.18790000e+00,1.00778206e-06,2.18790000e+00,1.00088223e-06,
2.19120000e+00,1.01412133e-06,2.19120000e+00,1.00779583e-06,2.19120000e+00,1.00088463e-06,
2.19450000e+00,1.01415348e-06,2.19450000e+00,1.00780957e-06,2.19450000e+00,1.00088703e-06,
2.19780000e+00,1.01418556e-06,2.19780000e+00,1.00782328e-06,2.19780000e+00,1.00088942e-06,
2.20110000e+00,1.01421757e-06,2.20110000e+00,1.00783695e-06,2.20110000e+00,1.00089180e-06,
2.20440000e+00,1.01424952e-06,2.20440000e+00,1.00785059e-06,2.20440000e+00,1.00089418e-06,
2.20770000e+00,1.01428140e-06,2.20770000e+00,1.00786419e-06,2.20770000e+00,1.00089655e-06,
2.21100000e+00,1.01431322e-06,2.21100000e+00,1.00787777e-06,2.21100000e+00,1.00089892e-06,
2.21430000e+00,1.01434498e-06,2.21430000e+00,1.00789131e-06,2.21430000e+00,1.00090128e-06,
2.21760000e+00,1.01437667e-06,2.21760000e+00,1.00790482e-06,2.21760000e+00,1.00090364e-06,
2.22090000e+00,1.01440829e-06,2.22090000e+00,1.00791829e-06,2.22090000e+00,1.00090599e-06,
2.22420000e+00,1.01443985e-06,2.22420000e+00,1.00793174e-06,2.22420000e+00,1.00090834e-06,
2.22750000e+00,1.01447135e-06,2.22750000e+00,1.00794515e-06,2.22750000e+00,1.00091068e-06,
2.23080000e+00,1.01450279e-06,2.23080000e+00,1.00795853e-06,2.23080000e+00,1.00091302e-06,
2.23410000e+00,1.01453416e-06,2.23410000e+00,1.00797188e-06,2.23410000e+00,1.00091535e-06,
2.23740000e+00,1.01456546e-06,2.23740000e+00,1.00798519e-06,2.23740000e+00,1.00091767e-06,
2.24070000e+00,1.01459671e-06,2.24070000e+00,1.00799848e-06,2.24070000e+00,1.00091999e-06,
2.24400000e+00,1.01462789e-06,2.24400000e+00,1.00801173e-06,2.24400000e+00,1.00092231e-06,
2.24730000e+00,1.01465901e-06,2.24730000e+00,1.00802495e-06,2.24730000e+00,1.00092461e-06,
2.25060000e+00,1.01469007e-06,2.25060000e+00,1.00803814e-06,2.25060000e+00,1.00092692e-06,
2.25390000e+00,1.01472106e-06,2.25390000e+00,1.00805130e-06,2.25390000e+00,1.00092922e-06,
2.25720000e+00,1.01475199e-06,2.25720000e+00,1.00806443e-06,2.25720000e+00,1.00093151e-06,
2.26050000e+00,1.01478286e-06,2.26050000e+00,1.00807753e-06,2.26050000e+00,1.00093380e-06,
2.26380000e+00,1.01481367e-06,2.26380000e+00,1.00809059e-06,2.26380000e+00,1.00093608e-06,
2.26710000e+00,1.01484442e-06,2.26710000e+00,1.00810363e-06,2.26710000e+00,1.00093836e-06,
2.27040000e+00,1.01487510e-06,2.27040000e+00,1.00811663e-06,2.27040000e+00,1.00094063e-06,
2.27370000e+00,1.01490573e-06,2.27370000e+00,1.00812961e-06,2.27370000e+00,1.00094290e-06,
2.27700000e+00,1.01493629e-06,2.27700000e+00,1.00814255e-06,2.27700000e+00,1.00094516e-06,
2.28030000e+00,1.01496679e-06,2.28030000e+00,1.00815547e-06,2.28030000e+00,1.00094742e-06,
2.28360000e+00,1.01499723e-06,2.28360000e+00,1.00816835e-06,2.28360000e+00,1.00094967e-06,
2.28690000e+00,1.01502761e-06,2.28690000e+00,1.00818121e-06,2.28690000e+00,1.00095192e-06,
2.29020000e+00,1.01505793e-06,2.29020000e+00,1.00819403e-06,2.29020000e+00,1.00095416e-06,
2.29350000e+00,1.01508819e-06,2.29350000e+00,1.00820683e-06,2.29350000e+00,1.00095640e-06,
2.29680000e+00,1.01511839e-06,2.29680000e+00,1.00821959e-06,2.29680000e+00,1.00095864e-06,
2.30010000e+00,1.01514853e-06,2.30010000e+00,1.00823233e-06,2.30010000e+00,1.00096086e-06,
2.30340000e+00,1.01517861e-06,2.30340000e+00,1.00824504e-06,2.30340000e+00,1.00096309e-06,
2.30670000e+00,1.01520863e-06,2.30670000e+00,1.00825771e-06,2.30670000e+00,1.00096530e-06,
2.31000000e+00,1.01523860e-06,2.31000000e+00,1.00827036e-06,2.31000000e+00,1.00096752e-06,
2.31330000e+00,1.01526850e-06,2.31330000e+00,1.00828298e-06,2.31330000e+00,1.00096973e-06,
2.31660000e+00,1.01529834e-06,2.31660000e+00,1.00829557e-06,2.31660000e+00,1.00097193e-06,
2.31990000e+00,1.01532813e-06,2.31990000e+00,1.00830813e-06,2.31990000e+00,1.00097413e-06,
2.32320000e+00,1.01535785e-06,2.32320000e+00,1.00832067e-06,2.32320000e+00,1.00097632e-06,
2.32650000e+00,1.01538752e-06,2.32650000e+00,1.00833317e-06,2.32650000e+00,1.00097851e-06,
2.32980000e+00,1.01541713e-06,2.32980000e+00,1.00834565e-06,2.32980000e+00,1.00098070e-06,
2.33310000e+00,1.01544668e-06,2.33310000e+00,1.00835810e-06,2.33310000e+00,1.00098288e-06,
2.33640000e+00,1.01547618e-06,2.33640000e+00,1.00837052e-06,2.33640000e+00,1.00098505e-06,
2.33970000e+00,1.01550561e-06,2.33970000e+00,1.00838291e-06,2.33970000e+00,1.00098722e-06,
2.34300000e+00,1.01553499e-06,2.34300000e+00,1.00839527e-06,2.34300000e+00,1.00098939e-06,
2.34630000e+00,1.01556431e-06,2.34630000e+00,1.00840761e-06,2.34630000e+00,1.00099155e-06,
2.34960000e+00,1.01559358e-06,2.34960000e+00,1.00841992e-06,2.34960000e+00,1.00099371e-06,
2.35290000e+00,1.01562278e-06,2.35290000e+00,1.00843220e-06,2.35290000e+00,1.00099586e-06,
2.35620000e+00,1.01565193e-06,2.35620000e+00,1.00844446e-06,2.35620000e+00,1.00099801e-06,
2.35950000e+00,1.01568103e-06,2.35950000e+00,1.00845668e-06,2.35950000e+00,1.00100015e-06,
2.36280000e+00,1.01571006e-06,2.36280000e+00,1.00846888e-06,2.36280000e+00,1.00100229e-06,
2.36610000e+00,1.01573904e-06,2.36610000e+00,1.00848106e-06,2.36610000e+00,1.00100443e-06,
2.36940000e+00,1.01576797e-06,2.36940000e+00,1.00849320e-06,2.36940000e+00,1.00100656e-06,
2.37270000e+00,1.01579683e-06,2.37270000e+00,1.00850532e-06,2.37270000e+00,1.00100868e-06,
2.37600000e+00,1.01582565e-06,2.37600000e+00,1.00851741e-06,2.37600000e+00,1.00101081e-06,
2.37930000e+00,1.01585440e-06,2.37930000e+00,1.00852948e-06,2.37930000e+00,1.00101292e-06,
2.38260000e+00,1.01588310e-06,2.38260000e+00,1.00854152e-06,2.38260000e+00,1.00101504e-06,
2.38590000e+00,1.01591175e-06,2.38590000e+00,1.00855353e-06,2.38590000e+00,1.00101715e-06,
2.38920000e+00,1.01594034e-06,2.38920000e+00,1.00856552e-06,2.38920000e+00,1.00101925e-06,
2.39250000e+00,1.01596888e-06,2.39250000e+00,1.00857748e-06,2.39250000e+00,1.00102135e-06,
2.39580000e+00,1.01599736e-06,2.39580000e+00,1.00858941e-06,2.39580000e+00,1.00102345e-06,
2.39910000e+00,1.01602578e-06,2.39910000e+00,1.00860132e-06,2.39910000e+00,1.00102554e-06,
2.40240000e+00,1.01605416e-06,2.40240000e+00,1.00861320e-06,2.40240000e+00,1.00102763e-06,
2.40570000e+00,1.01608247e-06,2.40570000e+00,1.00862506e-06,2.40570000e+00,1.00102971e-06,
2.40900000e+00,1.01611074e-06,2.40900000e+00,1.00863689e-06,2.40900000e+00,1.00103179e-06,
2.41230000e+00,1.01613895e-06,2.41230000e+00,1.00864870e-06,2.41230000e+00,1.00103386e-06,
2.41560000e+00,1.01616710e-06,2.41560000e+00,1.00866048e-06,2.41560000e+00,1.00103594e-06,
2.41890000e+00,1.01619520e-06,2.41890000e+00,1.00867223e-06,2.41890000e+00,1.00103800e-06,
2.42220000e+00,1.01622325e-06,2.42220000e+00,1.00868396e-06,2.42220000e+00,1.00104007e-06,
2.42550000e+00,1.01625125e-06,2.42550000e+00,1.00869567e-06,2.42550000e+00,1.00104213e-06,
2.42880000e+00,1.01627919e-06,2.42880000e+00,1.00870735e-06,2.42880000e+00,1.00104418e-06,
2.43210000e+00,1.01630708e-06,2.43210000e+00,1.00871901e-06,2.43210000e+00,1.00104623e-06,
2.43540000e+00,1.01633491e-06,2.43540000e+00,1.00873064e-06,2.43540000e+00,1.00104828e-06,
2.43870000e+00,1.01636270e-06,2.43870000e+00,1.00874224e-06,2.43870000e+00,1.00105033e-06,
2.44200000e+00,1.01639043e-06,2.44200000e+00,1.00875383e-06,2.44200000e+00,1.00105237e-06,
2.44530000e+00,1.01641811e-06,2.44530000e+00,1.00876539e-06,2.44530000e+00,1.00105440e-06,
2.44860000e+00,1.01644574e-06,2.44860000e+00,1.00877692e-06,2.44860000e+00,1.00105644e-06,
2.45190000e+00,1.01647331e-06,2.45190000e+00,1.00878843e-06,2.45190000e+00,1.00105847e-06,
2.45520000e+00,1.01650083e-06,2.45520000e+00,1.00879992e-06,2.45520000e+00,1.00106049e-06,
2.45850000e+00,1.01652831e-06,2.45850000e+00,1.00881138e-06,2.45850000e+00,1.00106251e-06,
2.46180000e+00,1.01655573e-06,2.46180000e+00,1.00882282e-06,2.46180000e+00,1.00106453e-06,
2.46510000e+00,1.01658310e-06,2.46510000e+00,1.00883424e-06,2.46510000e+00,1.00106655e-06,
2.46840000e+00,1.01661041e-06,2.46840000e+00,1.00884563e-06,2.46840000e+00,1.00106856e-06,
2.47170000e+00,1.01663768e-06,2.47170000e+00,1.00885700e-06,2.47170000e+00,1.00107057e-06,
2.47500000e+00,1.01666490e-06,2.47500000e+00,1.00886834e-06,2.47500000e+00,1.00107257e-06,
2.47830000e+00,1.01669206e-06,2.47830000e+00,1.00887967e-06,2.47830000e+00,1.00107457e-06,
2.48160000e+00,1.01671918e-06,2.48160000e+00,1.00889097e-06,2.48160000e+00,1.00107657e-06,
2.48490000e+00,1.01674624e-06,2.48490000e+00,1.00890224e-06,2.48490000e+00,1.00107856e-06,
2.48820000e+00,1.01677326e-06,2.48820000e+00,1.00891350e-06,2.48820000e+00,1.00108055e-06,
2.49150000e+00,1.01680023e-06,2.49150000e+00,1.00892473e-06,2.49150000e+00,1.00108254e-06,
2.49480000e+00,1.01682714e-06,2.49480000e+00,1.00893594e-06,2.49480000e+00,1.00108452e-06,
2.49810000e+00,1.01685401e-06,2.49810000e+00,1.00894713e-06,2.49810000e+00,1.00108651e-06,
2.50140000e+00,1.01688083e-06,2.50140000e+00,1.00895829e-06,2.50140000e+00,1.00108848e-06,
2.50470000e+00,1.01690759e-06,2.50470000e+00,1.00896944e-06,2.50470000e+00,1.00109046e-06,
2.50800000e+00,1.01693431e-06,2.50800000e+00,1.00898056e-06,2.50800000e+00,1.00109243e-06,
2.51130000e+00,1.01696098e-06,2.51130000e+00,1.00899166e-06,2.51130000e+00,1.00109440e-06,
2.51460000e+00,1.01698760e-06,2.51460000e+00,1.00900274e-06,2.51460000e+00,1.00109636e-06,
2.51790000e+00,1.01701418e-06,2.51790000e+00,1.00901379e-06,2.51790000e+00,1.00109833e-06,
2.52120000e+00,1.01704070e-06,2.52120000e+00,1.00902483e-06,2.52120000e+00,1.00110029e-06,
2.52450000e+00,1.01706718e-06,2.52450000e+00,1.00903584e-06,2.52450000e+00,1.00110224e-06,
2.52780000e+00,1.01709361e-06,2.52780000e+00,1.00904684e-06,2.52780000e+00,1.00110420e-06,
2.53110000e+00,1.01711999e-06,2.53110000e+00,1.00905781e-06,2.53110000e+00,1.00110615e-06,
2.53440000e+00,1.01714632e-06,2.53440000e+00,1.00906876e-06,2.53440000e+00,1.00110810e-06,
2.53770000e+00,1.01717261e-06,2.53770000e+00,1.00907969e-06,2.53770000e+00,1.00111004e-06,
2.54100000e+00,1.01719885e-06,2.54100000e+00,1.00909060e-06,2.54100000e+00,1.00111199e-06,
2.54430000e+00,1.01722504e-06,2.54430000e+00,1.00910149e-06,2.54430000e+00,1.00111393e-06,
2.54760000e+00,1.01725119e-06,2.54760000e+00,1.00911236e-06,2.54760000e+00,1.00111586e-06,
2.55090000e+00,1.01727728e-06,2.55090000e+00,1.00912321e-06,2.55090000e+00,1.00111780e-06,
2.55420000e+00,1.01730334e-06,2.55420000e+00,1.00913404e-06,2.55420000e+00,1.00111973e-06,
2.55750000e+00,1.01732934e-06,2.55750000e+00,1.00914485e-06,2.55750000e+00,1.00112166e-06,
2.56080000e+00,1.01735530e-06,2.56080000e+00,1.00915564e-06,2.56080000e+00,1.00112359e-06,
2.56410000e+00,1.01738121e-06,2.56410000e+00,1.00916641e-06,2.56410000e+00,1.00112552e-06,
2.56740000e+00,1.01740708e-06,2.56740000e+00,1.00917716e-06,2.56740000e+00,1.00112744e-06,
2.57070000e+00,1.01743290e-06,2.57070000e+00,1.00918789e-06,2.57070000e+00,1.00112936e-06,
2.57400000e+00,1.01745868e-06,2.57400000e+00,1.00919860e-06,2.57400000e+00,1.00113128e-06,
2.57730000e+00,1.01748441e-06,2.57730000e+00,1.00920929e-06,2.57730000e+00,1.00113319e-06,
2.58060000e+00,1.01751010e-06,2.58060000e+00,1.00921996e-06,2.58060000e+00,1.00113511e-06,
2.58390000e+00,1.01753574e-06,2.58390000e+00,1.00923062e-06,2.58390000e+00,1.00113702e-06,
2.58720000e+00,1.01756134e-06,2.58720000e+00,1.00924125e-06,2.58720000e+00,1.00113893e-06,
2.59050000e+00,1.01758689e-06,2.59050000e+00,1.00925187e-06,2.59050000e+00,1.00114084e-06,
2.59380000e+00,1.01761240e-06,2.59380000e+00,1.00926247e-06,2.59380000e+00,1.00114275e-06,
2.59710000e+00,1.01763786e-06,2.59710000e+00,1.00927305e-06,2.59710000e+00,1.00114465e-06,
2.60040000e+00,1.01766328e-06,2.60040000e+00,1.00928362e-06,2.60040000e+00,1.00114656e-06,
2.60370000e+00,1.01768866e-06,2.60370000e+00,1.00929416e-06,2.60370000e+00,1.00114846e-06,
2.60700000e+00,1.01771399e-06,2.60700000e+00,1.00930469e-06,2.60700000e+00,1.00115036e-06,
2.61030000e+00,1.01773928e-06,2.61030000e+00,1.00931520e-06,2.61030000e+00,1.00115225e-06,
2.61360000e+00,1.01776453e-06,2.61360000e+00,1.00932569e-06,2.61360000e+00,1.00115415e-06,
2.61690000e+00,1.01778973e-06,2.61690000e+00,1.00933616e-06,2.61690000e+00,1.00115605e-06,
2.62020000e+00,1.01781490e-06,2.62020000e+00,1.00934662e-06,2.62020000e+00,1.00115794e-06,
2.62350000e+00,1.01784001e-06,2.62350000e+00,1.00935706e-06,2.62350000e+00,1.00115983e-06,
2.62680000e+00,1.01786509e-06,2.62680000e+00,1.00936748e-06,2.62680000e+00,1.00116172e-06,
2.63010000e+00,1.01789012e-06,2.63010000e+00,1.00937789e-06,2.63010000e+00,1.00116361e-06,
2.63340000e+00,1.01791512e-06,2.63340000e+00,1.00938828e-06,2.63340000e+00,1.00116550e-06,
2.63670000e+00,1.01794007e-06,2.63670000e+00,1.00939866e-06,2.63670000e+00,1.00116739e-06,
2.64000000e+00,1.01796497e-06,2.64000000e+00,1.00940901e-06,2.64000000e+00,1.00116928e-06,
2.64330000e+00,1.01798984e-06,2.64330000e+00,1.00941935e-06,2.64330000e+00,1.00117116e-06,
2.64660000e+00,1.01801467e-06,2.64660000e+00,1.00942968e-06,2.64660000e+00,1.00117305e-06,
2.64990000e+00,1.01803945e-06,2.64990000e+00,1.00943999e-06,2.64990000e+00,1.00117493e-06,
2.65320000e+00,1.01806420e-06,2.65320000e+00,1.00945028e-06,2.65320000e+00,1.00117682e-06,
2.65650000e+00,1.01808890e-06,2.65650000e+00,1.00946056e-06,2.65650000e+00,1.00117870e-06,
2.65980000e+00,1.01811356e-06,2.65980000e+00,1.00947083e-06,2.65980000e+00,1.00118058e-06,
2.66310000e+00,1.01813819e-06,2.66310000e+00,1.00948107e-06,2.66310000e+00,1.00118246e-06,
2.66640000e+00,1.01816277e-06,2.66640000e+00,1.00949131e-06,2.66640000e+00,1.00118434e-06,
2.66970000e+00,1.01818731e-06,2.66970000e+00,1.00950153e-06,2.66970000e+00,1.00118622e-06,
2.67300000e+00,1.01821182e-06,2.67300000e+00,1.00951173e-06,2.67300000e+00,1.00118811e-06,
2.67630000e+00,1.01823628e-06,2.67630000e+00,1.00952192e-06,2.67630000e+00,1.00118999e-06,
2.67960000e+00,1.01826071e-06,2.67960000e+00,1.00953209e-06,2.67960000e+00,1.00119187e-06,
2.68290000e+00,1.01828509e-06,2.68290000e+00,1.00954226e-06,2.68290000e+00,1.00119375e-06,
2.68620000e+00,1.01830944e-06,2.68620000e+00,1.00955240e-06,2.68620000e+00,1.00119563e-06,
2.68950000e+00,1.01833375e-06,2.68950000e+00,1.00956254e-06,2.68950000e+00,1.00119751e-06,
2.69280000e+00,1.01835802e-06,2.69280000e+00,1.00957266e-06,2.69280000e+00,1.00119939e-06,
2.69610000e+00,1.01838226e-06,2.69610000e+00,1.00958276e-06,2.69610000e+00,1.00120127e-06,
2.69940000e+00,1.01840645e-06,2.69940000e+00,1.00959285e-06,2.69940000e+00,1.00120315e-06,
2.70270000e+00,1.01843061e-06,2.70270000e+00,1.00960293e-06,2.70270000e+00,1.00120503e-06,
2.70600000e+00,1.01845473e-06,2.70600000e+00,1.00961300e-06,2.70600000e+00,1.00120692e-06,
2.70930000e+00,1.01847881e-06,2.70930000e+00,1.00962306e-06,2.70930000e+00,1.00120880e-06,
2.71260000e+00,1.01850286e-06,2.71260000e+00,1.00963310e-06,2.71260000e+00,1.00121068e-06,
2.71590000e+00,1.01852687e-06,2.71590000e+00,1.00964313e-06,2.71590000e+00,1.00121257e-06,
2.71920000e+00,1.01855084e-06,2.71920000e+00,1.00965315e-06,2.71920000e+00,1.00121445e-06,
2.72250000e+00,1.01857478e-06,2.72250000e+00,1.00966315e-06,2.72250000e+00,1.00121634e-06,
2.72580000e+00,1.01859868e-06,2.72580000e+00,1.00967315e-06,2.72580000e+00,1.00121823e-06,
2.72910000e+00,1.01862254e-06,2.72910000e+00,1.00968313e-06,2.72910000e+00,1.00122012e-06,
2.73240000e+00,1.01864637e-06,2.73240000e+00,1.00969310e-06,2.73240000e+00,1.00122201e-06,
2.73570000e+00,1.01867017e-06,2.73570000e+00,1.00970306e-06,2.73570000e+00,1.00122390e-06,
2.73900000e+00,1.01869393e-06,2.73900000e+00,1.00971301e-06,2.73900000e+00,1.00122580e-06,
2.74230000e+00,1.01871765e-06,2.74230000e+00,1.00972295e-06,2.74230000e+00,1.00122769e-06,
2.74560000e+00,1.01874134e-06,2.74560000e+00,1.00973288e-06,2.74560000e+00,1.00122959e-06,
2.74890000e+00,1.01876500e-06,2.74890000e+00,1.00974279e-06,2.74890000e+00,1.00123149e-06,
2.75220000e+00,1.01878862e-06,2.75220000e+00,1.00975270e-06,2.75220000e+00,1.00123339e-06,
2.75550000e+00,1.01881220e-06,2.75550000e+00,1.00976260e-06,2.75550000e+00,1.00123529e-06,
2.75880000e+00,1.01883576e-06,2.75880000e+00,1.00977249e-06,2.75880000e+00,1.00123720e-06,
2.76210000e+00,1.01885928e-06,2.76210000e+00,1.00978237e-06,2.76210000e+00,1.00123911e-06,
2.76540000e+00,1.01888277e-06,2.76540000e+00,1.00979223e-06,2.76540000e+00,1.00124102e-06,
2.76870000e+00,1.01890622e-06,2.76870000e+00,1.00980209e-06,2.76870000e+00,1.00124293e-06,
2.77200000e+00,1.01892964e-06,2.77200000e+00,1.00981195e-06,2.77200000e+00,1.00124485e-06,
2.77530000e+00,1.01895303e-06,2.77530000e+00,1.00982179e-06,2.77530000e+00,1.00124677e-06,
2.77860000e+00,1.01897639e-06,2.77860000e+00,1.00983162e-06,2.77860000e+00,1.00124869e-06,
2.78190000e+00,1.01899971e-06,2.78190000e+00,1.00984145e-06,2.78190000e+00,1.00125061e-06,
2.78520000e+00,1.01902301e-06,2.78520000e+00,1.00985127e-06,2.78520000e+00,1.00125254e-06,
2.78850000e+00,1.01904627e-06,2.78850000e+00,1.00986108e-06,2.78850000e+00,1.00125447e-06,
2.79180000e+00,1.01906950e-06,2.79180000e+00,1.00987088e-06,2.79180000e+00,1.00125641e-06,
2.79510000e+00,1.01909270e-06,2.79510000e+00,1.00988068e-06,2.79510000e+00,1.00125835e-06,
2.79840000e+00,1.01911587e-06,2.79840000e+00,1.00989047e-06,2.79840000e+00,1.00126029e-06,
2.80170000e+00,1.01913901e-06,2.80170000e+00,1.00990025e-06,2.80170000e+00,1.00126224e-06,
2.80500000e+00,1.01916212e-06,2.80500000e+00,1.00991002e-06,2.80500000e+00,1.00126419e-06,
2.80830000e+00,1.01918520e-06,2.80830000e+00,1.00991979e-06,2.80830000e+00,1.00126614e-06,
2.81160000e+00,1.01920825e-06,2.81160000e+00,1.00992956e-06,2.81160000e+00,1.00126810e-06,
2.81490000e+00,1.01923127e-06,2.81490000e+00,1.00993931e-06,2.81490000e+00,1.00127006e-06,
2.81820000e+00,1.01925426e-06,2.81820000e+00,1.00994906e-06,2.81820000e+00,1.00127203e-06,
2.82150000e+00,1.01927722e-06,2.82150000e+00,1.00995881e-06,2.82150000e+00,1.00127401e-06,
2.82480000e+00,1.01930016e-06,2.82480000e+00,1.00996855e-06,2.82480000e+00,1.00127598e-06,
2.82810000e+00,1.01932306e-06,2.82810000e+00,1.00997829e-06,2.82810000e+00,1.00127797e-06,
2.83140000e+00,1.01934594e-06,2.83140000e+00,1.00998802e-06,2.83140000e+00,1.00127996e-06,
2.83470000e+00,1.01936879e-06,2.83470000e+00,1.00999775e-06,2.83470000e+00,1.00128195e-06,
2.83800000e+00,1.01939162e-06,2.83800000e+00,1.01000747e-06,2.83800000e+00,1.00128395e-06,
2.84130000e+00,1.01941441e-06,2.84130000e+00,1.01001719e-06,2.84130000e+00,1.00128595e-06,
2.84460000e+00,1.01943718e-06,2.84460000e+00,1.01002691e-06,2.84460000e+00,1.00128797e-06,
2.84790000e+00,1.01945993e-06,2.84790000e+00,1.01003662e-06,2.84790000e+00,1.00128998e-06,
2.85120000e+00,1.01948265e-06,2.85120000e+00,1.01004633e-06,2.85120000e+00,1.00129201e-06,
2.85450000e+00,1.01950534e-06,2.85450000e+00,1.01005604e-06,2.85450000e+00,1.00129404e-06,
2.85780000e+00,1.01952800e-06,2.85780000e+00,1.01006574e-06,2.85780000e+00,1.00129607e-06,
2.86110000e+00,1.01955065e-06,2.86110000e+00,1.01007545e-06,2.86110000e+00,1.00129812e-06,
2.86440000e+00,1.01957326e-06,2.86440000e+00,1.01008515e-06,2.86440000e+00,1.00130017e-06,
2.86770000e+00,1.01959586e-06,2.86770000e+00,1.01009485e-06,2.86770000e+00,1.00130223e-06,
2.87100000e+00,1.01961842e-06,2.87100000e+00,1.01010455e-06,2.87100000e+00,1.00130429e-06,
2.87430000e+00,1.01964097e-06,2.87430000e+00,1.01011424e-06,2.87430000e+00,1.00130636e-06,
2.87760000e+00,1.01966349e-06,2.87760000e+00,1.01012394e-06,2.87760000e+00,1.00130844e-06,
2.88090000e+00,1.01968599e-06,2.88090000e+00,1.01013364e-06,2.88090000e+00,1.00131053e-06,
2.88420000e+00,1.01970846e-06,2.88420000e+00,1.01014333e-06,2.88420000e+00,1.00131263e-06,
2.88750000e+00,1.01973091e-06,2.88750000e+00,1.01015303e-06,2.88750000e+00,1.00131473e-06,
2.89080000e+00,1.01975334e-06,2.89080000e+00,1.01016272e-06,2.89080000e+00,1.00131684e-06,
2.89410000e+00,1.01977575e-06,2.89410000e+00,1.01017242e-06,2.89410000e+00,1.00131897e-06,
2.89740000e+00,1.01979814e-06,2.89740000e+00,1.01018212e-06,2.89740000e+00,1.00132110e-06,
2.90070000e+00,1.01982050e-06,2.90070000e+00,1.01019182e-06,2.90070000e+00,1.00132324e-06,
2.90400000e+00,1.01984285e-06,2.90400000e+00,1.01020152e-06,2.90400000e+00,1.00132539e-06,
2.90730000e+00,1.01986517e-06,2.90730000e+00,1.01021123e-06,2.90730000e+00,1.00132754e-06,
2.91060000e+00,1.01988747e-06,2.91060000e+00,1.01022093e-06,2.91060000e+00,1.00132971e-06,
2.91390000e+00,1.01990976e-06,2.91390000e+00,1.01023064e-06,2.91390000e+00,1.00133189e-06,
2.91720000e+00,1.01993202e-06,2.91720000e+00,1.01024035e-06,2.91720000e+00,1.00133408e-06,
2.92050000e+00,1.01995427e-06,2.92050000e+00,1.01025007e-06,2.92050000e+00,1.00133628e-06,
2.92380000e+00,1.01997649e-06,2.92380000e+00,1.01025979e-06,2.92380000e+00,1.00133849e-06,
2.92710000e+00,1.01999870e-06,2.92710000e+00,1.01026951e-06,2.92710000e+00,1.00134071e-06,
2.93040000e+00,1.02002089e-06,2.93040000e+00,1.01027924e-06,2.93040000e+00,1.00134294e-06,
2.93370000e+00,1.02004306e-06,2.93370000e+00,1.01028897e-06,2.93370000e+00,1.00134518e-06,
2.93700000e+00,1.02006522e-06,2.93700000e+00,1.01029871e-06,2.93700000e+00,1.00134744e-06,
2.94030000e+00,1.02008735e-06,2.94030000e+00,1.01030845e-06,2.94030000e+00,1.00134970e-06,
2.94360000e+00,1.02010948e-06,2.94360000e+00,1.01031820e-06,2.94360000e+00,1.00135198e-06,
2.94690000e+00,1.02013158e-06,2.94690000e+00,1.01032796e-06,2.94690000e+00,1.00135427e-06,
2.95020000e+00,1.02015367e-06,2.95020000e+00,1.01033772e-06,2.95020000e+00,1.00135658e-06,
2.95350000e+00,1.02017574e-06,2.95350000e+00,1.01034748e-06,2.95350000e+00,1.00135889e-06,
2.95680000e+00,1.02019780e-06,2.95680000e+00,1.01035726e-06,2.95680000e+00,1.00136122e-06,
2.96010000e+00,1.02021985e-06,2.96010000e+00,1.01036704e-06,2.96010000e+00,1.00136357e-06,
2.96340000e+00,1.02024188e-06,2.96340000e+00,1.01037683e-06,2.96340000e+00,1.00136592e-06,
2.96670000e+00,1.02026389e-06,2.96670000e+00,1.01038663e-06,2.96670000e+00,1.00136829e-06,
2.97000000e+00,1.02028589e-06,2.97000000e+00,1.01039644e-06,2.97000000e+00,1.00137068e-06,
2.97330000e+00,1.02030788e-06,2.97330000e+00,1.01040626e-06,2.97330000e+00,1.00137308e-06,
2.97660000e+00,1.02032986e-06,2.97660000e+00,1.01041608e-06,2.97660000e+00,1.00137549e-06,
2.97990000e+00,1.02035182e-06,2.97990000e+00,1.01042592e-06,2.97990000e+00,1.00137792e-06,
2.98320000e+00,1.02037378e-06,2.98320000e+00,1.01043577e-06,2.98320000e+00,1.00138036e-06,
2.98650000e+00,1.02039572e-06,2.98650000e+00,1.01044562e-06,2.98650000e+00,1.00138282e-06,
2.98980000e+00,1.02041765e-06,2.98980000e+00,1.01045549e-06,2.98980000e+00,1.00138529e-06,
2.99310000e+00,1.02043957e-06,2.99310000e+00,1.01046537e-06,2.99310000e+00,1.00138779e-06,
2.99640000e+00,1.02046148e-06,2.99640000e+00,1.01047526e-06,2.99640000e+00,1.00139029e-06,
2.99970000e+00,1.02048338e-06,2.99970000e+00,1.01048517e-06,2.99970000e+00,1.00139282e-06,
3.00300000e+00,1.02050527e-06,3.00300000e+00,1.01049509e-06,3.00300000e+00,1.00139536e-06,
3.00630000e+00,1.02052715e-06,3.00630000e+00,1.01050502e-06,3.00630000e+00,1.00139792e-06,
3.00960000e+00,1.02054902e-06,3.00960000e+00,1.01051496e-06,3.00960000e+00,1.00140049e-06,
3.01290000e+00,1.02057089e-06,3.01290000e+00,1.01052492e-06,3.01290000e+00,1.00140309e-06,
3.01620000e+00,1.02059274e-06,3.01620000e+00,1.01053489e-06,3.01620000e+00,1.00140570e-06,
3.01950000e+00,1.02061459e-06,3.01950000e+00,1.01054488e-06,3.01950000e+00,1.00140833e-06,
3.02280000e+00,1.02063644e-06,3.02280000e+00,1.01055488e-06,3.02280000e+00,1.00141098e-06,
3.02610000e+00,1.02065828e-06,3.02610000e+00,1.01056490e-06,3.02610000e+00,1.00141365e-06,
3.02940000e+00,1.02068011e-06,3.02940000e+00,1.01057493e-06,3.02940000e+00,1.00141634e-06,
3.03270000e+00,1.02070194e-06,3.03270000e+00,1.01058498e-06,3.03270000e+00,1.00141905e-06,
3.03600000e+00,1.02072376e-06,3.03600000e+00,1.01059505e-06,3.03600000e+00,1.00142178e-06,
3.03930000e+00,1.02074558e-06,3.03930000e+00,1.01060513e-06,3.03930000e+00,1.00142453e-06,
3.04260000e+00,1.02076739e-06,3.04260000e+00,1.01061524e-06,3.04260000e+00,1.00142730e-06,
3.04590000e+00,1.02078920e-06,3.04590000e+00,1.01062536e-06,3.04590000e+00,1.00143009e-06,
3.04920000e+00,1.02081101e-06,3.04920000e+00,1.01063550e-06,3.04920000e+00,1.00143290e-06,
3.05250000e+00,1.02083282e-06,3.05250000e+00,1.01064566e-06,3.05250000e+00,1.00143573e-06,
3.05580000e+00,1.02085462e-06,3.05580000e+00,1.01065584e-06,3.05580000e+00,1.00143859e-06,
3.05910000e+00,1.02087643e-06,3.05910000e+00,1.01066604e-06,3.05910000e+00,1.00144147e-06,
3.06240000e+00,1.02089823e-06,3.06240000e+00,1.01067627e-06,3.06240000e+00,1.00144437e-06,
3.06570000e+00,1.02092003e-06,3.06570000e+00,1.01068651e-06,3.06570000e+00,1.00144730e-06,
3.06900000e+00,1.02094184e-06,3.06900000e+00,1.01069678e-06,3.06900000e+00,1.00145025e-06,
3.07230000e+00,1.02096364e-06,3.07230000e+00,1.01070706e-06,3.07230000e+00,1.00145323e-06,
3.07560000e+00,1.02098544e-06,3.07560000e+00,1.01071737e-06,3.07560000e+00,1.00145622e-06,
3.07890000e+00,1.02100725e-06,3.07890000e+00,1.01072771e-06,3.07890000e+00,1.00145925e-06,
3.08220000e+00,1.02102906e-06,3.08220000e+00,1.01073807e-06,3.08220000e+00,1.00146230e-06,
3.08550000e+00,1.02105087e-06,3.08550000e+00,1.01074845e-06,3.08550000e+00,1.00146537e-06,
3.08880000e+00,1.02107269e-06,3.08880000e+00,1.01075886e-06,3.08880000e+00,1.00146847e-06,
3.09210000e+00,1.02109451e-06,3.09210000e+00,1.01076929e-06,3.09210000e+00,1.00147160e-06,
3.09540000e+00,1.02111633e-06,3.09540000e+00,1.01077975e-06,3.09540000e+00,1.00147475e-06,
3.09870000e+00,1.02113816e-06,3.09870000e+00,1.01079024e-06,3.09870000e+00,1.00147794e-06,
3.10200000e+00,1.02116000e-06,3.10200000e+00,1.01080075e-06,3.10200000e+00,1.00148114e-06,
3.10530000e+00,1.02118184e-06,3.10530000e+00,1.01081129e-06,3.10530000e+00,1.00148438e-06,
3.10860000e+00,1.02120369e-06,3.10860000e+00,1.01082186e-06,3.10860000e+00,1.00148765e-06,
3.11190000e+00,1.02122554e-06,3.11190000e+00,1.01083246e-06,3.11190000e+00,1.00149094e-06,
3.11520000e+00,1.02124740e-06,3.11520000e+00,1.01084309e-06,3.11520000e+00,1.00149427e-06,
3.11850000e+00,1.02126928e-06,3.11850000e+00,1.01085374e-06,3.11850000e+00,1.00149762e-06,
3.12180000e+00,1.02129116e-06,3.12180000e+00,1.01086443e-06,3.12180000e+00,1.00150101e-06,
3.12510000e+00,1.02131305e-06,3.12510000e+00,1.01087515e-06,3.12510000e+00,1.00150442e-06,
3.12840000e+00,1.02133495e-06,3.12840000e+00,1.01088590e-06,3.12840000e+00,1.00150787e-06,
3.13170000e+00,1.02135686e-06,3.13170000e+00,1.01089669e-06,3.13170000e+00,1.00151135e-06,
3.13500000e+00,1.02137879e-06,3.13500000e+00,1.01090750e-06,3.13500000e+00,1.00151486e-06,
3.13830000e+00,1.02140072e-06,3.13830000e+00,1.01091835e-06,3.13830000e+00,1.00151840e-06,
3.14160000e+00,1.02142267e-06,3.14160000e+00,1.01092924e-06,3.14160000e+00,1.00152197e-06,
3.14490000e+00,1.02144463e-06,3.14490000e+00,1.01094016e-06,3.14490000e+00,1.00152558e-06,
3.14820000e+00,1.02146661e-06,3.14820000e+00,1.01095111e-06,3.14820000e+00,1.00152922e-06,
3.15150000e+00,1.02148860e-06,3.15150000e+00,1.01096210e-06,3.15150000e+00,1.00153290e-06,
3.15480000e+00,1.02151061e-06,3.15480000e+00,1.01097313e-06,3.15480000e+00,1.00153661e-06,
3.15810000e+00,1.02153263e-06,3.15810000e+00,1.01098420e-06,3.15810000e+00,1.00154036e-06,
3.16140000e+00,1.02155467e-06,3.16140000e+00,1.01099530e-06,3.16140000e+00,1.00154414e-06,
3.16470000e+00,1.02157672e-06,3.16470000e+00,1.01100644e-06,3.16470000e+00,1.00154796e-06,
3.16800000e+00,1.02159880e-06,3.16800000e+00,1.01101762e-06,3.16800000e+00,1.00155182e-06,
3.17130000e+00,1.02162089e-06,3.17130000e+00,1.01102884e-06,3.17130000e+00,1.00155571e-06,
3.17460000e+00,1.02164300e-06,3.17460000e+00,1.01104010e-06,3.17460000e+00,1.00155965e-06,
3.17790000e+00,1.02166513e-06,3.17790000e+00,1.01105140e-06,3.17790000e+00,1.00156362e-06,
3.18120000e+00,1.02168729e-06,3.18120000e+00,1.01106275e-06,3.18120000e+00,1.00156762e-06,
3.18450000e+00,1.02170946e-06,3.18450000e+00,1.01107413e-06,3.18450000e+00,1.00157167e-06,
3.18780000e+00,1.02173165e-06,3.18780000e+00,1.01108556e-06,3.18780000e+00,1.00157576e-06,
3.19110000e+00,1.02175387e-06,3.19110000e+00,1.01109704e-06,3.19110000e+00,1.00157989e-06,
3.19440000e+00,1.02177611e-06,3.19440000e+00,1.01110856e-06,3.19440000e+00,1.00158406e-06,
3.19770000e+00,1.02179838e-06,3.19770000e+00,1.01112012e-06,3.19770000e+00,1.00158827e-06,
3.20100000e+00,1.02182067e-06,3.20100000e+00,1.01113173e-06,3.20100000e+00,1.00159252e-06,
3.20430000e+00,1.02184299e-06,3.20430000e+00,1.01114339e-06,3.20430000e+00,1.00159681e-06,
3.20760000e+00,1.02186533e-06,3.20760000e+00,1.01115509e-06,3.20760000e+00,1.00160115e-06,
3.21090000e+00,1.02188770e-06,3.21090000e+00,1.01116684e-06,3.21090000e+00,1.00160553e-06,
3.21420000e+00,1.02191010e-06,3.21420000e+00,1.01117864e-06,3.21420000e+00,1.00160996e-06,
3.21750000e+00,1.02193252e-06,3.21750000e+00,1.01119049e-06,3.21750000e+00,1.00161443e-06,
3.22080000e+00,1.02195498e-06,3.22080000e+00,1.01120240e-06,3.22080000e+00,1.00161895e-06,
3.22410000e+00,1.02197746e-06,3.22410000e+00,1.01121435e-06,3.22410000e+00,1.00162351e-06,
3.22740000e+00,1.02199998e-06,3.22740000e+00,1.01122635e-06,3.22740000e+00,1.00162812e-06,
3.23070000e+00,1.02202253e-06,3.23070000e+00,1.01123841e-06,3.23070000e+00,1.00163277e-06,
3.23400000e+00,1.02204511e-06,3.23400000e+00,1.01125052e-06,3.23400000e+00,1.00163747e-06,
3.23730000e+00,1.02206772e-06,3.23730000e+00,1.01126269e-06,3.23730000e+00,1.00164223e-06,
3.24060000e+00,1.02209036e-06,3.24060000e+00,1.01127491e-06,3.24060000e+00,1.00164703e-06,
3.24390000e+00,1.02211305e-06,3.24390000e+00,1.01128718e-06,3.24390000e+00,1.00165187e-06,
3.24720000e+00,1.02213576e-06,3.24720000e+00,1.01129951e-06,3.24720000e+00,1.00165677e-06,
3.25050000e+00,1.02215851e-06,3.25050000e+00,1.01131190e-06,3.25050000e+00,1.00166172e-06,
3.25380000e+00,1.02218130e-06,3.25380000e+00,1.01132435e-06,3.25380000e+00,1.00166672e-06,
3.25710000e+00,1.02220413e-06,3.25710000e+00,1.01133686e-06,3.25710000e+00,1.00167178e-06,
3.26040000e+00,1.02222700e-06,3.26040000e+00,1.01134943e-06,3.26040000e+00,1.00167688e-06,
3.26370000e+00,1.02224991e-06,3.26370000e+00,1.01136205e-06,3.26370000e+00,1.00168204e-06,
3.26700000e+00,1.02227285e-06,3.26700000e+00,1.01137474e-06,3.26700000e+00,1.00168725e-06,
3.27030000e+00,1.02229584e-06,3.27030000e+00,1.01138749e-06,3.27030000e+00,1.00169252e-06,
3.27360000e+00,1.02231887e-06,3.27360000e+00,1.01140031e-06,3.27360000e+00,1.00169784e-06,
3.27690000e+00,1.02234194e-06,3.27690000e+00,1.01141319e-06,3.27690000e+00,1.00170322e-06,
3.28020000e+00,1.02236506e-06,3.28020000e+00,1.01142613e-06,3.28020000e+00,1.00170865e-06,
3.28350000e+00,1.02238822e-06,3.28350000e+00,1.01143914e-06,3.28350000e+00,1.00171414e-06,
3.28680000e+00,1.02241143e-06,3.28680000e+00,1.01145222e-06,3.28680000e+00,1.00171969e-06,
3.29010000e+00,1.02243468e-06,3.29010000e+00,1.01146536e-06,3.29010000e+00,1.00172529e-06,
3.29340000e+00,1.02245798e-06,3.29340000e+00,1.01147857e-06,3.29340000e+00,1.00173095e-06,
3.29670000e+00,1.02248133e-06,3.29670000e+00,1.01149186e-06,3.29670000e+00,1.00173668e-06,
3.30000000e+00,1.02250473e-06,3.30000000e+00,1.01150521e-06,3.30000000e+00,1.00174246e-06,
