0.00000000e+00,5.00000000e-02,0.00000000e+00,5.06997034e-02,
1.00000000e-10,5.00000000e-02,1.00000000e-10,5.06997034e-02,
2.00000000e-10,5.00000000e-02,2.00000000e-10,5.06997034e-02,
4.00000000e-10,5.00000000e-02,4.00000000e-10,5.06997034e-02,
8.00000000e-10,5.00000000e-02,8.00000000e-10,5.06997034e-02,
1.60000000e-09,5.00000000e-02,1.60000000e-09,5.06997034e-02,
3.20000000e-09,5.00000000e-02,3.20000000e-09,5.06997034e-02,
6.40000000e-09,5.00000000e-02,6.40000000e-09,5.06997034e-02,
1.28000000e-08,5.00000000e-02,1.28000000e-08,5.06997034e-02,
2.28000000e-08,5.00000000e-02,2.28000000e-08,5.06997034e-02,
3.28000000e-08,5.00000000e-02,3.28000000e-08,5.06997034e-02,
4.28000000e-08,5.00000000e-02,4.28000000e-08,5.06997034e-02,
5.28000000e-08,5.00000000e-02,5.28000000e-08,5.06997034e-02,
6.28000000e-08,5.00000000e-02,6.28000000e-08,5.06997034e-02,
7.28000000e-08,5.00000000e-02,7.28000000e-08,5.06997034e-02,
8.28000000e-08,5.00000000e-02,8.28000000e-08,5.06997034e-02,
9.28000000e-08,5.00000000e-02,9.28000000e-08,5.06997034e-02,
1.02800000e-07,5.00000000e-02,1.02800000e-07,5.06997034e-02,
1.12800000e-07,5.00000000e-02,1.12800000e-07,5.06997034e-02,
1.22800000e-07,5.00000000e-02,1.22800000e-07,5.06997034e-02,
1.32800000e-07,5.00000000e-02,1.32800000e-07,5.06997034e-02,
1.42800000e-07,5.00000000e-02,1.42800000e-07,5.06997034e-02,
1.52800000e-07,5.00000000e-02,1.52800000e-07,5.06997034e-02,
1.62800000e-07,5.00000000e-02,1.62800000e-07,5.06997034e-02,
1.72800000e-07,5.00000000e-02,1.72800000e-07,5.06997034e-02,
1.82800000e-07,5.00000000e-02,1.82800000e-07,5.06997034e-02,
1.92800000e-07,5.00000000e-02,1.92800000e-07,5.06997034e-02,
2.02800000e-07,5.00000000e-02,2.02800000e-07,5.06997034e-02,
2.12800000e-07,5.00000000e-02,2.12800000e-07,5.06997034e-02,
2.22800000e-07,5.00000000e-02,2.22800000e-07,5.06997034e-02,
2.32800000e-07,5.00000000e-02,2.32800000e-07,5.06997034e-02,
2.42800000e-07,5.00000000e-02,2.42800000e-07,5.06997034e-02,
2.52800000e-07,5.00000000e-02,2.52800000e-07,5.06997034e-02,
2.62800000e-07,5.00000000e-02,2.62800000e-07,5.06997034e-02,
2.72800000e-07,5.00000000e-02,2.72800000e-07,5.06997034e-02,
2.82800000e-07,5.00000000e-02,2.82800000e-07,5.06997034e-02,
2.92800000e-07,5.00000000e-02,2.92800000e-07,5.06997034e-02,
3.02800000e-07,5.00000000e-02,3.02800000e-07,5.06997034e-02,
3.12800000e-07,5.00000000e-02,3.12800000e-07,5.06997034e-02,
3.22800000e-07,5.00000000e-02,3.22800000e-07,5.06997034e-02,
3.32800000e-07,5.00000000e-02,3.32800000e-07,5.06997034e-02,
3.42800000e-07,5.00000000e-02,3.42800000e-07,5.06997034e-02,
3.52800000e-07,5.00000000e-02,3.52800000e-07,5.06997034e-02,
3.62800000e-07,5.00000000e-02,3.62800000e-07,5.06997034e-02,
3.72800000e-07,5.00000000e-02,3.72800000e-07,5.06997034e-02,
3.82800000e-07,5.00000000e-02,3.82800000e-07,5.06997034e-02,
3.92800000e-07,5.00000000e-02,3.92800000e-07,5.06997034e-02,
4.02800000e-07,5.00000000e-02,4.02800000e-07,5.06997034e-02,
4.12800000e-07,5.00000000e-02,4.12800000e-07,5.06997034e-02,
4.22800000e-07,5.00000000e-02,4.22800000e-07,5.06997034e-02,
4.32800000e-07,5.00000000e-02,4.32800000e-07,5.06997034e-02,
4.42800000e-07,5.00000000e-02,4.42800000e-07,5.06997034e-02,
4.52800000e-07,5.00000000e-02,4.52800000e-07,5.06997034e-02,
4.62800000e-07,5.00000000e-02,4.62800000e-07,5.06997034e-02,
4.72800000e-07,5.00000000e-02,4.72800000e-07,5.06997034e-02,
4.82800000e-07,5.00000000e-02,4.82800000e-07,5.06997034e-02,
4.92800000e-07,5.00000000e-02,4.92800000e-07,5.06997034e-02,
5.02800000e-07,5.00000000e-02,5.02800000e-07,5.06997034e-02,
5.12800000e-07,5.00000000e-02,5.12800000e-07,5.06997034e-02,
5.22800000e-07,5.00000000e-02,5.22800000e-07,5.06997034e-02,
5.32800000e-07,5.00000000e-02,5.32800000e-07,5.06997034e-02,
5.42800000e-07,5.00000000e-02,5.42800000e-07,5.06997034e-02,
5.52800000e-07,5.00000000e-02,5.52800000e-07,5.06997034e-02,
5.62800000e-07,5.00000000e-02,5.62800000e-07,5.06997034e-02,
5.72800000e-07,5.00000000e-02,5.72800000e-07,5.06997034e-02,
5.82800000e-07,5.00000000e-02,5.82800000e-07,5.06997034e-02,
5.92800000e-07,5.00000000e-02,5.92800000e-07,5.06997034e-02,
6.02800000e-07,5.00000000e-02,6.02800000e-07,5.06997034e-02,
6.12800000e-07,5.00000000e-02,6.12800000e-07,5.06997034e-02,
6.22800000e-07,5.00000000e-02,6.22800000e-07,5.06997034e-02,
6.32800000e-07,5.00000000e-02,6.32800000e-07,5.06997034e-02,
6.42800000e-07,5.00000000e-02,6.42800000e-07,5.06997034e-02,
6.52800000e-07,5.00000000e-02,6.52800000e-07,5.06997034e-02,
6.62800000e-07,5.00000000e-02,6.62800000e-07,5.06997034e-02,
6.72800000e-07,5.00000000e-02,6.72800000e-07,5.06997034e-02,
6.82800000e-07,5.00000000e-02,6.82800000e-07,5.06997034e-02,
6.92800000e-07,5.00000000e-02,6.92800000e-07,5.06997034e-02,
7.02800000e-07,5.00000000e-02,7.02800000e-07,5.06997034e-02,
7.12800000e-07,5.00000000e-02,7.12800000e-07,5.06997034e-02,
7.22800000e-07,5.00000000e-02,7.22800000e-07,5.06997034e-02,
7.32800000e-07,5.00000000e-02,7.32800000e-07,5.06997034e-02,
7.42800000e-07,5.00000000e-02,7.42800000e-07,5.06997034e-02,
7.52800000e-07,5.00000000e-02,7.52800000e-07,5.06997034e-02,
7.62800000e-07,5.00000000e-02,7.62800000e-07,5.06997034e-02,
7.72800000e-07,5.00000000e-02,7.72800000e-07,5.06997034e-02,
7.82800000e-07,5.00000000e-02,7.82800000e-07,5.06997034e-02,
7.92800000e-07,5.00000000e-02,7.92800000e-07,5.06997034e-02,
8.02800000e-07,5.00000000e-02,8.02800000e-07,5.06997034e-02,
8.12800000e-07,5.00000000e-02,8.12800000e-07,5.06997034e-02,
8.22800000e-07,5.00000000e-02,8.22800000e-07,5.06997034e-02,
8.32800000e-07,5.00000000e-02,8.32800000e-07,5.06997034e-02,
8.42800000e-07,5.00000000e-02,8.42800000e-07,5.06997034e-02,
8.52800000e-07,5.00000000e-02,8.52800000e-07,5.06997034e-02,
8.62800000e-07,5.00000000e-02,8.62800000e-07,5.06997034e-02,
8.72800000e-07,5.00000000e-02,8.72800000e-07,5.06997034e-02,
8.82800000e-07,5.00000000e-02,8.82800000e-07,5.06997034e-02,
8.92800000e-07,5.00000000e-02,8.92800000e-07,5.06997034e-02,
9.02800000e-07,5.00000000e-02,9.02800000e-07,5.06997034e-02,
9.12800000e-07,5.00000000e-02,9.12800000e-07,5.06997034e-02,
9.22800000e-07,5.00000000e-02,9.22800000e-07,5.06997034e-02,
9.32800000e-07,5.00000000e-02,9.32800000e-07,5.06997034e-02,
9.42800000e-07,5.00000000e-02,9.42800000e-07,5.06997034e-02,
9.52800000e-07,5.00000000e-02,9.52800000e-07,5.06997034e-02,
9.62800000e-07,5.00000000e-02,9.62800000e-07,5.06997034e-02,
9.72800000e-07,5.00000000e-02,9.72800000e-07,5.06997034e-02,
9.82800000e-07,5.00000000e-02,9.82800000e-07,5.06997034e-02,
9.92800000e-07,5.00000000e-02,9.92800000e-07,5.06997034e-02,
1.00280000e-06,5.00000000e-02,1.00280000e-06,5.06997034e-02,
1.01280000e-06,5.00000000e-02,1.01280000e-06,5.06997034e-02,
1.02280000e-06,5.00000000e-02,1.02280000e-06,5.06997034e-02,
1.03280000e-06,5.00000000e-02,1.03280000e-06,5.06997034e-02,
1.04280000e-06,5.00000000e-02,1.04280000e-06,5.06997034e-02,
1.05280000e-06,5.00000000e-02,1.05280000e-06,5.06997034e-02,
1.06280000e-06,5.00000000e-02,1.06280000e-06,5.06997034e-02,
1.07280000e-06,5.00000000e-02,1.07280000e-06,5.06997034e-02,
1.08280000e-06,5.00000000e-02,1.08280000e-06,5.06997034e-02,
1.09280000e-06,5.00000000e-02,1.09280000e-06,5.06997034e-02,
1.10280000e-06,5.00000000e-02,1.10280000e-06,5.06997034e-02,
1.11280000e-06,5.00000000e-02,1.11280000e-06,5.06997034e-02,
1.12280000e-06,5.00000000e-02,1.12280000e-06,5.06997034e-02,
1.13280000e-06,5.00000000e-02,1.13280000e-06,5.06997034e-02,
1.14280000e-06,5.00000000e-02,1.14280000e-06,5.06997034e-02,
1.15280000e-06,5.00000000e-02,1.15280000e-06,5.06997034e-02,
1.16280000e-06,5.00000000e-02,1.16280000e-06,5.06997034e-02,
1.17280000e-06,5.00000000e-02,1.17280000e-06,5.06997034e-02,
1.18280000e-06,5.00000000e-02,1.18280000e-06,5.06997034e-02,
1.19280000e-06,5.00000000e-02,1.19280000e-06,5.06997034e-02,
1.20280000e-06,5.00000000e-02,1.20280000e-06,5.06997034e-02,
1.21280000e-06,5.00000000e-02,1.21280000e-06,5.06997034e-02,
1.22280000e-06,5.00000000e-02,1.22280000e-06,5.06997034e-02,
1.23280000e-06,5.00000000e-02,1.23280000e-06,5.06997034e-02,
1.24280000e-06,5.00000000e-02,1.24280000e-06,5.06997034e-02,
1.25280000e-06,5.00000000e-02,1.25280000e-06,5.06997034e-02,
1.26280000e-06,5.00000000e-02,1.26280000e-06,5.06997034e-02,
1.27280000e-06,5.00000000e-02,1.27280000e-06,5.06997034e-02,
1.28280000e-06,5.00000000e-02,1.28280000e-06,5.06997034e-02,
1.29280000e-06,5.00000000e-02,1.29280000e-06,5.06997034e-02,
1.30280000e-06,5.00000000e-02,1.30280000e-06,5.06997034e-02,
1.31280000e-06,5.00000000e-02,1.31280000e-06,5.06997034e-02,
1.32280000e-06,5.00000000e-02,1.32280000e-06,5.06997034e-02,
1.33280000e-06,5.00000000e-02,1.33280000e-06,5.06997034e-02,
1.34280000e-06,5.00000000e-02,1.34280000e-06,5.06997034e-02,
1.35280000e-06,5.00000000e-02,1.35280000e-06,5.06997034e-02,
1.36280000e-06,5.00000000e-02,1.36280000e-06,5.06997034e-02,
1.37280000e-06,5.00000000e-02,1.37280000e-06,5.06997034e-02,
1.38280000e-06,5.00000000e-02,1.38280000e-06,5.06997034e-02,
1.39280000e-06,5.00000000e-02,1.39280000e-06,5.06997034e-02,
1.40280000e-06,5.00000000e-02,1.40280000e-06,5.06997034e-02,
1.41280000e-06,5.00000000e-02,1.41280000e-06,5.06997034e-02,
1.42280000e-06,5.00000000e-02,1.42280000e-06,5.06997034e-02,
1.43280000e-06,5.00000000e-02,1.43280000e-06,5.06997034e-02,
1.44280000e-06,5.00000000e-02,1.44280000e-06,5.06997034e-02,
1.45280000e-06,5.00000000e-02,1.45280000e-06,5.06997034e-02,
1.46280000e-06,5.00000000e-02,1.46280000e-06,5.06997034e-02,
1.47280000e-06,5.00000000e-02,1.47280000e-06,5.06997034e-02,
1.48280000e-06,5.00000000e-02,1.48280000e-06,5.06997034e-02,
1.49280000e-06,5.00000000e-02,1.49280000e-06,5.06997034e-02,
1.50280000e-06,5.00000000e-02,1.50280000e-06,5.06997034e-02,
1.51280000e-06,5.00000000e-02,1.51280000e-06,5.06997034e-02,
1.52280000e-06,5.00000000e-02,1.52280000e-06,5.06997034e-02,
1.53280000e-06,5.00000000e-02,1.53280000e-06,5.06997034e-02,
1.54280000e-06,5.00000000e-02,1.54280000e-06,5.06997034e-02,
1.55280000e-06,5.00000000e-02,1.55280000e-06,5.06997034e-02,
1.56280000e-06,5.00000000e-02,1.56280000e-06,5.06997034e-02,
1.57280000e-06,5.00000000e-02,1.57280000e-06,5.06997034e-02,
1.58280000e-06,5.00000000e-02,1.58280000e-06,5.06997034e-02,
1.59280000e-06,5.00000000e-02,1.59280000e-06,5.06997034e-02,
1.60280000e-06,5.00000000e-02,1.60280000e-06,5.06997034e-02,
1.61280000e-06,5.00000000e-02,1.61280000e-06,5.06997034e-02,
1.62280000e-06,5.00000000e-02,1.62280000e-06,5.06997034e-02,
1.63280000e-06,5.00000000e-02,1.63280000e-06,5.06997034e-02,
1.64280000e-06,5.00000000e-02,1.64280000e-06,5.06997034e-02,
1.65280000e-06,5.00000000e-02,1.65280000e-06,5.06997034e-02,
1.66280000e-06,5.00000000e-02,1.66280000e-06,5.06997034e-02,
1.67280000e-06,5.00000000e-02,1.67280000e-06,5.06997034e-02,
1.68280000e-06,5.00000000e-02,1.68280000e-06,5.06997034e-02,
1.69280000e-06,5.00000000e-02,1.69280000e-06,5.06997034e-02,
1.70280000e-06,5.00000000e-02,1.70280000e-06,5.06997034e-02,
1.71280000e-06,5.00000000e-02,1.71280000e-06,5.06997034e-02,
1.72280000e-06,5.00000000e-02,1.72280000e-06,5.06997034e-02,
1.73280000e-06,5.00000000e-02,1.73280000e-06,5.06997034e-02,
1.74280000e-06,5.00000000e-02,1.74280000e-06,5.06997034e-02,
1.75280000e-06,5.00000000e-02,1.75280000e-06,5.06997034e-02,
1.76280000e-06,5.00000000e-02,1.76280000e-06,5.06997034e-02,
1.77280000e-06,5.00000000e-02,1.77280000e-06,5.06997034e-02,
1.78280000e-06,5.00000000e-02,1.78280000e-06,5.06997034e-02,
1.79280000e-06,5.00000000e-02,1.79280000e-06,5.06997034e-02,
1.80280000e-06,5.00000000e-02,1.80280000e-06,5.06997034e-02,
1.81280000e-06,5.00000000e-02,1.81280000e-06,5.06997034e-02,
1.82280000e-06,5.00000000e-02,1.82280000e-06,5.06997034e-02,
1.83280000e-06,5.00000000e-02,1.83280000e-06,5.06997034e-02,
1.84280000e-06,5.00000000e-02,1.84280000e-06,5.06997034e-02,
1.85280000e-06,5.00000000e-02,1.85280000e-06,5.06997034e-02,
1.86280000e-06,5.00000000e-02,1.86280000e-06,5.06997034e-02,
1.87280000e-06,5.00000000e-02,1.87280000e-06,5.06997034e-02,
1.88280000e-06,5.00000000e-02,1.88280000e-06,5.06997034e-02,
1.89280000e-06,5.00000000e-02,1.89280000e-06,5.06997034e-02,
1.90280000e-06,5.00000000e-02,1.90280000e-06,5.06997034e-02,
1.91280000e-06,5.00000000e-02,1.91280000e-06,5.06997034e-02,
1.92280000e-06,5.00000000e-02,1.92280000e-06,5.06997034e-02,
1.93280000e-06,5.00000000e-02,1.93280000e-06,5.06997034e-02,
1.94280000e-06,5.00000000e-02,1.94280000e-06,5.06997034e-02,
1.95280000e-06,5.00000000e-02,1.95280000e-06,5.06997034e-02,
1.96280000e-06,5.00000000e-02,1.96280000e-06,5.06997034e-02,
1.97280000e-06,5.00000000e-02,1.97280000e-06,5.06997034e-02,
1.98280000e-06,5.00000000e-02,1.98280000e-06,5.06997034e-02,
1.99280000e-06,5.00000000e-02,1.99280000e-06,5.06997034e-02,
2.00280000e-06,5.00000000e-02,2.00280000e-06,5.06997034e-02,
2.01280000e-06,5.00000000e-02,2.01280000e-06,5.06997034e-02,
2.02280000e-06,5.00000000e-02,2.02280000e-06,5.06997034e-02,
2.03280000e-06,5.00000000e-02,2.03280000e-06,5.06997034e-02,
2.04280000e-06,5.00000000e-02,2.04280000e-06,5.06997034e-02,
2.05280000e-06,5.00000000e-02,2.05280000e-06,5.06997034e-02,
2.06280000e-06,5.00000000e-02,2.06280000e-06,5.06997034e-02,
2.07280000e-06,5.00000000e-02,2.07280000e-06,5.06997034e-02,
2.08280000e-06,5.00000000e-02,2.08280000e-06,5.06997034e-02,
2.09280000e-06,5.00000000e-02,2.09280000e-06,5.06997034e-02,
2.10280000e-06,5.00000000e-02,2.10280000e-06,5.06997034e-02,
2.11280000e-06,5.00000000e-02,2.11280000e-06,5.06997034e-02,
2.12280000e-06,5.00000000e-02,2.12280000e-06,5.06997034e-02,
2.13280000e-06,5.00000000e-02,2.13280000e-06,5.06997034e-02,
2.14280000e-06,5.00000000e-02,2.14280000e-06,5.06997034e-02,
2.15280000e-06,5.00000000e-02,2.15280000e-06,5.06997034e-02,
2.16280000e-06,5.00000000e-02,2.16280000e-06,5.06997034e-02,
2.17280000e-06,5.00000000e-02,2.17280000e-06,5.06997034e-02,
2.18280000e-06,5.00000000e-02,2.18280000e-06,5.06997034e-02,
2.19280000e-06,5.00000000e-02,2.19280000e-06,5.06997034e-02,
2.20280000e-06,5.00000000e-02,2.20280000e-06,5.06997034e-02,
2.21280000e-06,5.00000000e-02,2.21280000e-06,5.06997034e-02,
2.22280000e-06,5.00000000e-02,2.22280000e-06,5.06997034e-02,
2.23280000e-06,5.00000000e-02,2.23280000e-06,5.06997034e-02,
2.24280000e-06,5.00000000e-02,2.24280000e-06,5.06997034e-02,
2.25280000e-06,5.00000000e-02,2.25280000e-06,5.06997034e-02,
2.26280000e-06,5.00000000e-02,2.26280000e-06,5.06997034e-02,
2.27280000e-06,5.00000000e-02,2.27280000e-06,5.06997034e-02,
2.28280000e-06,5.00000000e-02,2.28280000e-06,5.06997034e-02,
2.29280000e-06,5.00000000e-02,2.29280000e-06,5.06997034e-02,
2.30280000e-06,5.00000000e-02,2.30280000e-06,5.06997034e-02,
2.31280000e-06,5.00000000e-02,2.31280000e-06,5.06997034e-02,
2.32280000e-06,5.00000000e-02,2.32280000e-06,5.06997034e-02,
2.33280000e-06,5.00000000e-02,2.33280000e-06,5.06997034e-02,
2.34280000e-06,5.00000000e-02,2.34280000e-06,5.06997034e-02,
2.35280000e-06,5.00000000e-02,2.35280000e-06,5.06997034e-02,
2.36280000e-06,5.00000000e-02,2.36280000e-06,5.06997034e-02,
2.37280000e-06,5.00000000e-02,2.37280000e-06,5.06997034e-02,
2.38280000e-06,5.00000000e-02,2.38280000e-06,5.06997034e-02,
2.39280000e-06,5.00000000e-02,2.39280000e-06,5.06997034e-02,
2.40280000e-06,5.00000000e-02,2.40280000e-06,5.06997034e-02,
2.41280000e-06,5.00000000e-02,2.41280000e-06,5.06997034e-02,
2.42280000e-06,5.00000000e-02,2.42280000e-06,5.06997034e-02,
2.43280000e-06,5.00000000e-02,2.43280000e-06,5.06997034e-02,
2.44280000e-06,5.00000000e-02,2.44280000e-06,5.06997034e-02,
2.45280000e-06,5.00000000e-02,2.45280000e-06,5.06997034e-02,
2.46280000e-06,5.00000000e-02,2.46280000e-06,5.06997034e-02,
2.47280000e-06,5.00000000e-02,2.47280000e-06,5.06997034e-02,
2.48280000e-06,5.00000000e-02,2.48280000e-06,5.06997034e-02,
2.49280000e-06,5.00000000e-02,2.49280000e-06,5.06997034e-02,
2.50000000e-06,5.00000000e-02,2.50000000e-06,5.06997034e-02,
2.50100000e-06,3.40000000e-01,2.50100000e-06,5.11089754e-02,
2.50300000e-06,9.20000000e-01,2.50300000e-06,5.17290280e-02,
2.50700000e-06,2.08000000e+00,2.50700000e-06,5.23436296e-02,
2.51000000e-06,2.95000000e+00,2.51000000e-06,5.22567254e-02,
2.51080000e-06,2.95000000e+00,2.51080000e-06,5.18925201e-02,
2.51240000e-06,2.95000000e+00,2.51240000e-06,5.10298379e-02,
2.51560000e-06,2.95000000e+00,2.51560000e-06,4.91510140e-02,
2.52200000e-06,2.95000000e+00,2.52200000e-06,4.67764391e-02,
2.53200000e-06,2.95000000e+00,2.53200000e-06,4.66883030e-02,
2.54200000e-06,2.95000000e+00,2.54200000e-06,5.03556594e-02,
2.55200000e-06,2.95000000e+00,2.55200000e-06,5.79235734e-02,
2.56200000e-06,2.95000000e+00,2.56200000e-06,6.99315806e-02,
2.57200000e-06,2.95000000e+00,2.57200000e-06,8.72350736e-02,
2.58200000e-06,2.95000000e+00,2.58200000e-06,1.10105340e-01,
2.59200000e-06,2.95000000e+00,2.59200000e-06,1.38383260e-01,
2.60200000e-06,2.95000000e+00,2.60200000e-06,1.71332418e-01,
2.61200000e-06,2.95000000e+00,2.61200000e-06,2.07943892e-01,
2.62200000e-06,2.95000000e+00,2.62200000e-06,2.47098489e-01,
2.63200000e-06,2.95000000e+00,2.63200000e-06,2.87834657e-01,
2.64200000e-06,2.95000000e+00,2.64200000e-06,3.29406946e-01,
2.65200000e-06,2.95000000e+00,2.65200000e-06,3.71329495e-01,
2.66200000e-06,2.95000000e+00,2.66200000e-06,4.13311049e-01,
2.67200000e-06,2.95000000e+00,2.67200000e-06,4.55208031e-01,
2.68200000e-06,2.95000000e+00,2.68200000e-06,4.96962897e-01,
2.69200000e-06,2.95000000e+00,2.69200000e-06,5.38571568e-01,
2.70200000e-06,2.95000000e+00,2.70200000e-06,5.80053488e-01,
2.71200000e-06,2.95000000e+00,2.71200000e-06,6.21434736e-01,
2.72200000e-06,2.95000000e+00,2.72200000e-06,6.62742954e-01,
2.73200000e-06,2.95000000e+00,2.73200000e-06,7.03997962e-01,
2.74200000e-06,2.95000000e+00,2.74200000e-06,7.45218356e-01,
2.75200000e-06,2.95000000e+00,2.75200000e-06,7.86412747e-01,
2.76200000e-06,2.95000000e+00,2.76200000e-06,8.27591195e-01,
2.77200000e-06,2.95000000e+00,2.77200000e-06,8.68754725e-01,
2.78200000e-06,2.95000000e+00,2.78200000e-06,9.09908705e-01,
2.79200000e-06,2.95000000e+00,2.79200000e-06,9.51050431e-01,
2.80200000e-06,2.95000000e+00,2.80200000e-06,9.92183397e-01,
2.81200000e-06,2.95000000e+00,2.81200000e-06,1.03330358e+00,
2.82200000e-06,2.95000000e+00,2.82200000e-06,1.07441411e+00,
2.83200000e-06,2.95000000e+00,2.83200000e-06,1.11551070e+00,
2.84200000e-06,2.95000000e+00,2.84200000e-06,1.15659646e+00,
2.85200000e-06,2.95000000e+00,2.85200000e-06,1.19766707e+00,
2.86200000e-06,2.95000000e+00,2.86200000e-06,1.23872549e+00,
2.87200000e-06,2.95000000e+00,2.87200000e-06,1.27976725e+00,
2.88200000e-06,2.95000000e+00,2.88200000e-06,1.32079497e+00,
2.89200000e-06,2.95000000e+00,2.89200000e-06,1.36180385e+00,
2.90200000e-06,2.95000000e+00,2.90200000e-06,1.40279588e+00,
2.91200000e-06,2.95000000e+00,2.91200000e-06,1.44376570e+00,
2.92200000e-06,2.95000000e+00,2.92200000e-06,1.48471434e+00,
2.93200000e-06,2.95000000e+00,2.93200000e-06,1.52563553e+00,
2.94200000e-06,2.95000000e+00,2.94200000e-06,1.56652889e+00,
2.95200000e-06,2.95000000e+00,2.95200000e-06,1.60738675e+00,
2.96200000e-06,2.95000000e+00,2.96200000e-06,1.64820671e+00,
2.97200000e-06,2.95000000e+00,2.97200000e-06,1.68897899e+00,
2.98200000e-06,2.95000000e+00,2.98200000e-06,1.72969834e+00,
2.99200000e-06,2.95000000e+00,2.99200000e-06,1.77035195e+00,
3.00200000e-06,2.95000000e+00,3.00200000e-06,1.81093062e+00,
3.01200000e-06,2.95000000e+00,3.01200000e-06,1.85141722e+00,
3.02200000e-06,2.95000000e+00,3.02200000e-06,1.89179724e+00,
3.03200000e-06,2.95000000e+00,3.03200000e-06,1.93204774e+00,
3.04200000e-06,2.95000000e+00,3.04200000e-06,1.97214714e+00,
3.05200000e-06,2.95000000e+00,3.05200000e-06,2.01206486e+00,
3.06200000e-06,2.95000000e+00,3.06200000e-06,2.05177048e+00,
3.07200000e-06,2.95000000e+00,3.07200000e-06,2.09122398e+00,
3.08200000e-06,2.95000000e+00,3.08200000e-06,2.13038448e+00,
3.09200000e-06,2.95000000e+00,3.09200000e-06,2.16920117e+00,
3.10200000e-06,2.95000000e+00,3.10200000e-06,2.20762170e+00,
3.11200000e-06,2.95000000e+00,3.11200000e-06,2.24558407e+00,
3.12200000e-06,2.95000000e+00,3.12200000e-06,2.28302474e+00,
3.13200000e-06,2.95000000e+00,3.13200000e-06,2.31987154e+00,
3.14200000e-06,2.95000000e+00,3.14200000e-06,2.35605191e+00,
3.15200000e-06,2.95000000e+00,3.15200000e-06,2.39148675e+00,
3.16200000e-06,2.95000000e+00,3.16200000e-06,2.42609876e+00,
3.17200000e-06,2.95000000e+00,3.17200000e-06,2.45980727e+00,
3.18200000e-06,2.95000000e+00,3.18200000e-06,2.49253652e+00,
3.19200000e-06,2.95000000e+00,3.19200000e-06,2.52421111e+00,
3.20200000e-06,2.95000000e+00,3.20200000e-06,2.55476397e+00,
3.21200000e-06,2.95000000e+00,3.21200000e-06,2.58413196e+00,
3.22200000e-06,2.95000000e+00,3.22200000e-06,2.61226296e+00,
3.23200000e-06,2.95000000e+00,3.23200000e-06,2.63911105e+00,
3.24200000e-06,2.95000000e+00,3.24200000e-06,2.66464211e+00,
3.25200000e-06,2.95000000e+00,3.25200000e-06,2.68882770e+00,
3.26200000e-06,2.95000000e+00,3.26200000e-06,2.71164825e+00,
3.27200000e-06,2.95000000e+00,3.27200000e-06,2.73308495e+00,
3.28200000e-06,2.95000000e+00,3.28200000e-06,2.75312188e+00,
3.29200000e-06,2.95000000e+00,3.29200000e-06,2.77174149e+00,
3.30200000e-06,2.95000000e+00,3.30200000e-06,2.78893483e+00,
3.31200000e-06,2.95000000e+00,3.31200000e-06,2.80470548e+00,
3.32200000e-06,2.95000000e+00,3.32200000e-06,2.81907996e+00,
3.33200000e-06,2.95000000e+00,3.33200000e-06,2.83210419e+00,
3.34200000e-06,2.95000000e+00,3.34200000e-06,2.84384424e+00,
3.35200000e-06,2.95000000e+00,3.35200000e-06,2.85437733e+00,
3.36200000e-06,2.95000000e+00,3.36200000e-06,2.86379077e+00,
3.37200000e-06,2.95000000e+00,3.37200000e-06,2.87217414e+00,
3.38200000e-06,2.95000000e+00,3.38200000e-06,2.87961966e+00,
3.39200000e-06,2.95000000e+00,3.39200000e-06,2.88621629e+00,
3.40200000e-06,2.95000000e+00,3.40200000e-06,2.89205124e+00,
3.41200000e-06,2.95000000e+00,3.41200000e-06,2.89720555e+00,
3.42200000e-06,2.95000000e+00,3.42200000e-06,2.90175623e+00,
3.43200000e-06,2.95000000e+00,3.43200000e-06,2.90577288e+00,
3.44200000e-06,2.95000000e+00,3.44200000e-06,2.90932020e+00,
3.45200000e-06,2.95000000e+00,3.45200000e-06,2.91245538e+00,
3.46200000e-06,2.95000000e+00,3.46200000e-06,2.91523077e+00,
3.47200000e-06,2.95000000e+00,3.47200000e-06,2.91769176e+00,
3.48200000e-06,2.95000000e+00,3.48200000e-06,2.91987949e+00,
3.49200000e-06,2.95000000e+00,3.49200000e-06,2.92182904e+00,
3.50200000e-06,2.95000000e+00,3.50200000e-06,2.92357203e+00,
3.51200000e-06,2.95000000e+00,3.51200000e-06,2.92513502e+00,
3.52200000e-06,2.95000000e+00,3.52200000e-06,2.92654194e+00,
3.53200000e-06,2.95000000e+00,3.53200000e-06,2.92781262e+00,
3.54200000e-06,2.95000000e+00,3.54200000e-06,2.92896496e+00,
3.55200000e-06,2.95000000e+00,3.55200000e-06,2.93001362e+00,
3.56200000e-06,2.95000000e+00,3.56200000e-06,2.93097191e+00,
3.57200000e-06,2.95000000e+00,3.57200000e-06,2.93185060e+00,
3.58200000e-06,2.95000000e+00,3.58200000e-06,2.93265959e+00,
3.59200000e-06,2.95000000e+00,3.59200000e-06,2.93340675e+00,
3.60200000e-06,2.95000000e+00,3.60200000e-06,2.93409946e+00,
3.61200000e-06,2.95000000e+00,3.61200000e-06,2.93474349e+00,
3.62200000e-06,2.95000000e+00,3.62200000e-06,2.93534435e+00,
3.63200000e-06,2.95000000e+00,3.63200000e-06,2.93590630e+00,
3.64200000e-06,2.95000000e+00,3.64200000e-06,2.93643350e+00,
3.65200000e-06,2.95000000e+00,3.65200000e-06,2.93692908e+00,
3.66200000e-06,2.95000000e+00,3.66200000e-06,2.93739624e+00,
3.67200000e-06,2.95000000e+00,3.67200000e-06,2.93783732e+00,
3.68200000e-06,2.95000000e+00,3.68200000e-06,2.93825479e+00,
3.69200000e-06,2.95000000e+00,3.69200000e-06,2.93865040e+00,
3.70200000e-06,2.95000000e+00,3.70200000e-06,2.93902612e+00,
3.71200000e-06,2.95000000e+00,3.71200000e-06,2.93938327e+00,
3.72200000e-06,2.95000000e+00,3.72200000e-06,2.93972342e+00,
3.73200000e-06,2.95000000e+00,3.73200000e-06,2.94004760e+00,
3.74200000e-06,2.95000000e+00,3.74200000e-06,2.94035708e+00,
3.75200000e-06,2.95000000e+00,3.75200000e-06,2.94065267e+00,
3.76200000e-06,2.95000000e+00,3.76200000e-06,2.94093543e+00,
3.77200000e-06,2.95000000e+00,3.77200000e-06,2.94120599e+00,
3.78200000e-06,2.95000000e+00,3.78200000e-06,2.94146524e+00,
3.79200000e-06,2.95000000e+00,3.79200000e-06,2.94171369e+00,
3.80200000e-06,2.95000000e+00,3.80200000e-06,2.94195209e+00,
3.81200000e-06,2.95000000e+00,3.81200000e-06,2.94218086e+00,
3.82200000e-06,2.95000000e+00,3.82200000e-06,2.94240065e+00,
3.83200000e-06,2.95000000e+00,3.83200000e-06,2.94261180e+00,
3.84200000e-06,2.95000000e+00,3.84200000e-06,2.94281489e+00,
3.85200000e-06,2.95000000e+00,3.85200000e-06,2.94301018e+00,
3.86200000e-06,2.95000000e+00,3.86200000e-06,2.94319819e+00,
3.87200000e-06,2.95000000e+00,3.87200000e-06,2.94337915e+00,
3.88200000e-06,2.95000000e+00,3.88200000e-06,2.94355350e+00,
3.89200000e-06,2.95000000e+00,3.89200000e-06,2.94372144e+00,
3.90200000e-06,2.95000000e+00,3.90200000e-06,2.94388338e+00,
3.91200000e-06,2.95000000e+00,3.91200000e-06,2.94403947e+00,
3.92200000e-06,2.95000000e+00,3.92200000e-06,2.94419007e+00,
3.93200000e-06,2.95000000e+00,3.93200000e-06,2.94433534e+00,
3.94200000e-06,2.95000000e+00,3.94200000e-06,2.94447558e+00,
3.95200000e-06,2.95000000e+00,3.95200000e-06,2.94461093e+00,
3.96200000e-06,2.95000000e+00,3.96200000e-06,2.94474167e+00,
3.97200000e-06,2.95000000e+00,3.97200000e-06,2.94486791e+00,
3.98200000e-06,2.95000000e+00,3.98200000e-06,2.94498993e+00,
3.99200000e-06,2.95000000e+00,3.99200000e-06,2.94510779e+00,
4.00200000e-06,2.95000000e+00,4.00200000e-06,2.94522177e+00,
4.01200000e-06,2.95000000e+00,4.01200000e-06,2.94533192e+00,
4.02200000e-06,2.95000000e+00,4.02200000e-06,2.94543847e+00,
4.03200000e-06,2.95000000e+00,4.03200000e-06,2.94554149e+00,
4.04200000e-06,2.95000000e+00,4.04200000e-06,2.94564119e+00,
4.05200000e-06,2.95000000e+00,4.05200000e-06,2.94573763e+00,
4.06200000e-06,2.95000000e+00,4.06200000e-06,2.94583099e+00,
4.07200000e-06,2.95000000e+00,4.07200000e-06,2.94592132e+00,
4.08200000e-06,2.95000000e+00,4.08200000e-06,2.94600880e+00,
4.09200000e-06,2.95000000e+00,4.09200000e-06,2.94609347e+00,
4.10200000e-06,2.95000000e+00,4.10200000e-06,2.94617549e+00,
4.11200000e-06,2.95000000e+00,4.11200000e-06,2.94625491e+00,
4.12200000e-06,2.95000000e+00,4.12200000e-06,2.94633187e+00,
4.13200000e-06,2.95000000e+00,4.13200000e-06,2.94640640e+00,
4.14200000e-06,2.95000000e+00,4.14200000e-06,2.94647865e+00,
4.15200000e-06,2.95000000e+00,4.15200000e-06,2.94654863e+00,
4.16200000e-06,2.95000000e+00,4.16200000e-06,2.94661649e+00,
4.17200000e-06,2.95000000e+00,4.17200000e-06,2.94668224e+00,
4.18200000e-06,2.95000000e+00,4.18200000e-06,2.94674601e+00,
4.19200000e-06,2.95000000e+00,4.19200000e-06,2.94680781e+00,
4.20200000e-06,2.95000000e+00,4.20200000e-06,2.94686776e+00,
4.21200000e-06,2.95000000e+00,4.21200000e-06,2.94692588e+00,
4.22200000e-06,2.95000000e+00,4.22200000e-06,2.94698226e+00,
4.23200000e-06,2.95000000e+00,4.23200000e-06,2.94703694e+00,
4.24200000e-06,2.95000000e+00,4.24200000e-06,2.94709000e+00,
4.25200000e-06,2.95000000e+00,4.25200000e-06,2.94714146e+00,
4.26200000e-06,2.95000000e+00,4.26200000e-06,2.94719140e+00,
4.27200000e-06,2.95000000e+00,4.27200000e-06,2.94723985e+00,
4.28200000e-06,2.95000000e+00,4.28200000e-06,2.94728688e+00,
4.29200000e-06,2.95000000e+00,4.29200000e-06,2.94733251e+00,
4.30200000e-06,2.95000000e+00,4.30200000e-06,2.94737681e+00,
4.31200000e-06,2.95000000e+00,4.31200000e-06,2.94741980e+00,
4.32200000e-06,2.95000000e+00,4.32200000e-06,2.94746155e+00,
4.33200000e-06,2.95000000e+00,4.33200000e-06,2.94750206e+00,
4.34200000e-06,2.95000000e+00,4.34200000e-06,2.94754141e+00,
4.35200000e-06,2.95000000e+00,4.35200000e-06,2.94757960e+00,
4.36200000e-06,2.95000000e+00,4.36200000e-06,2.94761670e+00,
4.37200000e-06,2.95000000e+00,4.37200000e-06,2.94765272e+00,
4.38200000e-06,2.95000000e+00,4.38200000e-06,2.94768771e+00,
4.39200000e-06,2.95000000e+00,4.39200000e-06,2.94772168e+00,
4.40200000e-06,2.95000000e+00,4.40200000e-06,2.94775468e+00,
4.41200000e-06,2.95000000e+00,4.41200000e-06,2.94778673e+00,
4.42200000e-06,2.95000000e+00,4.42200000e-06,2.94781788e+00,
4.43200000e-06,2.95000000e+00,4.43200000e-06,2.94784812e+00,
4.44200000e-06,2.95000000e+00,4.44200000e-06,2.94787751e+00,
4.45200000e-06,2.95000000e+00,4.45200000e-06,2.94790606e+00,
4.46200000e-06,2.95000000e+00,4.46200000e-06,2.94793380e+00,
4.47200000e-06,2.95000000e+00,4.47200000e-06,2.94796075e+00,
4.48200000e-06,2.95000000e+00,4.48200000e-06,2.94798695e+00,
4.49200000e-06,2.95000000e+00,4.49200000e-06,2.94801239e+00,
4.50200000e-06,2.95000000e+00,4.50200000e-06,2.94803713e+00,
4.51200000e-06,2.95000000e+00,4.51200000e-06,2.94806116e+00,
4.52200000e-06,2.95000000e+00,4.52200000e-06,2.94808453e+00,
4.53200000e-06,2.95000000e+00,4.53200000e-06,2.94810723e+00,
4.54200000e-06,2.95000000e+00,4.54200000e-06,2.94812930e+00,
4.55200000e-06,2.95000000e+00,4.55200000e-06,2.94815075e+00,
4.56200000e-06,2.95000000e+00,4.56200000e-06,2.94817160e+00,
4.57200000e-06,2.95000000e+00,4.57200000e-06,2.94819186e+00,
4.58200000e-06,2.95000000e+00,4.58200000e-06,2.94821157e+00,
4.59200000e-06,2.95000000e+00,4.59200000e-06,2.94823072e+00,
4.60200000e-06,2.95000000e+00,4.60200000e-06,2.94824934e+00,
4.61200000e-06,2.95000000e+00,4.61200000e-06,2.94826744e+00,
4.62200000e-06,2.95000000e+00,4.62200000e-06,2.94828505e+00,
4.63200000e-06,2.95000000e+00,4.63200000e-06,2.94830216e+00,
4.64200000e-06,2.95000000e+00,4.64200000e-06,2.94831880e+00,
4.65200000e-06,2.95000000e+00,4.65200000e-06,2.94833497e+00,
4.66200000e-06,2.95000000e+00,4.66200000e-06,2.94835071e+00,
4.67200000e-06,2.95000000e+00,4.67200000e-06,2.94836600e+00,
4.68200000e-06,2.95000000e+00,4.68200000e-06,2.94838088e+00,
4.69200000e-06,2.95000000e+00,4.69200000e-06,2.94839534e+00,
4.70200000e-06,2.95000000e+00,4.70200000e-06,2.94840940e+00,
4.71200000e-06,2.95000000e+00,4.71200000e-06,2.94842308e+00,
4.72200000e-06,2.95000000e+00,4.72200000e-06,2.94843639e+00,
4.73200000e-06,2.95000000e+00,4.73200000e-06,2.94844932e+00,
4.74200000e-06,2.95000000e+00,4.74200000e-06,2.94846190e+00,
4.75200000e-06,2.95000000e+00,4.75200000e-06,2.94847414e+00,
4.76200000e-06,2.95000000e+00,4.76200000e-06,2.94848604e+00,
4.77200000e-06,2.95000000e+00,4.77200000e-06,2.94849762e+00,
4.78200000e-06,2.95000000e+00,4.78200000e-06,2.94850888e+00,
4.79200000e-06,2.95000000e+00,4.79200000e-06,2.94851983e+00,
4.80200000e-06,2.95000000e+00,4.80200000e-06,2.94853048e+00,
4.81200000e-06,2.95000000e+00,4.81200000e-06,2.94854084e+00,
4.82200000e-06,2.95000000e+00,4.82200000e-06,2.94855092e+00,
4.83200000e-06,2.95000000e+00,4.83200000e-06,2.94856072e+00,
4.84200000e-06,2.95000000e+00,4.84200000e-06,2.94857026e+00,
4.85200000e-06,2.95000000e+00,4.85200000e-06,2.94857953e+00,
4.86200000e-06,2.95000000e+00,4.86200000e-06,2.94858856e+00,
4.87200000e-06,2.95000000e+00,4.87200000e-06,2.94859734e+00,
4.88200000e-06,2.95000000e+00,4.88200000e-06,2.94860588e+00,
4.89200000e-06,2.95000000e+00,4.89200000e-06,2.94861418e+00,
4.90200000e-06,2.95000000e+00,4.90200000e-06,2.94862227e+00,
4.91200000e-06,2.95000000e+00,4.91200000e-06,2.94863013e+00,
4.92200000e-06,2.95000000e+00,4.92200000e-06,2.94863778e+00,
4.93200000e-06,2.95000000e+00,4.93200000e-06,2.94864522e+00,
4.94200000e-06,2.95000000e+00,4.94200000e-06,2.94865246e+00,
4.95200000e-06,2.95000000e+00,4.95200000e-06,2.94865950e+00,
4.96200000e-06,2.95000000e+00,4.96200000e-06,2.94866636e+00,
4.97200000e-06,2.95000000e+00,4.97200000e-06,2.94867302e+00,
4.98200000e-06,2.95000000e+00,4.98200000e-06,2.94867951e+00,
4.99200000e-06,2.95000000e+00,4.99200000e-06,2.94868582e+00,
5.00200000e-06,2.95000000e+00,5.00200000e-06,2.94869197e+00,
5.01200000e-06,2.95000000e+00,5.01200000e-06,2.94869794e+00,
5.02200000e-06,2.95000000e+00,5.02200000e-06,2.94870376e+00,
5.03200000e-06,2.95000000e+00,5.03200000e-06,2.94870941e+00,
5.04200000e-06,2.95000000e+00,5.04200000e-06,2.94871492e+00,
5.05200000e-06,2.95000000e+00,5.05200000e-06,2.94872027e+00,
5.06200000e-06,2.95000000e+00,5.06200000e-06,2.94872548e+00,
5.07200000e-06,2.95000000e+00,5.07200000e-06,2.94873055e+00,
5.08200000e-06,2.95000000e+00,5.08200000e-06,2.94873549e+00,
5.09200000e-06,2.95000000e+00,5.09200000e-06,2.94874029e+00,
5.10200000e-06,2.95000000e+00,5.10200000e-06,2.94874496e+00,
5.11200000e-06,2.95000000e+00,5.11200000e-06,2.94874951e+00,
5.12200000e-06,2.95000000e+00,5.12200000e-06,2.94875393e+00,
5.13200000e-06,2.95000000e+00,5.13200000e-06,2.94875823e+00,
5.14200000e-06,2.95000000e+00,5.14200000e-06,2.94876242e+00,
5.15200000e-06,2.95000000e+00,5.15200000e-06,2.94876650e+00,
5.16200000e-06,2.95000000e+00,5.16200000e-06,2.94877046e+00,
5.17200000e-06,2.95000000e+00,5.17200000e-06,2.94877432e+00,
5.18200000e-06,2.95000000e+00,5.18200000e-06,2.94877808e+00,
5.19200000e-06,2.95000000e+00,5.19200000e-06,2.94878173e+00,
5.20200000e-06,2.95000000e+00,5.20200000e-06,2.94878529e+00,
5.21200000e-06,2.95000000e+00,5.21200000e-06,2.94878875e+00,
5.22200000e-06,2.95000000e+00,5.22200000e-06,2.94879212e+00,
5.23200000e-06,2.95000000e+00,5.23200000e-06,2.94879540e+00,
5.24200000e-06,2.95000000e+00,5.24200000e-06,2.94879859e+00,
5.25200000e-06,2.95000000e+00,5.25200000e-06,2.94880169e+00,
5.26200000e-06,2.95000000e+00,5.26200000e-06,2.94880471e+00,
5.27200000e-06,2.95000000e+00,5.27200000e-06,2.94880765e+00,
5.28200000e-06,2.95000000e+00,5.28200000e-06,2.94881051e+00,
5.29200000e-06,2.95000000e+00,5.29200000e-06,2.94881330e+00,
5.30200000e-06,2.95000000e+00,5.30200000e-06,2.94881601e+00,
5.31200000e-06,2.95000000e+00,5.31200000e-06,2.94881864e+00,
5.32200000e-06,2.95000000e+00,5.32200000e-06,2.94882121e+00,
5.33200000e-06,2.95000000e+00,5.33200000e-06,2.94882371e+00,
5.34200000e-06,2.95000000e+00,5.34200000e-06,2.94882614e+00,
5.35200000e-06,2.95000000e+00,5.35200000e-06,2.94882850e+00,
5.36200000e-06,2.95000000e+00,5.36200000e-06,2.94883081e+00,
5.37200000e-06,2.95000000e+00,5.37200000e-06,2.94883304e+00,
5.38200000e-06,2.95000000e+00,5.38200000e-06,2.94883523e+00,
5.39200000e-06,2.95000000e+00,5.39200000e-06,2.94883735e+00,
5.40200000e-06,2.95000000e+00,5.40200000e-06,2.94883941e+00,
5.41200000e-06,2.95000000e+00,5.41200000e-06,2.94884142e+00,
5.42200000e-06,2.95000000e+00,5.42200000e-06,2.94884338e+00,
5.43200000e-06,2.95000000e+00,5.43200000e-06,2.94884528e+00,
5.44200000e-06,2.95000000e+00,5.44200000e-06,2.94884714e+00,
5.45200000e-06,2.95000000e+00,5.45200000e-06,2.94884894e+00,
5.46200000e-06,2.95000000e+00,5.46200000e-06,2.94885069e+00,
5.47200000e-06,2.95000000e+00,5.47200000e-06,2.94885240e+00,
5.48200000e-06,2.95000000e+00,5.48200000e-06,2.94885406e+00,
5.49200000e-06,2.95000000e+00,5.49200000e-06,2.94885568e+00,
5.50200000e-06,2.95000000e+00,5.50200000e-06,2.94885726e+00,
5.51200000e-06,2.95000000e+00,5.51200000e-06,2.94885879e+00,
5.52200000e-06,2.95000000e+00,5.52200000e-06,2.94886028e+00,
5.53200000e-06,2.95000000e+00,5.53200000e-06,2.94886173e+00,
5.54200000e-06,2.95000000e+00,5.54200000e-06,2.94886315e+00,
5.55200000e-06,2.95000000e+00,5.55200000e-06,2.94886452e+00,
5.56200000e-06,2.95000000e+00,5.56200000e-06,2.94886586e+00,
5.57200000e-06,2.95000000e+00,5.57200000e-06,2.94886716e+00,
5.58200000e-06,2.95000000e+00,5.58200000e-06,2.94886843e+00,
5.59200000e-06,2.95000000e+00,5.59200000e-06,2.94886966e+00,
5.60200000e-06,2.95000000e+00,5.60200000e-06,2.94887086e+00,
5.61200000e-06,2.95000000e+00,5.61200000e-06,2.94887203e+00,
5.62200000e-06,2.95000000e+00,5.62200000e-06,2.94887317e+00,
5.63200000e-06,2.95000000e+00,5.63200000e-06,2.94887428e+00,
5.64200000e-06,2.95000000e+00,5.64200000e-06,2.94887536e+00,
5.65200000e-06,2.95000000e+00,5.65200000e-06,2.94887640e+00,
5.66200000e-06,2.95000000e+00,5.66200000e-06,2.94887743e+00,
5.67200000e-06,2.95000000e+00,5.67200000e-06,2.94887842e+00,
5.68200000e-06,2.95000000e+00,5.68200000e-06,2.94887939e+00,
5.69200000e-06,2.95000000e+00,5.69200000e-06,2.94888033e+00,
5.70200000e-06,2.95000000e+00,5.70200000e-06,2.94888124e+00,
5.71200000e-06,2.95000000e+00,5.71200000e-06,2.94888213e+00,
5.72200000e-06,2.95000000e+00,5.72200000e-06,2.94888300e+00,
5.73200000e-06,2.95000000e+00,5.73200000e-06,2.94888385e+00,
5.74200000e-06,2.95000000e+00,5.74200000e-06,2.94888467e+00,
5.75200000e-06,2.95000000e+00,5.75200000e-06,2.94888547e+00,
5.76200000e-06,2.95000000e+00,5.76200000e-06,2.94888625e+00,
5.77200000e-06,2.95000000e+00,5.77200000e-06,2.94888701e+00,
5.78200000e-06,2.95000000e+00,5.78200000e-06,2.94888774e+00,
5.79200000e-06,2.95000000e+00,5.79200000e-06,2.94888846e+00,
5.80200000e-06,2.95000000e+00,5.80200000e-06,2.94888916e+00,
5.81200000e-06,2.95000000e+00,5.81200000e-06,2.94888984e+00,
5.82200000e-06,2.95000000e+00,5.82200000e-06,2.94889050e+00,
5.83200000e-06,2.95000000e+00,5.83200000e-06,2.94889115e+00,
5.84200000e-06,2.95000000e+00,5.84200000e-06,2.94889178e+00,
5.85200000e-06,2.95000000e+00,5.85200000e-06,2.94889239e+00,
5.86200000e-06,2.95000000e+00,5.86200000e-06,2.94889298e+00,
5.87200000e-06,2.95000000e+00,5.87200000e-06,2.94889356e+00,
5.88200000e-06,2.95000000e+00,5.88200000e-06,2.94889412e+00,
5.89200000e-06,2.95000000e+00,5.89200000e-06,2.94889467e+00,
5.90200000e-06,2.95000000e+00,5.90200000e-06,2.94889520e+00,
5.91200000e-06,2.95000000e+00,5.91200000e-06,2.94889572e+00,
5.92200000e-06,2.95000000e+00,5.92200000e-06,2.94889623e+00,
5.93200000e-06,2.95000000e+00,5.93200000e-06,2.94889672e+00,
5.94200000e-06,2.95000000e+00,5.94200000e-06,2.94889720e+00,
5.95200000e-06,2.95000000e+00,5.95200000e-06,2.94889766e+00,
5.96200000e-06,2.95000000e+00,5.96200000e-06,2.94889812e+00,
5.97200000e-06,2.95000000e+00,5.97200000e-06,2.94889856e+00,
5.98200000e-06,2.95000000e+00,5.98200000e-06,2.94889899e+00,
5.99200000e-06,2.95000000e+00,5.99200000e-06,2.94889941e+00,
6.00200000e-06,2.95000000e+00,6.00200000e-06,2.94889981e+00,
6.01200000e-06,2.95000000e+00,6.01200000e-06,2.94890021e+00,
6.02200000e-06,2.95000000e+00,6.02200000e-06,2.94890060e+00,
6.03200000e-06,2.95000000e+00,6.03200000e-06,2.94890097e+00,
6.04200000e-06,2.95000000e+00,6.04200000e-06,2.94890134e+00,
6.05200000e-06,2.95000000e+00,6.05200000e-06,2.94890169e+00,
6.06200000e-06,2.95000000e+00,6.06200000e-06,2.94890204e+00,
6.07200000e-06,2.95000000e+00,6.07200000e-06,2.94890238e+00,
6.08200000e-06,2.95000000e+00,6.08200000e-06,2.94890270e+00,
6.09200000e-06,2.95000000e+00,6.09200000e-06,2.94890302e+00,
6.10200000e-06,2.95000000e+00,6.10200000e-06,2.94890333e+00,
6.11200000e-06,2.95000000e+00,6.11200000e-06,2.94890364e+00,
6.12200000e-06,2.95000000e+00,6.12200000e-06,2.94890393e+00,
6.13200000e-06,2.95000000e+00,6.13200000e-06,2.94890422e+00,
6.14200000e-06,2.95000000e+00,6.14200000e-06,2.94890450e+00,
6.15200000e-06,2.95000000e+00,6.15200000e-06,2.94890477e+00,
6.16200000e-06,2.95000000e+00,6.16200000e-06,2.94890503e+00,
6.17200000e-06,2.95000000e+00,6.17200000e-06,2.94890529e+00,
6.18200000e-06,2.95000000e+00,6.18200000e-06,2.94890554e+00,
6.19200000e-06,2.95000000e+00,6.19200000e-06,2.94890578e+00,
6.20200000e-06,2.95000000e+00,6.20200000e-06,2.94890602e+00,
6.21200000e-06,2.95000000e+00,6.21200000e-06,2.94890625e+00,
6.22200000e-06,2.95000000e+00,6.22200000e-06,2.94890647e+00,
6.23200000e-06,2.95000000e+00,6.23200000e-06,2.94890669e+00,
6.24200000e-06,2.95000000e+00,6.24200000e-06,2.94890691e+00,
6.25200000e-06,2.95000000e+00,6.25200000e-06,2.94890711e+00,
6.26200000e-06,2.95000000e+00,6.26200000e-06,2.94890732e+00,
6.27200000e-06,2.95000000e+00,6.27200000e-06,2.94890751e+00,
6.28200000e-06,2.95000000e+00,6.28200000e-06,2.94890770e+00,
6.29200000e-06,2.95000000e+00,6.29200000e-06,2.94890789e+00,
6.30200000e-06,2.95000000e+00,6.30200000e-06,2.94890807e+00,
6.31200000e-06,2.95000000e+00,6.31200000e-06,2.94890825e+00,
6.32200000e-06,2.95000000e+00,6.32200000e-06,2.94890842e+00,
6.33200000e-06,2.95000000e+00,6.33200000e-06,2.94890858e+00,
6.34200000e-06,2.95000000e+00,6.34200000e-06,2.94890875e+00,
6.35200000e-06,2.95000000e+00,6.35200000e-06,2.94890890e+00,
6.36200000e-06,2.95000000e+00,6.36200000e-06,2.94890906e+00,
6.37200000e-06,2.95000000e+00,6.37200000e-06,2.94890921e+00,
6.38200000e-06,2.95000000e+00,6.38200000e-06,2.94890935e+00,
6.39200000e-06,2.95000000e+00,6.39200000e-06,2.94890950e+00,
6.40200000e-06,2.95000000e+00,6.40200000e-06,2.94890963e+00,
6.41200000e-06,2.95000000e+00,6.41200000e-06,2.94890977e+00,
6.42200000e-06,2.95000000e+00,6.42200000e-06,2.94890990e+00,
6.43200000e-06,2.95000000e+00,6.43200000e-06,2.94891003e+00,
6.44200000e-06,2.95000000e+00,6.44200000e-06,2.94891015e+00,
6.45200000e-06,2.95000000e+00,6.45200000e-06,2.94891027e+00,
6.46200000e-06,2.95000000e+00,6.46200000e-06,2.94891039e+00,
6.47200000e-06,2.95000000e+00,6.47200000e-06,2.94891050e+00,
6.48200000e-06,2.95000000e+00,6.48200000e-06,2.94891061e+00,
6.49200000e-06,2.95000000e+00,6.49200000e-06,2.94891072e+00,
6.50200000e-06,2.95000000e+00,6.50200000e-06,2.94891083e+00,
6.51200000e-06,2.95000000e+00,6.51200000e-06,2.94891093e+00,
6.52200000e-06,2.95000000e+00,6.52200000e-06,2.94891103e+00,
6.53200000e-06,2.95000000e+00,6.53200000e-06,2.94891113e+00,
6.54200000e-06,2.95000000e+00,6.54200000e-06,2.94891122e+00,
6.55200000e-06,2.95000000e+00,6.55200000e-06,2.94891131e+00,
6.56200000e-06,2.95000000e+00,6.56200000e-06,2.94891140e+00,
6.57200000e-06,2.95000000e+00,6.57200000e-06,2.94891149e+00,
6.58200000e-06,2.95000000e+00,6.58200000e-06,2.94891158e+00,
6.59200000e-06,2.95000000e+00,6.59200000e-06,2.94891166e+00,
6.60200000e-06,2.95000000e+00,6.60200000e-06,2.94891174e+00,
6.61200000e-06,2.95000000e+00,6.61200000e-06,2.94891182e+00,
6.62200000e-06,2.95000000e+00,6.62200000e-06,2.94891189e+00,
6.63200000e-06,2.95000000e+00,6.63200000e-06,2.94891197e+00,
6.64200000e-06,2.95000000e+00,6.64200000e-06,2.94891204e+00,
6.65200000e-06,2.95000000e+00,6.65200000e-06,2.94891211e+00,
6.66200000e-06,2.95000000e+00,6.66200000e-06,2.94891218e+00,
6.67200000e-06,2.95000000e+00,6.67200000e-06,2.94891225e+00,
6.68200000e-06,2.95000000e+00,6.68200000e-06,2.94891231e+00,
6.69200000e-06,2.95000000e+00,6.69200000e-06,2.94891237e+00,
6.70200000e-06,2.95000000e+00,6.70200000e-06,2.94891244e+00,
6.71200000e-06,2.95000000e+00,6.71200000e-06,2.94891250e+00,
6.72200000e-06,2.95000000e+00,6.72200000e-06,2.94891255e+00,
6.73200000e-06,2.95000000e+00,6.73200000e-06,2.94891261e+00,
6.74200000e-06,2.95000000e+00,6.74200000e-06,2.94891267e+00,
6.75200000e-06,2.95000000e+00,6.75200000e-06,2.94891272e+00,
6.76200000e-06,2.95000000e+00,6.76200000e-06,2.94891277e+00,
6.77200000e-06,2.95000000e+00,6.77200000e-06,2.94891282e+00,
6.78200000e-06,2.95000000e+00,6.78200000e-06,2.94891287e+00,
6.79200000e-06,2.95000000e+00,6.79200000e-06,2.94891292e+00,
6.80200000e-06,2.95000000e+00,6.80200000e-06,2.94891297e+00,
6.81200000e-06,2.95000000e+00,6.81200000e-06,2.94891301e+00,
6.82200000e-06,2.95000000e+00,6.82200000e-06,2.94891306e+00,
6.83200000e-06,2.95000000e+00,6.83200000e-06,2.94891310e+00,
6.84200000e-06,2.95000000e+00,6.84200000e-06,2.94891314e+00,
6.85200000e-06,2.95000000e+00,6.85200000e-06,2.94891318e+00,
6.86200000e-06,2.95000000e+00,6.86200000e-06,2.94891322e+00,
6.87200000e-06,2.95000000e+00,6.87200000e-06,2.94891326e+00,
6.88200000e-06,2.95000000e+00,6.88200000e-06,2.94891330e+00,
6.89200000e-06,2.95000000e+00,6.89200000e-06,2.94891334e+00,
6.90200000e-06,2.95000000e+00,6.90200000e-06,2.94891337e+00,
6.91200000e-06,2.95000000e+00,6.91200000e-06,2.94891341e+00,
6.92200000e-06,2.95000000e+00,6.92200000e-06,2.94891344e+00,
6.93200000e-06,2.95000000e+00,6.93200000e-06,2.94891347e+00,
6.94200000e-06,2.95000000e+00,6.94200000e-06,2.94891351e+00,
6.95200000e-06,2.95000000e+00,6.95200000e-06,2.94891354e+00,
6.96200000e-06,2.95000000e+00,6.96200000e-06,2.94891357e+00,
6.97200000e-06,2.95000000e+00,6.97200000e-06,2.94891360e+00,
6.98200000e-06,2.95000000e+00,6.98200000e-06,2.94891363e+00,
6.99200000e-06,2.95000000e+00,6.99200000e-06,2.94891365e+00,
7.00200000e-06,2.95000000e+00,7.00200000e-06,2.94891368e+00,
7.01200000e-06,2.95000000e+00,7.01200000e-06,2.94891371e+00,
7.02200000e-06,2.95000000e+00,7.02200000e-06,2.94891373e+00,
7.03200000e-06,2.95000000e+00,7.03200000e-06,2.94891376e+00,
7.04200000e-06,2.95000000e+00,7.04200000e-06,2.94891378e+00,
7.05200000e-06,2.95000000e+00,7.05200000e-06,2.94891381e+00,
7.06200000e-06,2.95000000e+00,7.06200000e-06,2.94891383e+00,
7.07200000e-06,2.95000000e+00,7.07200000e-06,2.94891385e+00,
7.08200000e-06,2.95000000e+00,7.08200000e-06,2.94891388e+00,
7.09200000e-06,2.95000000e+00,7.09200000e-06,2.94891390e+00,
7.10200000e-06,2.95000000e+00,7.10200000e-06,2.94891392e+00,
7.11200000e-06,2.95000000e+00,7.11200000e-06,2.94891394e+00,
7.12200000e-06,2.95000000e+00,7.12200000e-06,2.94891396e+00,
7.13200000e-06,2.95000000e+00,7.13200000e-06,2.94891398e+00,
7.14200000e-06,2.95000000e+00,7.14200000e-06,2.94891400e+00,
7.15200000e-06,2.95000000e+00,7.15200000e-06,2.94891401e+00,
7.16200000e-06,2.95000000e+00,7.16200000e-06,2.94891403e+00,
7.17200000e-06,2.95000000e+00,7.17200000e-06,2.94891405e+00,
7.18200000e-06,2.95000000e+00,7.18200000e-06,2.94891407e+00,
7.19200000e-06,2.95000000e+00,7.19200000e-06,2.94891408e+00,
7.20200000e-06,2.95000000e+00,7.20200000e-06,2.94891410e+00,
7.21200000e-06,2.95000000e+00,7.21200000e-06,2.94891411e+00,
7.22200000e-06,2.95000000e+00,7.22200000e-06,2.94891413e+00,
7.23200000e-06,2.95000000e+00,7.23200000e-06,2.94891414e+00,
7.24200000e-06,2.95000000e+00,7.24200000e-06,2.94891416e+00,
7.25200000e-06,2.95000000e+00,7.25200000e-06,2.94891417e+00,
7.26200000e-06,2.95000000e+00,7.26200000e-06,2.94891419e+00,
7.27200000e-06,2.95000000e+00,7.27200000e-06,2.94891420e+00,
7.28200000e-06,2.95000000e+00,7.28200000e-06,2.94891421e+00,
7.29200000e-06,2.95000000e+00,7.29200000e-06,2.94891422e+00,
7.30200000e-06,2.95000000e+00,7.30200000e-06,2.94891424e+00,
7.31200000e-06,2.95000000e+00,7.31200000e-06,2.94891425e+00,
7.32200000e-06,2.95000000e+00,7.32200000e-06,2.94891426e+00,
7.33200000e-06,2.95000000e+00,7.33200000e-06,2.94891427e+00,
7.34200000e-06,2.95000000e+00,7.34200000e-06,2.94891428e+00,
7.35200000e-06,2.95000000e+00,7.35200000e-06,2.94891429e+00,
7.36200000e-06,2.95000000e+00,7.36200000e-06,2.94891430e+00,
7.37200000e-06,2.95000000e+00,7.37200000e-06,2.94891431e+00,
7.38200000e-06,2.95000000e+00,7.38200000e-06,2.94891432e+00,
7.39200000e-06,2.95000000e+00,7.39200000e-06,2.94891433e+00,
7.40200000e-06,2.95000000e+00,7.40200000e-06,2.94891434e+00,
7.41200000e-06,2.95000000e+00,7.41200000e-06,2.94891435e+00,
7.42200000e-06,2.95000000e+00,7.42200000e-06,2.94891436e+00,
7.43200000e-06,2.95000000e+00,7.43200000e-06,2.94891437e+00,
7.44200000e-06,2.95000000e+00,7.44200000e-06,2.94891438e+00,
7.45200000e-06,2.95000000e+00,7.45200000e-06,2.94891438e+00,
7.46200000e-06,2.95000000e+00,7.46200000e-06,2.94891439e+00,
7.47200000e-06,2.95000000e+00,7.47200000e-06,2.94891440e+00,
7.48200000e-06,2.95000000e+00,7.48200000e-06,2.94891441e+00,
7.49200000e-06,2.95000000e+00,7.49200000e-06,2.94891441e+00,
7.50200000e-06,2.95000000e+00,7.50200000e-06,2.94891442e+00,
7.51000000e-06,2.95000000e+00,7.51000000e-06,2.94891443e+00,
7.51100000e-06,2.66000000e+00,7.51100000e-06,2.94876699e+00,
7.51300000e-06,2.08000000e+00,7.51300000e-06,2.94839149e+00,
7.51700000e-06,9.20000000e-01,7.51700000e-06,2.94747123e+00,
7.52000000e-06,5.00000000e-02,7.52000000e-06,2.94689712e+00,
7.52080000e-06,5.00000000e-02,7.52080000e-06,2.94701624e+00,
7.52240000e-06,5.00000000e-02,7.52240000e-06,2.94736378e+00,
7.52560000e-06,5.00000000e-02,7.52560000e-06,2.94847204e+00,
7.53200000e-06,5.00000000e-02,7.53200000e-06,2.95056800e+00,
7.54200000e-06,5.00000000e-02,7.54200000e-06,2.95121577e+00,
7.55200000e-06,5.00000000e-02,7.55200000e-06,2.94854285e+00,
7.56200000e-06,5.00000000e-02,7.56200000e-06,2.94325825e+00,
7.57200000e-06,5.00000000e-02,7.57200000e-06,2.93600211e+00,
7.58200000e-06,5.00000000e-02,7.58200000e-06,2.92708029e+00,
7.59200000e-06,5.00000000e-02,7.59200000e-06,2.91661257e+00,
7.60200000e-06,5.00000000e-02,7.60200000e-06,2.90465996e+00,
7.61200000e-06,5.00000000e-02,7.61200000e-06,2.89124387e+00,
7.62200000e-06,5.00000000e-02,7.62200000e-06,2.87637179e+00,
7.63200000e-06,5.00000000e-02,7.63200000e-06,2.86005690e+00,
7.64200000e-06,5.00000000e-02,7.64200000e-06,2.84234885e+00,
7.65200000e-06,5.00000000e-02,7.65200000e-06,2.82332659e+00,
7.66200000e-06,5.00000000e-02,7.66200000e-06,2.80311306e+00,
7.67200000e-06,5.00000000e-02,7.67200000e-06,2.78186869e+00,
7.68200000e-06,5.00000000e-02,7.68200000e-06,2.75978586e+00,
7.69200000e-06,5.00000000e-02,7.69200000e-06,2.73705222e+00,
7.70200000e-06,5.00000000e-02,7.70200000e-06,2.71383751e+00,
7.71200000e-06,5.00000000e-02,7.71200000e-06,2.69027661e+00,
7.72200000e-06,5.00000000e-02,7.72200000e-06,2.66647722e+00,
7.73200000e-06,5.00000000e-02,7.73200000e-06,2.64251599e+00,
7.74200000e-06,5.00000000e-02,7.74200000e-06,2.61845077e+00,
7.75200000e-06,5.00000000e-02,7.75200000e-06,2.59431866e+00,
7.76200000e-06,5.00000000e-02,7.76200000e-06,2.57014727e+00,
7.77200000e-06,5.00000000e-02,7.77200000e-06,2.54595187e+00,
7.78200000e-06,5.00000000e-02,7.78200000e-06,2.52174445e+00,
7.79200000e-06,5.00000000e-02,7.79200000e-06,2.49752976e+00,
7.80200000e-06,5.00000000e-02,7.80200000e-06,2.47331266e+00,
7.81200000e-06,5.00000000e-02,7.81200000e-06,2.44909348e+00,
7.82200000e-06,5.00000000e-02,7.82200000e-06,2.42487420e+00,
7.83200000e-06,5.00000000e-02,7.83200000e-06,2.40065364e+00,
7.84200000e-06,5.00000000e-02,7.84200000e-06,2.37643282e+00,
7.85200000e-06,5.00000000e-02,7.85200000e-06,2.35221027e+00,
7.86200000e-06,5.00000000e-02,7.86200000e-06,2.32798681e+00,
7.87200000e-06,5.00000000e-02,7.87200000e-06,2.30376107e+00,
7.88200000e-06,5.00000000e-02,7.88200000e-06,2.27953391e+00,
7.89200000e-06,5.00000000e-02,7.89200000e-06,2.25530417e+00,
7.90200000e-06,5.00000000e-02,7.90200000e-06,2.23107277e+00,
7.91200000e-06,5.00000000e-02,7.91200000e-06,2.20683875e+00,
7.92200000e-06,5.00000000e-02,7.92200000e-06,2.18260305e+00,
7.93200000e-06,5.00000000e-02,7.93200000e-06,2.15836486e+00,
7.94200000e-06,5.00000000e-02,7.94200000e-06,2.13412510e+00,
7.95200000e-06,5.00000000e-02,7.95200000e-06,2.10988305e+00,
7.96200000e-06,5.00000000e-02,7.96200000e-06,2.08563962e+00,
7.97200000e-06,5.00000000e-02,7.97200000e-06,2.06139415e+00,
7.98200000e-06,5.00000000e-02,7.98200000e-06,2.03714749e+00,
7.99200000e-06,5.00000000e-02,7.99200000e-06,2.01289903e+00,
8.00200000e-06,5.00000000e-02,8.00200000e-06,1.98864958e+00,
8.01200000e-06,5.00000000e-02,8.01200000e-06,1.96439856e+00,
8.02200000e-06,5.00000000e-02,8.02200000e-06,1.94014672e+00,
8.03200000e-06,5.00000000e-02,8.03200000e-06,1.91589353e+00,
8.04200000e-06,5.00000000e-02,8.04200000e-06,1.89163967e+00,
8.05200000e-06,5.00000000e-02,8.05200000e-06,1.86738466e+00,
8.06200000e-06,5.00000000e-02,8.06200000e-06,1.84312912e+00,
8.07200000e-06,5.00000000e-02,8.07200000e-06,1.81887261e+00,
8.08200000e-06,5.00000000e-02,8.08200000e-06,1.79461572e+00,
8.09200000e-06,5.00000000e-02,8.09200000e-06,1.77035803e+00,
8.10200000e-06,5.00000000e-02,8.10200000e-06,1.74610011e+00,
8.11200000e-06,5.00000000e-02,8.11200000e-06,1.72184157e+00,
8.12200000e-06,5.00000000e-02,8.12200000e-06,1.69758295e+00,
8.13200000e-06,5.00000000e-02,8.13200000e-06,1.67332389e+00,
8.14200000e-06,5.00000000e-02,8.14200000e-06,1.64906492e+00,
8.15200000e-06,5.00000000e-02,8.15200000e-06,1.62480570e+00,
8.16200000e-06,5.00000000e-02,8.16200000e-06,1.60054672e+00,
8.17200000e-06,5.00000000e-02,8.17200000e-06,1.57628770e+00,
8.18200000e-06,5.00000000e-02,8.18200000e-06,1.55202910e+00,
8.19200000e-06,5.00000000e-02,8.19200000e-06,1.52777065e+00,
8.20200000e-06,5.00000000e-02,8.20200000e-06,1.50351281e+00,
8.21200000e-06,5.00000000e-02,8.21200000e-06,1.47925535e+00,
8.22200000e-06,5.00000000e-02,8.22200000e-06,1.45499869e+00,
8.23200000e-06,5.00000000e-02,8.23200000e-06,1.43074264e+00,
8.24200000e-06,5.00000000e-02,8.24200000e-06,1.40648761e+00,
8.25200000e-06,5.00000000e-02,8.25200000e-06,1.38223343e+00,
8.26200000e-06,5.00000000e-02,8.26200000e-06,1.35798050e+00,
8.27200000e-06,5.00000000e-02,8.27200000e-06,1.33372871e+00,
8.28200000e-06,5.00000000e-02,8.28200000e-06,1.30947845e+00,
8.29200000e-06,5.00000000e-02,8.29200000e-06,1.28522963e+00,
8.30200000e-06,5.00000000e-02,8.30200000e-06,1.26098265e+00,
8.31200000e-06,5.00000000e-02,8.31200000e-06,1.23673746e+00,
8.32200000e-06,5.00000000e-02,8.32200000e-06,1.21249449e+00,
8.33200000e-06,5.00000000e-02,8.33200000e-06,1.18825375e+00,
8.34200000e-06,5.00000000e-02,8.34200000e-06,1.16401569e+00,
8.35200000e-06,5.00000000e-02,8.35200000e-06,1.13978041e+00,
8.36200000e-06,5.00000000e-02,8.36200000e-06,1.11554844e+00,
8.37200000e-06,5.00000000e-02,8.37200000e-06,1.09132002e+00,
8.38200000e-06,5.00000000e-02,8.38200000e-06,1.06709583e+00,
8.39200000e-06,5.00000000e-02,8.39200000e-06,1.04287634e+00,
8.40200000e-06,5.00000000e-02,8.40200000e-06,1.01866249e+00,
8.41200000e-06,5.00000000e-02,8.41200000e-06,9.94455102e-01,
8.42200000e-06,5.00000000e-02,8.42200000e-06,9.70255514e-01,
8.43200000e-06,5.00000000e-02,8.43200000e-06,9.46064985e-01,
8.44200000e-06,5.00000000e-02,8.44200000e-06,9.21885311e-01,
8.45200000e-06,5.00000000e-02,8.45200000e-06,8.97718161e-01,
8.46200000e-06,5.00000000e-02,8.46200000e-06,8.73565652e-01,
8.47200000e-06,5.00000000e-02,8.47200000e-06,8.49429671e-01,
8.48200000e-06,5.00000000e-02,8.48200000e-06,8.25312397e-01,
8.49200000e-06,5.00000000e-02,8.49200000e-06,8.01215593e-01,
8.50200000e-06,5.00000000e-02,8.50200000e-06,7.77141016e-01,
8.51200000e-06,5.00000000e-02,8.51200000e-06,7.53089700e-01,
8.52200000e-06,5.00000000e-02,8.52200000e-06,7.29062454e-01,
8.53200000e-06,5.00000000e-02,8.53200000e-06,7.05059398e-01,
8.54200000e-06,5.00000000e-02,8.54200000e-06,6.81080783e-01,
8.55200000e-06,5.00000000e-02,8.55200000e-06,6.57126840e-01,
8.56200000e-06,5.00000000e-02,8.56200000e-06,6.33198953e-01,
8.57200000e-06,5.00000000e-02,8.57200000e-06,6.09299100e-01,
8.58200000e-06,5.00000000e-02,8.58200000e-06,5.85430721e-01,
8.59200000e-06,5.00000000e-02,8.59200000e-06,5.61598043e-01,
8.60200000e-06,5.00000000e-02,8.60200000e-06,5.37807447e-01,
8.61200000e-06,5.00000000e-02,8.61200000e-06,5.14066247e-01,
8.62200000e-06,5.00000000e-02,8.62200000e-06,4.90380520e-01,
8.63200000e-06,5.00000000e-02,8.63200000e-06,4.66754142e-01,
8.64200000e-06,5.00000000e-02,8.64200000e-06,4.43190383e-01,
8.65200000e-06,5.00000000e-02,8.65200000e-06,4.19686280e-01,
8.66200000e-06,5.00000000e-02,8.66200000e-06,3.96234480e-01,
8.67200000e-06,5.00000000e-02,8.67200000e-06,3.72829353e-01,
8.68200000e-06,5.00000000e-02,8.68200000e-06,3.49475862e-01,
8.69200000e-06,5.00000000e-02,8.69200000e-06,3.26200335e-01,
8.70200000e-06,5.00000000e-02,8.70200000e-06,3.03061367e-01,
8.71200000e-06,5.00000000e-02,8.71200000e-06,2.80158871e-01,
8.72200000e-06,5.00000000e-02,8.72200000e-06,2.57633028e-01,
8.73200000e-06,5.00000000e-02,8.73200000e-06,2.35653643e-01,
8.74200000e-06,5.00000000e-02,8.74200000e-06,2.14403721e-01,
8.75200000e-06,5.00000000e-02,8.75200000e-06,1.94059728e-01,
8.76200000e-06,5.00000000e-02,8.76200000e-06,1.74776642e-01,
8.77200000e-06,5.00000000e-02,8.77200000e-06,1.56678190e-01,
8.78200000e-06,5.00000000e-02,8.78200000e-06,1.39852653e-01,
8.79200000e-06,5.00000000e-02,8.79200000e-06,1.24360465e-01,
8.80200000e-06,5.00000000e-02,8.80200000e-06,1.10196173e-01,
8.81200000e-06,5.00000000e-02,8.81200000e-06,9.71614609e-02,
8.82200000e-06,5.00000000e-02,8.82200000e-06,8.56527354e-02,
8.83200000e-06,5.00000000e-02,8.83200000e-06,7.61003229e-02,
8.84200000e-06,5.00000000e-02,8.84200000e-06,6.83182529e-02,
8.85200000e-06,5.00000000e-02,8.85200000e-06,6.20532984e-02,
8.86200000e-06,5.00000000e-02,8.86200000e-06,5.70213407e-02,
8.87200000e-06,5.00000000e-02,8.87200000e-06,5.29918177e-02,
8.88200000e-06,5.00000000e-02,8.88200000e-06,4.97689063e-02,
8.89200000e-06,5.00000000e-02,8.89200000e-06,4.72009081e-02,
8.90200000e-06,5.00000000e-02,8.90200000e-06,4.51613745e-02,
8.91200000e-06,5.00000000e-02,8.91200000e-06,4.35539070e-02,
8.92200000e-06,5.00000000e-02,8.92200000e-06,4.22965515e-02,
8.93200000e-06,5.00000000e-02,8.93200000e-06,4.13275123e-02,
8.94200000e-06,5.00000000e-02,8.94200000e-06,4.05931518e-02,
8.95200000e-06,5.00000000e-02,8.95200000e-06,4.00533585e-02,
8.96200000e-06,5.00000000e-02,8.96200000e-06,3.96722927e-02,
8.97200000e-06,5.00000000e-02,8.97200000e-06,3.94231457e-02,
8.98200000e-06,5.00000000e-02,8.98200000e-06,3.92811760e-02,
8.99200000e-06,5.00000000e-02,8.99200000e-06,3.92280551e-02,
9.00200000e-06,5.00000000e-02,9.00200000e-06,3.92465193e-02,
9.01200000e-06,5.00000000e-02,9.01200000e-06,3.93240167e-02,
9.02200000e-06,5.00000000e-02,9.02200000e-06,3.94485618e-02,
9.03200000e-06,5.00000000e-02,9.03200000e-06,3.96116703e-02,
9.04200000e-06,5.00000000e-02,9.04200000e-06,3.98050787e-02,
9.05200000e-06,5.00000000e-02,9.05200000e-06,4.00231033e-02,
9.06200000e-06,5.00000000e-02,9.06200000e-06,4.02600450e-02,
9.07200000e-06,5.00000000e-02,9.07200000e-06,4.05120975e-02,
9.08200000e-06,5.00000000e-02,9.08200000e-06,4.07752992e-02,
9.09200000e-06,5.00000000e-02,9.09200000e-06,4.10470834e-02,
9.10200000e-06,5.00000000e-02,9.10200000e-06,4.13246617e-02,
9.11200000e-06,5.00000000e-02,9.11200000e-06,4.16062830e-02,
9.12200000e-06,5.00000000e-02,9.12200000e-06,4.18899561e-02,
9.13200000e-06,5.00000000e-02,9.13200000e-06,4.21744704e-02,
9.14200000e-06,5.00000000e-02,9.14200000e-06,4.24583840e-02,
9.15200000e-06,5.00000000e-02,9.15200000e-06,4.27408497e-02,
9.16200000e-06,5.00000000e-02,9.16200000e-06,4.30208113e-02,
9.17200000e-06,5.00000000e-02,9.17200000e-06,4.32976712e-02,
9.18200000e-06,5.00000000e-02,9.18200000e-06,4.35706506e-02,
9.19200000e-06,5.00000000e-02,9.19200000e-06,4.38393281e-02,
9.20200000e-06,5.00000000e-02,9.20200000e-06,4.41031295e-02,
9.21200000e-06,5.00000000e-02,9.21200000e-06,4.43617619e-02,
9.22200000e-06,5.00000000e-02,9.22200000e-06,4.46148062e-02,
9.23200000e-06,5.00000000e-02,9.23200000e-06,4.48620662e-02,
9.24200000e-06,5.00000000e-02,9.24200000e-06,4.51032437e-02,
9.25200000e-06,5.00000000e-02,9.25200000e-06,4.53382179e-02,
9.26200000e-06,5.00000000e-02,9.26200000e-06,4.55667863e-02,
9.27200000e-06,5.00000000e-02,9.27200000e-06,4.57888887e-02,
9.28200000e-06,5.00000000e-02,9.28200000e-06,4.60044002e-02,
9.29200000e-06,5.00000000e-02,9.29200000e-06,4.62133098e-02,
9.30200000e-06,5.00000000e-02,9.30200000e-06,4.64155559e-02,
9.31200000e-06,5.00000000e-02,9.31200000e-06,4.66111686e-02,
9.32200000e-06,5.00000000e-02,9.32200000e-06,4.68001382e-02,
9.33200000e-06,5.00000000e-02,9.33200000e-06,4.69825284e-02,
9.34200000e-06,5.00000000e-02,9.34200000e-06,4.71583722e-02,
9.35200000e-06,5.00000000e-02,9.35200000e-06,4.73277612e-02,
9.36200000e-06,5.00000000e-02,9.36200000e-06,4.74907629e-02,
9.37200000e-06,5.00000000e-02,9.37200000e-06,4.76474915e-02,
9.38200000e-06,5.00000000e-02,9.38200000e-06,4.77980421e-02,
9.39200000e-06,5.00000000e-02,9.39200000e-06,4.79425465e-02,
9.40200000e-06,5.00000000e-02,9.40200000e-06,4.80811216e-02,
9.41200000e-06,5.00000000e-02,9.41200000e-06,4.82139126e-02,
9.42200000e-06,5.00000000e-02,9.42200000e-06,4.83410527e-02,
9.43200000e-06,5.00000000e-02,9.43200000e-06,4.84626966e-02,
9.44200000e-06,5.00000000e-02,9.44200000e-06,4.85789890e-02,
9.45200000e-06,5.00000000e-02,9.45200000e-06,4.86900910e-02,
9.46200000e-06,5.00000000e-02,9.46200000e-06,4.87961548e-02,
9.47200000e-06,5.00000000e-02,9.47200000e-06,4.88973443e-02,
9.48200000e-06,5.00000000e-02,9.48200000e-06,4.89938159e-02,
9.49200000e-06,5.00000000e-02,9.49200000e-06,4.90857341e-02,
9.50200000e-06,5.00000000e-02,9.50200000e-06,4.91732563e-02,
9.51200000e-06,5.00000000e-02,9.51200000e-06,4.92565452e-02,
9.52200000e-06,5.00000000e-02,9.52200000e-06,4.93357568e-02,
9.53200000e-06,5.00000000e-02,9.53200000e-06,4.94110502e-02,
9.54200000e-06,5.00000000e-02,9.54200000e-06,4.94825781e-02,
9.55200000e-06,5.00000000e-02,9.55200000e-06,4.95504942e-02,
9.56200000e-06,5.00000000e-02,9.56200000e-06,4.96149466e-02,
9.57200000e-06,5.00000000e-02,9.57200000e-06,4.96760825e-02,
9.58200000e-06,5.00000000e-02,9.58200000e-06,4.97340437e-02,
9.59200000e-06,5.00000000e-02,9.59200000e-06,4.97889704e-02,
9.60200000e-06,5.00000000e-02,9.60200000e-06,4.98409974e-02,
9.61200000e-06,5.00000000e-02,9.61200000e-06,4.98902570e-02,
9.62200000e-06,5.00000000e-02,9.62200000e-06,4.99368763e-02,
9.63200000e-06,5.00000000e-02,9.63200000e-06,4.99809796e-02,
9.64200000e-06,5.00000000e-02,9.64200000e-06,5.00226858e-02,
9.65200000e-06,5.00000000e-02,9.65200000e-06,5.00621108e-02,
9.66200000e-06,5.00000000e-02,9.66200000e-06,5.00993656e-02,
9.67200000e-06,5.00000000e-02,9.67200000e-06,5.01345576e-02,
9.68200000e-06,5.00000000e-02,9.68200000e-06,5.01677896e-02,
9.69200000e-06,5.00000000e-02,9.69200000e-06,5.01991608e-02,
9.70200000e-06,5.00000000e-02,9.70200000e-06,5.02287661e-02,
9.71200000e-06,5.00000000e-02,9.71200000e-06,5.02566965e-02,
9.72200000e-06,5.00000000e-02,9.72200000e-06,5.02830392e-02,
9.73200000e-06,5.00000000e-02,9.73200000e-06,5.03078776e-02,
9.74200000e-06,5.00000000e-02,9.74200000e-06,5.03312912e-02,
9.75200000e-06,5.00000000e-02,9.75200000e-06,5.03533563e-02,
9.76200000e-06,5.00000000e-02,9.76200000e-06,5.03741452e-02,
9.77200000e-06,5.00000000e-02,9.77200000e-06,5.03937274e-02,
9.78200000e-06,5.00000000e-02,9.78200000e-06,5.04121686e-02,
9.79200000e-06,5.00000000e-02,9.79200000e-06,5.04295315e-02,
9.80200000e-06,5.00000000e-02,9.80200000e-06,5.04458758e-02,
9.81200000e-06,5.00000000e-02,9.81200000e-06,5.04612582e-02,
9.82200000e-06,5.00000000e-02,9.82200000e-06,5.04757324e-02,
9.83200000e-06,5.00000000e-02,9.83200000e-06,5.04893497e-02,
9.84200000e-06,5.00000000e-02,9.84200000e-06,5.05021585e-02,
9.85200000e-06,5.00000000e-02,9.85200000e-06,5.05142049e-02,
9.86200000e-06,5.00000000e-02,9.86200000e-06,5.05255322e-02,
9.87200000e-06,5.00000000e-02,9.87200000e-06,5.05361819e-02,
9.88200000e-06,5.00000000e-02,9.88200000e-06,5.05461930e-02,
9.89200000e-06,5.00000000e-02,9.89200000e-06,5.05556025e-02,
9.90200000e-06,5.00000000e-02,9.90200000e-06,5.05644453e-02,
9.91200000e-06,5.00000000e-02,9.91200000e-06,5.05727546e-02,
9.92200000e-06,5.00000000e-02,9.92200000e-06,5.05805613e-02,
9.93200000e-06,5.00000000e-02,9.93200000e-06,5.05878954e-02,
9.94200000e-06,5.00000000e-02,9.94200000e-06,5.05947843e-02,
9.95200000e-06,5.00000000e-02,9.95200000e-06,5.06012548e-02,
9.96200000e-06,5.00000000e-02,9.96200000e-06,5.06073312e-02,
9.97200000e-06,5.00000000e-02,9.97200000e-06,5.06130373e-02,
9.98200000e-06,5.00000000e-02,9.98200000e-06,5.06183949e-02,
9.99200000e-06,5.00000000e-02,9.99200000e-06,5.06234252e-02,
1.00000000e-05,5.00000000e-02,1.00000000e-05,5.06272262e-02,
