0.00000000e+00,1.45000000e+00,0.00000000e+00,1.45000066e+00,
1.00000000e-10,1.45000000e+00,1.00000000e-10,1.45000066e+00,
2.00000000e-10,1.45000000e+00,2.00000000e-10,1.45000066e+00,
4.00000000e-10,1.45000000e+00,4.00000000e-10,1.45000066e+00,
8.00000000e-10,1.45000000e+00,8.00000000e-10,1.45000066e+00,
1.60000000e-09,1.45000000e+00,1.60000000e-09,1.45000066e+00,
3.20000000e-09,1.45000000e+00,3.20000000e-09,1.45000066e+00,
6.40000000e-09,1.45000000e+00,6.40000000e-09,1.45000066e+00,
1.28000000e-08,1.45000000e+00,1.28000000e-08,1.45000066e+00,
2.28000000e-08,1.45000000e+00,2.28000000e-08,1.45000066e+00,
3.28000000e-08,1.45000000e+00,3.28000000e-08,1.45000066e+00,
4.28000000e-08,1.45000000e+00,4.28000000e-08,1.45000066e+00,
5.28000000e-08,1.45000000e+00,5.28000000e-08,1.45000066e+00,
6.28000000e-08,1.45000000e+00,6.28000000e-08,1.45000066e+00,
7.28000000e-08,1.45000000e+00,7.28000000e-08,1.45000066e+00,
8.28000000e-08,1.45000000e+00,8.28000000e-08,1.45000066e+00,
9.28000000e-08,1.45000000e+00,9.28000000e-08,1.45000066e+00,
1.02800000e-07,1.45000000e+00,1.02800000e-07,1.45000066e+00,
1.12800000e-07,1.45000000e+00,1.12800000e-07,1.45000066e+00,
1.22800000e-07,1.45000000e+00,1.22800000e-07,1.45000066e+00,
1.32800000e-07,1.45000000e+00,1.32800000e-07,1.45000066e+00,
1.42800000e-07,1.45000000e+00,1.42800000e-07,1.45000066e+00,
1.52800000e-07,1.45000000e+00,1.52800000e-07,1.45000066e+00,
1.62800000e-07,1.45000000e+00,1.62800000e-07,1.45000066e+00,
1.72800000e-07,1.45000000e+00,1.72800000e-07,1.45000066e+00,
1.82800000e-07,1.45000000e+00,1.82800000e-07,1.45000066e+00,
1.92800000e-07,1.45000000e+00,1.92800000e-07,1.45000066e+00,
2.02800000e-07,1.45000000e+00,2.02800000e-07,1.45000066e+00,
2.12800000e-07,1.45000000e+00,2.12800000e-07,1.45000066e+00,
2.22800000e-07,1.45000000e+00,2.22800000e-07,1.45000066e+00,
2.32800000e-07,1.45000000e+00,2.32800000e-07,1.45000066e+00,
2.42800000e-07,1.45000000e+00,2.42800000e-07,1.45000066e+00,
2.52800000e-07,1.45000000e+00,2.52800000e-07,1.45000066e+00,
2.62800000e-07,1.45000000e+00,2.62800000e-07,1.45000066e+00,
2.72800000e-07,1.45000000e+00,2.72800000e-07,1.45000066e+00,
2.82800000e-07,1.45000000e+00,2.82800000e-07,1.45000066e+00,
2.92800000e-07,1.45000000e+00,2.92800000e-07,1.45000066e+00,
3.02800000e-07,1.45000000e+00,3.02800000e-07,1.45000066e+00,
3.12800000e-07,1.45000000e+00,3.12800000e-07,1.45000066e+00,
3.22800000e-07,1.45000000e+00,3.22800000e-07,1.45000066e+00,
3.32800000e-07,1.45000000e+00,3.32800000e-07,1.45000066e+00,
3.42800000e-07,1.45000000e+00,3.42800000e-07,1.45000066e+00,
3.52800000e-07,1.45000000e+00,3.52800000e-07,1.45000066e+00,
3.62800000e-07,1.45000000e+00,3.62800000e-07,1.45000066e+00,
3.72800000e-07,1.45000000e+00,3.72800000e-07,1.45000066e+00,
3.82800000e-07,1.45000000e+00,3.82800000e-07,1.45000066e+00,
3.92800000e-07,1.45000000e+00,3.92800000e-07,1.45000066e+00,
4.02800000e-07,1.45000000e+00,4.02800000e-07,1.45000066e+00,
4.12800000e-07,1.45000000e+00,4.12800000e-07,1.45000066e+00,
4.22800000e-07,1.45000000e+00,4.22800000e-07,1.45000066e+00,
4.32800000e-07,1.45000000e+00,4.32800000e-07,1.45000066e+00,
4.42800000e-07,1.45000000e+00,4.42800000e-07,1.45000066e+00,
4.52800000e-07,1.45000000e+00,4.52800000e-07,1.45000066e+00,
4.62800000e-07,1.45000000e+00,4.62800000e-07,1.45000066e+00,
4.72800000e-07,1.45000000e+00,4.72800000e-07,1.45000066e+00,
4.82800000e-07,1.45000000e+00,4.82800000e-07,1.45000066e+00,
4.92800000e-07,1.45000000e+00,4.92800000e-07,1.45000066e+00,
5.02800000e-07,1.45000000e+00,5.02800000e-07,1.45000066e+00,
5.12800000e-07,1.45000000e+00,5.12800000e-07,1.45000066e+00,
5.22800000e-07,1.45000000e+00,5.22800000e-07,1.45000066e+00,
5.32800000e-07,1.45000000e+00,5.32800000e-07,1.45000066e+00,
5.42800000e-07,1.45000000e+00,5.42800000e-07,1.45000066e+00,
5.52800000e-07,1.45000000e+00,5.52800000e-07,1.45000066e+00,
5.62800000e-07,1.45000000e+00,5.62800000e-07,1.45000066e+00,
5.72800000e-07,1.45000000e+00,5.72800000e-07,1.45000066e+00,
5.82800000e-07,1.45000000e+00,5.82800000e-07,1.45000066e+00,
5.92800000e-07,1.45000000e+00,5.92800000e-07,1.45000066e+00,
6.02800000e-07,1.45000000e+00,6.02800000e-07,1.45000066e+00,
6.12800000e-07,1.45000000e+00,6.12800000e-07,1.45000066e+00,
6.22800000e-07,1.45000000e+00,6.22800000e-07,1.45000066e+00,
6.32800000e-07,1.45000000e+00,6.32800000e-07,1.45000066e+00,
6.42800000e-07,1.45000000e+00,6.42800000e-07,1.45000066e+00,
6.52800000e-07,1.45000000e+00,6.52800000e-07,1.45000066e+00,
6.62800000e-07,1.45000000e+00,6.62800000e-07,1.45000066e+00,
6.72800000e-07,1.45000000e+00,6.72800000e-07,1.45000066e+00,
6.82800000e-07,1.45000000e+00,6.82800000e-07,1.45000066e+00,
6.92800000e-07,1.45000000e+00,6.92800000e-07,1.45000066e+00,
7.02800000e-07,1.45000000e+00,7.02800000e-07,1.45000066e+00,
7.12800000e-07,1.45000000e+00,7.12800000e-07,1.45000066e+00,
7.22800000e-07,1.45000000e+00,7.22800000e-07,1.45000066e+00,
7.32800000e-07,1.45000000e+00,7.32800000e-07,1.45000066e+00,
7.42800000e-07,1.45000000e+00,7.42800000e-07,1.45000066e+00,
7.52800000e-07,1.45000000e+00,7.52800000e-07,1.45000066e+00,
7.62800000e-07,1.45000000e+00,7.62800000e-07,1.45000066e+00,
7.72800000e-07,1.45000000e+00,7.72800000e-07,1.45000066e+00,
7.82800000e-07,1.45000000e+00,7.82800000e-07,1.45000066e+00,
7.92800000e-07,1.45000000e+00,7.92800000e-07,1.45000066e+00,
8.02800000e-07,1.45000000e+00,8.02800000e-07,1.45000066e+00,
8.12800000e-07,1.45000000e+00,8.12800000e-07,1.45000066e+00,
8.22800000e-07,1.45000000e+00,8.22800000e-07,1.45000066e+00,
8.32800000e-07,1.45000000e+00,8.32800000e-07,1.45000066e+00,
8.42800000e-07,1.45000000e+00,8.42800000e-07,1.45000066e+00,
8.52800000e-07,1.45000000e+00,8.52800000e-07,1.45000066e+00,
8.62800000e-07,1.45000000e+00,8.62800000e-07,1.45000066e+00,
8.72800000e-07,1.45000000e+00,8.72800000e-07,1.45000066e+00,
8.82800000e-07,1.45000000e+00,8.82800000e-07,1.45000066e+00,
8.92800000e-07,1.45000000e+00,8.92800000e-07,1.45000066e+00,
9.02800000e-07,1.45000000e+00,9.02800000e-07,1.45000066e+00,
9.12800000e-07,1.45000000e+00,9.12800000e-07,1.45000066e+00,
9.22800000e-07,1.45000000e+00,9.22800000e-07,1.45000066e+00,
9.32800000e-07,1.45000000e+00,9.32800000e-07,1.45000066e+00,
9.42800000e-07,1.45000000e+00,9.42800000e-07,1.45000066e+00,
9.52800000e-07,1.45000000e+00,9.52800000e-07,1.45000066e+00,
9.62800000e-07,1.45000000e+00,9.62800000e-07,1.45000066e+00,
9.72800000e-07,1.45000000e+00,9.72800000e-07,1.45000066e+00,
9.82800000e-07,1.45000000e+00,9.82800000e-07,1.45000066e+00,
9.92800000e-07,1.45000000e+00,9.92800000e-07,1.45000066e+00,
1.00280000e-06,1.45000000e+00,1.00280000e-06,1.45000066e+00,
1.01280000e-06,1.45000000e+00,1.01280000e-06,1.45000066e+00,
1.02280000e-06,1.45000000e+00,1.02280000e-06,1.45000066e+00,
1.03280000e-06,1.45000000e+00,1.03280000e-06,1.45000066e+00,
1.04280000e-06,1.45000000e+00,1.04280000e-06,1.45000066e+00,
1.05280000e-06,1.45000000e+00,1.05280000e-06,1.45000066e+00,
1.06280000e-06,1.45000000e+00,1.06280000e-06,1.45000066e+00,
1.07280000e-06,1.45000000e+00,1.07280000e-06,1.45000066e+00,
1.08280000e-06,1.45000000e+00,1.08280000e-06,1.45000066e+00,
1.09280000e-06,1.45000000e+00,1.09280000e-06,1.45000066e+00,
1.10280000e-06,1.45000000e+00,1.10280000e-06,1.45000066e+00,
1.11280000e-06,1.45000000e+00,1.11280000e-06,1.45000066e+00,
1.12280000e-06,1.45000000e+00,1.12280000e-06,1.45000066e+00,
1.13280000e-06,1.45000000e+00,1.13280000e-06,1.45000066e+00,
1.14280000e-06,1.45000000e+00,1.14280000e-06,1.45000066e+00,
1.15280000e-06,1.45000000e+00,1.15280000e-06,1.45000066e+00,
1.16280000e-06,1.45000000e+00,1.16280000e-06,1.45000066e+00,
1.17280000e-06,1.45000000e+00,1.17280000e-06,1.45000066e+00,
1.18280000e-06,1.45000000e+00,1.18280000e-06,1.45000066e+00,
1.19280000e-06,1.45000000e+00,1.19280000e-06,1.45000066e+00,
1.20280000e-06,1.45000000e+00,1.20280000e-06,1.45000066e+00,
1.21280000e-06,1.45000000e+00,1.21280000e-06,1.45000066e+00,
1.22280000e-06,1.45000000e+00,1.22280000e-06,1.45000066e+00,
1.23280000e-06,1.45000000e+00,1.23280000e-06,1.45000066e+00,
1.24280000e-06,1.45000000e+00,1.24280000e-06,1.45000066e+00,
1.25280000e-06,1.45000000e+00,1.25280000e-06,1.45000066e+00,
1.26280000e-06,1.45000000e+00,1.26280000e-06,1.45000066e+00,
1.27280000e-06,1.45000000e+00,1.27280000e-06,1.45000066e+00,
1.28280000e-06,1.45000000e+00,1.28280000e-06,1.45000066e+00,
1.29280000e-06,1.45000000e+00,1.29280000e-06,1.45000066e+00,
1.30280000e-06,1.45000000e+00,1.30280000e-06,1.45000066e+00,
1.31280000e-06,1.45000000e+00,1.31280000e-06,1.45000066e+00,
1.32280000e-06,1.45000000e+00,1.32280000e-06,1.45000066e+00,
1.33280000e-06,1.45000000e+00,1.33280000e-06,1.45000066e+00,
1.34280000e-06,1.45000000e+00,1.34280000e-06,1.45000066e+00,
1.35280000e-06,1.45000000e+00,1.35280000e-06,1.45000066e+00,
1.36280000e-06,1.45000000e+00,1.36280000e-06,1.45000066e+00,
1.37280000e-06,1.45000000e+00,1.37280000e-06,1.45000066e+00,
1.38280000e-06,1.45000000e+00,1.38280000e-06,1.45000066e+00,
1.39280000e-06,1.45000000e+00,1.39280000e-06,1.45000066e+00,
1.40280000e-06,1.45000000e+00,1.40280000e-06,1.45000066e+00,
1.41280000e-06,1.45000000e+00,1.41280000e-06,1.45000066e+00,
1.42280000e-06,1.45000000e+00,1.42280000e-06,1.45000066e+00,
1.43280000e-06,1.45000000e+00,1.43280000e-06,1.45000066e+00,
1.44280000e-06,1.45000000e+00,1.44280000e-06,1.45000066e+00,
1.45280000e-06,1.45000000e+00,1.45280000e-06,1.45000066e+00,
1.46280000e-06,1.45000000e+00,1.46280000e-06,1.45000066e+00,
1.47280000e-06,1.45000000e+00,1.47280000e-06,1.45000066e+00,
1.48280000e-06,1.45000000e+00,1.48280000e-06,1.45000066e+00,
1.49280000e-06,1.45000000e+00,1.49280000e-06,1.45000066e+00,
1.50280000e-06,1.45000000e+00,1.50280000e-06,1.45000066e+00,
1.51280000e-06,1.45000000e+00,1.51280000e-06,1.45000066e+00,
1.52280000e-06,1.45000000e+00,1.52280000e-06,1.45000066e+00,
1.53280000e-06,1.45000000e+00,1.53280000e-06,1.45000066e+00,
1.54280000e-06,1.45000000e+00,1.54280000e-06,1.45000066e+00,
1.55280000e-06,1.45000000e+00,1.55280000e-06,1.45000066e+00,
1.56280000e-06,1.45000000e+00,1.56280000e-06,1.45000066e+00,
1.57280000e-06,1.45000000e+00,1.57280000e-06,1.45000066e+00,
1.58280000e-06,1.45000000e+00,1.58280000e-06,1.45000066e+00,
1.59280000e-06,1.45000000e+00,1.59280000e-06,1.45000066e+00,
1.60280000e-06,1.45000000e+00,1.60280000e-06,1.45000066e+00,
1.61280000e-06,1.45000000e+00,1.61280000e-06,1.45000066e+00,
1.62280000e-06,1.45000000e+00,1.62280000e-06,1.45000066e+00,
1.63280000e-06,1.45000000e+00,1.63280000e-06,1.45000066e+00,
1.64280000e-06,1.45000000e+00,1.64280000e-06,1.45000066e+00,
1.65280000e-06,1.45000000e+00,1.65280000e-06,1.45000066e+00,
1.66280000e-06,1.45000000e+00,1.66280000e-06,1.45000066e+00,
1.67280000e-06,1.45000000e+00,1.67280000e-06,1.45000066e+00,
1.68280000e-06,1.45000000e+00,1.68280000e-06,1.45000066e+00,
1.69280000e-06,1.45000000e+00,1.69280000e-06,1.45000066e+00,
1.70280000e-06,1.45000000e+00,1.70280000e-06,1.45000066e+00,
1.71280000e-06,1.45000000e+00,1.71280000e-06,1.45000066e+00,
1.72280000e-06,1.45000000e+00,1.72280000e-06,1.45000066e+00,
1.73280000e-06,1.45000000e+00,1.73280000e-06,1.45000066e+00,
1.74280000e-06,1.45000000e+00,1.74280000e-06,1.45000066e+00,
1.75280000e-06,1.45000000e+00,1.75280000e-06,1.45000066e+00,
1.76280000e-06,1.45000000e+00,1.76280000e-06,1.45000066e+00,
1.77280000e-06,1.45000000e+00,1.77280000e-06,1.45000066e+00,
1.78280000e-06,1.45000000e+00,1.78280000e-06,1.45000066e+00,
1.79280000e-06,1.45000000e+00,1.79280000e-06,1.45000066e+00,
1.80280000e-06,1.45000000e+00,1.80280000e-06,1.45000066e+00,
1.81280000e-06,1.45000000e+00,1.81280000e-06,1.45000066e+00,
1.82280000e-06,1.45000000e+00,1.82280000e-06,1.45000066e+00,
1.83280000e-06,1.45000000e+00,1.83280000e-06,1.45000066e+00,
1.84280000e-06,1.45000000e+00,1.84280000e-06,1.45000066e+00,
1.85280000e-06,1.45000000e+00,1.85280000e-06,1.45000066e+00,
1.86280000e-06,1.45000000e+00,1.86280000e-06,1.45000066e+00,
1.87280000e-06,1.45000000e+00,1.87280000e-06,1.45000066e+00,
1.88280000e-06,1.45000000e+00,1.88280000e-06,1.45000066e+00,
1.89280000e-06,1.45000000e+00,1.89280000e-06,1.45000066e+00,
1.90280000e-06,1.45000000e+00,1.90280000e-06,1.45000066e+00,
1.91280000e-06,1.45000000e+00,1.91280000e-06,1.45000066e+00,
1.92280000e-06,1.45000000e+00,1.92280000e-06,1.45000066e+00,
1.93280000e-06,1.45000000e+00,1.93280000e-06,1.45000066e+00,
1.94280000e-06,1.45000000e+00,1.94280000e-06,1.45000066e+00,
1.95280000e-06,1.45000000e+00,1.95280000e-06,1.45000066e+00,
1.96280000e-06,1.45000000e+00,1.96280000e-06,1.45000066e+00,
1.97280000e-06,1.45000000e+00,1.97280000e-06,1.45000066e+00,
1.98280000e-06,1.45000000e+00,1.98280000e-06,1.45000066e+00,
1.99280000e-06,1.45000000e+00,1.99280000e-06,1.45000066e+00,
2.00280000e-06,1.45000000e+00,2.00280000e-06,1.45000066e+00,
2.01280000e-06,1.45000000e+00,2.01280000e-06,1.45000066e+00,
2.02280000e-06,1.45000000e+00,2.02280000e-06,1.45000066e+00,
2.03280000e-06,1.45000000e+00,2.03280000e-06,1.45000066e+00,
2.04280000e-06,1.45000000e+00,2.04280000e-06,1.45000066e+00,
2.05280000e-06,1.45000000e+00,2.05280000e-06,1.45000066e+00,
2.06280000e-06,1.45000000e+00,2.06280000e-06,1.45000066e+00,
2.07280000e-06,1.45000000e+00,2.07280000e-06,1.45000066e+00,
2.08280000e-06,1.45000000e+00,2.08280000e-06,1.45000066e+00,
2.09280000e-06,1.45000000e+00,2.09280000e-06,1.45000066e+00,
2.10280000e-06,1.45000000e+00,2.10280000e-06,1.45000066e+00,
2.11280000e-06,1.45000000e+00,2.11280000e-06,1.45000066e+00,
2.12280000e-06,1.45000000e+00,2.12280000e-06,1.45000066e+00,
2.13280000e-06,1.45000000e+00,2.13280000e-06,1.45000066e+00,
2.14280000e-06,1.45000000e+00,2.14280000e-06,1.45000066e+00,
2.15280000e-06,1.45000000e+00,2.15280000e-06,1.45000066e+00,
2.16280000e-06,1.45000000e+00,2.16280000e-06,1.45000066e+00,
2.17280000e-06,1.45000000e+00,2.17280000e-06,1.45000066e+00,
2.18280000e-06,1.45000000e+00,2.18280000e-06,1.45000066e+00,
2.19280000e-06,1.45000000e+00,2.19280000e-06,1.45000066e+00,
2.20280000e-06,1.45000000e+00,2.20280000e-06,1.45000066e+00,
2.21280000e-06,1.45000000e+00,2.21280000e-06,1.45000066e+00,
2.22280000e-06,1.45000000e+00,2.22280000e-06,1.45000066e+00,
2.23280000e-06,1.45000000e+00,2.23280000e-06,1.45000066e+00,
2.24280000e-06,1.45000000e+00,2.24280000e-06,1.45000066e+00,
2.25280000e-06,1.45000000e+00,2.25280000e-06,1.45000066e+00,
2.26280000e-06,1.45000000e+00,2.26280000e-06,1.45000066e+00,
2.27280000e-06,1.45000000e+00,2.27280000e-06,1.45000066e+00,
2.28280000e-06,1.45000000e+00,2.28280000e-06,1.45000066e+00,
2.29280000e-06,1.45000000e+00,2.29280000e-06,1.45000066e+00,
2.30280000e-06,1.45000000e+00,2.30280000e-06,1.45000066e+00,
2.31280000e-06,1.45000000e+00,2.31280000e-06,1.45000066e+00,
2.32280000e-06,1.45000000e+00,2.32280000e-06,1.45000066e+00,
2.33280000e-06,1.45000000e+00,2.33280000e-06,1.45000066e+00,
2.34280000e-06,1.45000000e+00,2.34280000e-06,1.45000066e+00,
2.35280000e-06,1.45000000e+00,2.35280000e-06,1.45000066e+00,
2.36280000e-06,1.45000000e+00,2.36280000e-06,1.45000066e+00,
2.37280000e-06,1.45000000e+00,2.37280000e-06,1.45000066e+00,
2.38280000e-06,1.45000000e+00,2.38280000e-06,1.45000066e+00,
2.39280000e-06,1.45000000e+00,2.39280000e-06,1.45000066e+00,
2.40280000e-06,1.45000000e+00,2.40280000e-06,1.45000066e+00,
2.41280000e-06,1.45000000e+00,2.41280000e-06,1.45000066e+00,
2.42280000e-06,1.45000000e+00,2.42280000e-06,1.45000066e+00,
2.43280000e-06,1.45000000e+00,2.43280000e-06,1.45000066e+00,
2.44280000e-06,1.45000000e+00,2.44280000e-06,1.45000066e+00,
2.45280000e-06,1.45000000e+00,2.45280000e-06,1.45000066e+00,
2.46280000e-06,1.45000000e+00,2.46280000e-06,1.45000066e+00,
2.47280000e-06,1.45000000e+00,2.47280000e-06,1.45000066e+00,
2.48280000e-06,1.45000000e+00,2.48280000e-06,1.45000066e+00,
2.49280000e-06,1.45000000e+00,2.49280000e-06,1.45000066e+00,
2.50000000e-06,1.45000000e+00,2.50000000e-06,1.45000066e+00,
2.50100000e-06,1.46000000e+00,2.50100000e-06,1.45000862e+00,
2.50300000e-06,1.48000000e+00,2.50300000e-06,1.45002488e+00,
2.50700000e-06,1.52000000e+00,2.50700000e-06,1.45004032e+00,
2.51000000e-06,1.55000000e+00,2.51000000e-06,1.45001875e+00,
2.51080000e-06,1.55000000e+00,2.51080000e-06,1.44999970e+00,
2.51240000e-06,1.55000000e+00,2.51240000e-06,1.44995873e+00,
2.51560000e-06,1.55000000e+00,2.51560000e-06,1.44988879e+00,
2.52200000e-06,1.55000000e+00,2.52200000e-06,1.45004054e+00,
2.53200000e-06,1.55000000e+00,2.53200000e-06,1.45145542e+00,
2.54200000e-06,1.55000000e+00,2.54200000e-06,1.45439153e+00,
2.55200000e-06,1.55000000e+00,2.55200000e-06,1.45872425e+00,
2.56200000e-06,1.55000000e+00,2.56200000e-06,1.46424040e+00,
2.57200000e-06,1.55000000e+00,2.57200000e-06,1.47070341e+00,
2.58200000e-06,1.55000000e+00,2.58200000e-06,1.47787481e+00,
2.59200000e-06,1.55000000e+00,2.59200000e-06,1.48551606e+00,
2.60200000e-06,1.55000000e+00,2.60200000e-06,1.49339752e+00,
2.61200000e-06,1.55000000e+00,2.61200000e-06,1.50130779e+00,
2.62200000e-06,1.55000000e+00,2.62200000e-06,1.50906184e+00,
2.63200000e-06,1.55000000e+00,2.63200000e-06,1.51650443e+00,
2.64200000e-06,1.55000000e+00,2.64200000e-06,1.52351267e+00,
2.65200000e-06,1.55000000e+00,2.65200000e-06,1.52999434e+00,
2.66200000e-06,1.55000000e+00,2.66200000e-06,1.53588621e+00,
2.67200000e-06,1.55000000e+00,2.67200000e-06,1.54114997e+00,
2.68200000e-06,1.55000000e+00,2.68200000e-06,1.54576916e+00,
2.69200000e-06,1.55000000e+00,2.69200000e-06,1.54974490e+00,
2.70200000e-06,1.55000000e+00,2.70200000e-06,1.55309306e+00,
2.71200000e-06,1.55000000e+00,2.71200000e-06,1.55584070e+00,
2.72200000e-06,1.55000000e+00,2.72200000e-06,1.55802390e+00,
2.73200000e-06,1.55000000e+00,2.73200000e-06,1.55968498e+00,
2.74200000e-06,1.55000000e+00,2.74200000e-06,1.56087100e+00,
2.75200000e-06,1.55000000e+00,2.75200000e-06,1.56163155e+00,
2.76200000e-06,1.55000000e+00,2.76200000e-06,1.56201771e+00,
2.77200000e-06,1.55000000e+00,2.77200000e-06,1.56208041e+00,
2.78200000e-06,1.55000000e+00,2.78200000e-06,1.56186966e+00,
2.79200000e-06,1.55000000e+00,2.79200000e-06,1.56143335e+00,
2.80200000e-06,1.55000000e+00,2.80200000e-06,1.56081683e+00,
2.81200000e-06,1.55000000e+00,2.81200000e-06,1.56006205e+00,
2.82200000e-06,1.55000000e+00,2.82200000e-06,1.55920746e+00,
2.83200000e-06,1.55000000e+00,2.83200000e-06,1.55828744e+00,
2.84200000e-06,1.55000000e+00,2.84200000e-06,1.55733246e+00,
2.85200000e-06,1.55000000e+00,2.85200000e-06,1.55636882e+00,
2.86200000e-06,1.55000000e+00,2.86200000e-06,1.55541887e+00,
2.87200000e-06,1.55000000e+00,2.87200000e-06,1.55450109e+00,
2.88200000e-06,1.55000000e+00,2.88200000e-06,1.55363036e+00,
2.89200000e-06,1.55000000e+00,2.89200000e-06,1.55281814e+00,
2.90200000e-06,1.55000000e+00,2.90200000e-06,1.55207286e+00,
2.91200000e-06,1.55000000e+00,2.91200000e-06,1.55140012e+00,
2.92200000e-06,1.55000000e+00,2.92200000e-06,1.55080310e+00,
2.93200000e-06,1.55000000e+00,2.93200000e-06,1.55028284e+00,
2.94200000e-06,1.55000000e+00,2.94200000e-06,1.54983855e+00,
2.95200000e-06,1.55000000e+00,2.95200000e-06,1.54946794e+00,
2.96200000e-06,1.55000000e+00,2.96200000e-06,1.54916747e+00,
2.97200000e-06,1.55000000e+00,2.97200000e-06,1.54893266e+00,
2.98200000e-06,1.55000000e+00,2.98200000e-06,1.54875830e+00,
2.99200000e-06,1.55000000e+00,2.99200000e-06,1.54863871e+00,
3.00200000e-06,1.55000000e+00,3.00200000e-06,1.54856788e+00,
3.01200000e-06,1.55000000e+00,3.01200000e-06,1.54853972e+00,
3.02200000e-06,1.55000000e+00,3.02200000e-06,1.54854814e+00,
3.03200000e-06,1.55000000e+00,3.03200000e-06,1.54858724e+00,
3.04200000e-06,1.55000000e+00,3.04200000e-06,1.54865134e+00,
3.05200000e-06,1.55000000e+00,3.05200000e-06,1.54873514e+00,
3.06200000e-06,1.55000000e+00,3.06200000e-06,1.54883373e+00,
3.07200000e-06,1.55000000e+00,3.07200000e-06,1.54894262e+00,
3.08200000e-06,1.55000000e+00,3.08200000e-06,1.54905785e+00,
3.09200000e-06,1.55000000e+00,3.09200000e-06,1.54917590e+00,
3.10200000e-06,1.55000000e+00,3.10200000e-06,1.54929376e+00,
3.11200000e-06,1.55000000e+00,3.11200000e-06,1.54940889e+00,
3.12200000e-06,1.55000000e+00,3.12200000e-06,1.54951921e+00,
3.13200000e-06,1.55000000e+00,3.13200000e-06,1.54962306e+00,
3.14200000e-06,1.55000000e+00,3.14200000e-06,1.54971920e+00,
3.15200000e-06,1.55000000e+00,3.15200000e-06,1.54980673e+00,
3.16200000e-06,1.55000000e+00,3.16200000e-06,1.54988510e+00,
3.17200000e-06,1.55000000e+00,3.17200000e-06,1.54995404e+00,
3.18200000e-06,1.55000000e+00,3.18200000e-06,1.55001352e+00,
3.19200000e-06,1.55000000e+00,3.19200000e-06,1.55006372e+00,
3.20200000e-06,1.55000000e+00,3.20200000e-06,1.55010501e+00,
3.21200000e-06,1.55000000e+00,3.21200000e-06,1.55013787e+00,
3.22200000e-06,1.55000000e+00,3.22200000e-06,1.55016293e+00,
3.23200000e-06,1.55000000e+00,3.23200000e-06,1.55018084e+00,
3.24200000e-06,1.55000000e+00,3.24200000e-06,1.55019234e+00,
3.25200000e-06,1.55000000e+00,3.25200000e-06,1.55019818e+00,
3.26200000e-06,1.55000000e+00,3.26200000e-06,1.55019913e+00,
3.27200000e-06,1.55000000e+00,3.27200000e-06,1.55019591e+00,
3.28200000e-06,1.55000000e+00,3.28200000e-06,1.55018926e+00,
3.29200000e-06,1.55000000e+00,3.29200000e-06,1.55017986e+00,
3.30200000e-06,1.55000000e+00,3.30200000e-06,1.55016834e+00,
3.31200000e-06,1.55000000e+00,3.31200000e-06,1.55015527e+00,
3.32200000e-06,1.55000000e+00,3.32200000e-06,1.55014119e+00,
3.33200000e-06,1.55000000e+00,3.33200000e-06,1.55012655e+00,
3.34200000e-06,1.55000000e+00,3.34200000e-06,1.55011177e+00,
3.35200000e-06,1.55000000e+00,3.35200000e-06,1.55009718e+00,
3.36200000e-06,1.55000000e+00,3.36200000e-06,1.55008306e+00,
3.37200000e-06,1.55000000e+00,3.37200000e-06,1.55006965e+00,
3.38200000e-06,1.55000000e+00,3.38200000e-06,1.55005713e+00,
3.39200000e-06,1.55000000e+00,3.39200000e-06,1.55004562e+00,
3.40200000e-06,1.55000000e+00,3.40200000e-06,1.55003522e+00,
3.41200000e-06,1.55000000e+00,3.41200000e-06,1.55002598e+00,
3.42200000e-06,1.55000000e+00,3.42200000e-06,1.55001790e+00,
3.43200000e-06,1.55000000e+00,3.43200000e-06,1.55001099e+00,
3.44200000e-06,1.55000000e+00,3.44200000e-06,1.55000521e+00,
3.45200000e-06,1.55000000e+00,3.45200000e-06,1.55000050e+00,
3.46200000e-06,1.55000000e+00,3.46200000e-06,1.54999680e+00,
3.47200000e-06,1.55000000e+00,3.47200000e-06,1.54999402e+00,
3.48200000e-06,1.55000000e+00,3.48200000e-06,1.54999209e+00,
3.49200000e-06,1.55000000e+00,3.49200000e-06,1.54999090e+00,
3.50200000e-06,1.55000000e+00,3.50200000e-06,1.54999036e+00,
3.51200000e-06,1.55000000e+00,3.51200000e-06,1.54999039e+00,
3.52200000e-06,1.55000000e+00,3.52200000e-06,1.54999088e+00,
3.53200000e-06,1.55000000e+00,3.53200000e-06,1.54999176e+00,
3.54200000e-06,1.55000000e+00,3.54200000e-06,1.54999294e+00,
3.55200000e-06,1.55000000e+00,3.55200000e-06,1.54999435e+00,
3.56200000e-06,1.55000000e+00,3.56200000e-06,1.54999591e+00,
3.57200000e-06,1.55000000e+00,3.57200000e-06,1.54999757e+00,
3.58200000e-06,1.55000000e+00,3.58200000e-06,1.54999928e+00,
3.59200000e-06,1.55000000e+00,3.59200000e-06,1.55000098e+00,
3.60200000e-06,1.55000000e+00,3.60200000e-06,1.55000264e+00,
3.61200000e-06,1.55000000e+00,3.61200000e-06,1.55000423e+00,
3.62200000e-06,1.55000000e+00,3.62200000e-06,1.55000572e+00,
3.63200000e-06,1.55000000e+00,3.63200000e-06,1.55000709e+00,
3.64200000e-06,1.55000000e+00,3.64200000e-06,1.55000833e+00,
3.65200000e-06,1.55000000e+00,3.65200000e-06,1.55000943e+00,
3.66200000e-06,1.55000000e+00,3.66200000e-06,1.55001039e+00,
3.67200000e-06,1.55000000e+00,3.67200000e-06,1.55001121e+00,
3.68200000e-06,1.55000000e+00,3.68200000e-06,1.55001188e+00,
3.69200000e-06,1.55000000e+00,3.69200000e-06,1.55001242e+00,
3.70200000e-06,1.55000000e+00,3.70200000e-06,1.55001283e+00,
3.71200000e-06,1.55000000e+00,3.71200000e-06,1.55001313e+00,
3.72200000e-06,1.55000000e+00,3.72200000e-06,1.55001331e+00,
3.73200000e-06,1.55000000e+00,3.73200000e-06,1.55001340e+00,
3.74200000e-06,1.55000000e+00,3.74200000e-06,1.55001340e+00,
3.75200000e-06,1.55000000e+00,3.75200000e-06,1.55001332e+00,
3.76200000e-06,1.55000000e+00,3.76200000e-06,1.55001319e+00,
3.77200000e-06,1.55000000e+00,3.77200000e-06,1.55001300e+00,
3.78200000e-06,1.55000000e+00,3.78200000e-06,1.55001277e+00,
3.79200000e-06,1.55000000e+00,3.79200000e-06,1.55001251e+00,
3.80200000e-06,1.55000000e+00,3.80200000e-06,1.55001223e+00,
3.81200000e-06,1.55000000e+00,3.81200000e-06,1.55001193e+00,
3.82200000e-06,1.55000000e+00,3.82200000e-06,1.55001163e+00,
3.83200000e-06,1.55000000e+00,3.83200000e-06,1.55001132e+00,
3.84200000e-06,1.55000000e+00,3.84200000e-06,1.55001102e+00,
3.85200000e-06,1.55000000e+00,3.85200000e-06,1.55001072e+00,
3.86200000e-06,1.55000000e+00,3.86200000e-06,1.55001044e+00,
3.87200000e-06,1.55000000e+00,3.87200000e-06,1.55001017e+00,
3.88200000e-06,1.55000000e+00,3.88200000e-06,1.55000991e+00,
3.89200000e-06,1.55000000e+00,3.89200000e-06,1.55000968e+00,
3.90200000e-06,1.55000000e+00,3.90200000e-06,1.55000946e+00,
3.91200000e-06,1.55000000e+00,3.91200000e-06,1.55000926e+00,
3.92200000e-06,1.55000000e+00,3.92200000e-06,1.55000908e+00,
3.93200000e-06,1.55000000e+00,3.93200000e-06,1.55000892e+00,
3.94200000e-06,1.55000000e+00,3.94200000e-06,1.55000878e+00,
3.95200000e-06,1.55000000e+00,3.95200000e-06,1.55000865e+00,
3.96200000e-06,1.55000000e+00,3.96200000e-06,1.55000853e+00,
3.97200000e-06,1.55000000e+00,3.97200000e-06,1.55000843e+00,
3.98200000e-06,1.55000000e+00,3.98200000e-06,1.55000834e+00,
3.99200000e-06,1.55000000e+00,3.99200000e-06,1.55000827e+00,
4.00200000e-06,1.55000000e+00,4.00200000e-06,1.55000820e+00,
4.01200000e-06,1.55000000e+00,4.01200000e-06,1.55000814e+00,
4.02200000e-06,1.55000000e+00,4.02200000e-06,1.55000808e+00,
4.03200000e-06,1.55000000e+00,4.03200000e-06,1.55000803e+00,
4.04200000e-06,1.55000000e+00,4.04200000e-06,1.55000799e+00,
4.05200000e-06,1.55000000e+00,4.05200000e-06,1.55000795e+00,
4.06200000e-06,1.55000000e+00,4.06200000e-06,1.55000791e+00,
4.07200000e-06,1.55000000e+00,4.07200000e-06,1.55000787e+00,
4.08200000e-06,1.55000000e+00,4.08200000e-06,1.55000783e+00,
4.09200000e-06,1.55000000e+00,4.09200000e-06,1.55000779e+00,
4.10200000e-06,1.55000000e+00,4.10200000e-06,1.55000775e+00,
4.11200000e-06,1.55000000e+00,4.11200000e-06,1.55000771e+00,
4.12200000e-06,1.55000000e+00,4.12200000e-06,1.55000767e+00,
4.13200000e-06,1.55000000e+00,4.13200000e-06,1.55000763e+00,
4.14200000e-06,1.55000000e+00,4.14200000e-06,1.55000759e+00,
4.15200000e-06,1.55000000e+00,4.15200000e-06,1.55000754e+00,
4.16200000e-06,1.55000000e+00,4.16200000e-06,1.55000750e+00,
4.17200000e-06,1.55000000e+00,4.17200000e-06,1.55000745e+00,
4.18200000e-06,1.55000000e+00,4.18200000e-06,1.55000740e+00,
4.19200000e-06,1.55000000e+00,4.19200000e-06,1.55000735e+00,
4.20200000e-06,1.55000000e+00,4.20200000e-06,1.55000729e+00,
4.21200000e-06,1.55000000e+00,4.21200000e-06,1.55000724e+00,
4.22200000e-06,1.55000000e+00,4.22200000e-06,1.55000719e+00,
4.23200000e-06,1.55000000e+00,4.23200000e-06,1.55000713e+00,
4.24200000e-06,1.55000000e+00,4.24200000e-06,1.55000708e+00,
4.25200000e-06,1.55000000e+00,4.25200000e-06,1.55000702e+00,
4.26200000e-06,1.55000000e+00,4.26200000e-06,1.55000696e+00,
4.27200000e-06,1.55000000e+00,4.27200000e-06,1.55000691e+00,
4.28200000e-06,1.55000000e+00,4.28200000e-06,1.55000685e+00,
4.29200000e-06,1.55000000e+00,4.29200000e-06,1.55000679e+00,
4.30200000e-06,1.55000000e+00,4.30200000e-06,1.55000674e+00,
4.31200000e-06,1.55000000e+00,4.31200000e-06,1.55000668e+00,
4.32200000e-06,1.55000000e+00,4.32200000e-06,1.55000662e+00,
4.33200000e-06,1.55000000e+00,4.33200000e-06,1.55000657e+00,
4.34200000e-06,1.55000000e+00,4.34200000e-06,1.55000652e+00,
4.35200000e-06,1.55000000e+00,4.35200000e-06,1.55000646e+00,
4.36200000e-06,1.55000000e+00,4.36200000e-06,1.55000641e+00,
4.37200000e-06,1.55000000e+00,4.37200000e-06,1.55000636e+00,
4.38200000e-06,1.55000000e+00,4.38200000e-06,1.55000631e+00,
4.39200000e-06,1.55000000e+00,4.39200000e-06,1.55000626e+00,
4.40200000e-06,1.55000000e+00,4.40200000e-06,1.55000621e+00,
4.41200000e-06,1.55000000e+00,4.41200000e-06,1.55000616e+00,
4.42200000e-06,1.55000000e+00,4.42200000e-06,1.55000611e+00,
4.43200000e-06,1.55000000e+00,4.43200000e-06,1.55000606e+00,
4.44200000e-06,1.55000000e+00,4.44200000e-06,1.55000601e+00,
4.45200000e-06,1.55000000e+00,4.45200000e-06,1.55000597e+00,
4.46200000e-06,1.55000000e+00,4.46200000e-06,1.55000592e+00,
4.47200000e-06,1.55000000e+00,4.47200000e-06,1.55000588e+00,
4.48200000e-06,1.55000000e+00,4.48200000e-06,1.55000583e+00,
4.49200000e-06,1.55000000e+00,4.49200000e-06,1.55000579e+00,
4.50200000e-06,1.55000000e+00,4.50200000e-06,1.55000574e+00,
4.51200000e-06,1.55000000e+00,4.51200000e-06,1.55000570e+00,
4.52200000e-06,1.55000000e+00,4.52200000e-06,1.55000566e+00,
4.53200000e-06,1.55000000e+00,4.53200000e-06,1.55000562e+00,
4.54200000e-06,1.55000000e+00,4.54200000e-06,1.55000558e+00,
4.55200000e-06,1.55000000e+00,4.55200000e-06,1.55000553e+00,
4.56200000e-06,1.55000000e+00,4.56200000e-06,1.55000549e+00,
4.57200000e-06,1.55000000e+00,4.57200000e-06,1.55000545e+00,
4.58200000e-06,1.55000000e+00,4.58200000e-06,1.55000541e+00,
4.59200000e-06,1.55000000e+00,4.59200000e-06,1.55000537e+00,
4.60200000e-06,1.55000000e+00,4.60200000e-06,1.55000534e+00,
4.61200000e-06,1.55000000e+00,4.61200000e-06,1.55000530e+00,
4.62200000e-06,1.55000000e+00,4.62200000e-06,1.55000526e+00,
4.63200000e-06,1.55000000e+00,4.63200000e-06,1.55000522e+00,
4.64200000e-06,1.55000000e+00,4.64200000e-06,1.55000518e+00,
4.65200000e-06,1.55000000e+00,4.65200000e-06,1.55000515e+00,
4.66200000e-06,1.55000000e+00,4.66200000e-06,1.55000511e+00,
4.67200000e-06,1.55000000e+00,4.67200000e-06,1.55000507e+00,
4.68200000e-06,1.55000000e+00,4.68200000e-06,1.55000504e+00,
4.69200000e-06,1.55000000e+00,4.69200000e-06,1.55000500e+00,
4.70200000e-06,1.55000000e+00,4.70200000e-06,1.55000496e+00,
4.71200000e-06,1.55000000e+00,4.71200000e-06,1.55000493e+00,
4.72200000e-06,1.55000000e+00,4.72200000e-06,1.55000489e+00,
4.73200000e-06,1.55000000e+00,4.73200000e-06,1.55000486e+00,
4.74200000e-06,1.55000000e+00,4.74200000e-06,1.55000483e+00,
4.75200000e-06,1.55000000e+00,4.75200000e-06,1.55000479e+00,
4.76200000e-06,1.55000000e+00,4.76200000e-06,1.55000476e+00,
4.77200000e-06,1.55000000e+00,4.77200000e-06,1.55000472e+00,
4.78200000e-06,1.55000000e+00,4.78200000e-06,1.55000469e+00,
4.79200000e-06,1.55000000e+00,4.79200000e-06,1.55000466e+00,
4.80200000e-06,1.55000000e+00,4.80200000e-06,1.55000463e+00,
4.81200000e-06,1.55000000e+00,4.81200000e-06,1.55000459e+00,
4.82200000e-06,1.55000000e+00,4.82200000e-06,1.55000456e+00,
4.83200000e-06,1.55000000e+00,4.83200000e-06,1.55000453e+00,
4.84200000e-06,1.55000000e+00,4.84200000e-06,1.55000450e+00,
4.85200000e-06,1.55000000e+00,4.85200000e-06,1.55000447e+00,
4.86200000e-06,1.55000000e+00,4.86200000e-06,1.55000444e+00,
4.87200000e-06,1.55000000e+00,4.87200000e-06,1.55000441e+00,
4.88200000e-06,1.55000000e+00,4.88200000e-06,1.55000438e+00,
4.89200000e-06,1.55000000e+00,4.89200000e-06,1.55000435e+00,
4.90200000e-06,1.55000000e+00,4.90200000e-06,1.55000432e+00,
4.91200000e-06,1.55000000e+00,4.91200000e-06,1.55000429e+00,
4.92200000e-06,1.55000000e+00,4.92200000e-06,1.55000426e+00,
4.93200000e-06,1.55000000e+00,4.93200000e-06,1.55000423e+00,
4.94200000e-06,1.55000000e+00,4.94200000e-06,1.55000421e+00,
4.95200000e-06,1.55000000e+00,4.95200000e-06,1.55000418e+00,
4.96200000e-06,1.55000000e+00,4.96200000e-06,1.55000415e+00,
4.97200000e-06,1.55000000e+00,4.97200000e-06,1.55000412e+00,
4.98200000e-06,1.55000000e+00,4.98200000e-06,1.55000410e+00,
4.99200000e-06,1.55000000e+00,4.99200000e-06,1.55000407e+00,
5.00200000e-06,1.55000000e+00,5.00200000e-06,1.55000404e+00,
5.01200000e-06,1.55000000e+00,5.01200000e-06,1.55000402e+00,
5.02200000e-06,1.55000000e+00,5.02200000e-06,1.55000399e+00,
5.03200000e-06,1.55000000e+00,5.03200000e-06,1.55000397e+00,
5.04200000e-06,1.55000000e+00,5.04200000e-06,1.55000394e+00,
5.05200000e-06,1.55000000e+00,5.05200000e-06,1.55000392e+00,
5.06200000e-06,1.55000000e+00,5.06200000e-06,1.55000389e+00,
5.07200000e-06,1.55000000e+00,5.07200000e-06,1.55000387e+00,
5.08200000e-06,1.55000000e+00,5.08200000e-06,1.55000384e+00,
5.09200000e-06,1.55000000e+00,5.09200000e-06,1.55000382e+00,
5.10200000e-06,1.55000000e+00,5.10200000e-06,1.55000380e+00,
5.11200000e-06,1.55000000e+00,5.11200000e-06,1.55000377e+00,
5.12200000e-06,1.55000000e+00,5.12200000e-06,1.55000375e+00,
5.13200000e-06,1.55000000e+00,5.13200000e-06,1.55000373e+00,
5.14200000e-06,1.55000000e+00,5.14200000e-06,1.55000370e+00,
5.15200000e-06,1.55000000e+00,5.15200000e-06,1.55000368e+00,
5.16200000e-06,1.55000000e+00,5.16200000e-06,1.55000366e+00,
5.17200000e-06,1.55000000e+00,5.17200000e-06,1.55000364e+00,
5.18200000e-06,1.55000000e+00,5.18200000e-06,1.55000361e+00,
5.19200000e-06,1.55000000e+00,5.19200000e-06,1.55000359e+00,
5.20200000e-06,1.55000000e+00,5.20200000e-06,1.55000357e+00,
5.21200000e-06,1.55000000e+00,5.21200000e-06,1.55000355e+00,
5.22200000e-06,1.55000000e+00,5.22200000e-06,1.55000353e+00,
5.23200000e-06,1.55000000e+00,5.23200000e-06,1.55000351e+00,
5.24200000e-06,1.55000000e+00,5.24200000e-06,1.55000349e+00,
5.25200000e-06,1.55000000e+00,5.25200000e-06,1.55000347e+00,
5.26200000e-06,1.55000000e+00,5.26200000e-06,1.55000345e+00,
5.27200000e-06,1.55000000e+00,5.27200000e-06,1.55000343e+00,
5.28200000e-06,1.55000000e+00,5.28200000e-06,1.55000341e+00,
5.29200000e-06,1.55000000e+00,5.29200000e-06,1.55000339e+00,
5.30200000e-06,1.55000000e+00,5.30200000e-06,1.55000337e+00,
5.31200000e-06,1.55000000e+00,5.31200000e-06,1.55000335e+00,
5.32200000e-06,1.55000000e+00,5.32200000e-06,1.55000333e+00,
5.33200000e-06,1.55000000e+00,5.33200000e-06,1.55000331e+00,
5.34200000e-06,1.55000000e+00,5.34200000e-06,1.55000329e+00,
5.35200000e-06,1.55000000e+00,5.35200000e-06,1.55000327e+00,
5.36200000e-06,1.55000000e+00,5.36200000e-06,1.55000325e+00,
5.37200000e-06,1.55000000e+00,5.37200000e-06,1.55000324e+00,
5.38200000e-06,1.55000000e+00,5.38200000e-06,1.55000322e+00,
5.39200000e-06,1.55000000e+00,5.39200000e-06,1.55000320e+00,
5.40200000e-06,1.55000000e+00,5.40200000e-06,1.55000318e+00,
5.41200000e-06,1.55000000e+00,5.41200000e-06,1.55000317e+00,
5.42200000e-06,1.55000000e+00,5.42200000e-06,1.55000315e+00,
5.43200000e-06,1.55000000e+00,5.43200000e-06,1.55000313e+00,
5.44200000e-06,1.55000000e+00,5.44200000e-06,1.55000311e+00,
5.45200000e-06,1.55000000e+00,5.45200000e-06,1.55000310e+00,
5.46200000e-06,1.55000000e+00,5.46200000e-06,1.55000308e+00,
5.47200000e-06,1.55000000e+00,5.47200000e-06,1.55000306e+00,
5.48200000e-06,1.55000000e+00,5.48200000e-06,1.55000305e+00,
5.49200000e-06,1.55000000e+00,5.49200000e-06,1.55000303e+00,
5.50200000e-06,1.55000000e+00,5.50200000e-06,1.55000302e+00,
5.51200000e-06,1.55000000e+00,5.51200000e-06,1.55000300e+00,
5.52200000e-06,1.55000000e+00,5.52200000e-06,1.55000299e+00,
5.53200000e-06,1.55000000e+00,5.53200000e-06,1.55000297e+00,
5.54200000e-06,1.55000000e+00,5.54200000e-06,1.55000295e+00,
5.55200000e-06,1.55000000e+00,5.55200000e-06,1.55000294e+00,
5.56200000e-06,1.55000000e+00,5.56200000e-06,1.55000292e+00,
5.57200000e-06,1.55000000e+00,5.57200000e-06,1.55000291e+00,
5.58200000e-06,1.55000000e+00,5.58200000e-06,1.55000290e+00,
5.59200000e-06,1.55000000e+00,5.59200000e-06,1.55000288e+00,
5.60200000e-06,1.55000000e+00,5.60200000e-06,1.55000287e+00,
5.61200000e-06,1.55000000e+00,5.61200000e-06,1.55000285e+00,
5.62200000e-06,1.55000000e+00,5.62200000e-06,1.55000284e+00,
5.63200000e-06,1.55000000e+00,5.63200000e-06,1.55000282e+00,
5.64200000e-06,1.55000000e+00,5.64200000e-06,1.55000281e+00,
5.65200000e-06,1.55000000e+00,5.65200000e-06,1.55000280e+00,
5.66200000e-06,1.55000000e+00,5.66200000e-06,1.55000278e+00,
5.67200000e-06,1.55000000e+00,5.67200000e-06,1.55000277e+00,
5.68200000e-06,1.55000000e+00,5.68200000e-06,1.55000276e+00,
5.69200000e-06,1.55000000e+00,5.69200000e-06,1.55000274e+00,
5.70200000e-06,1.55000000e+00,5.70200000e-06,1.55000273e+00,
5.71200000e-06,1.55000000e+00,5.71200000e-06,1.55000272e+00,
5.72200000e-06,1.55000000e+00,5.72200000e-06,1.55000271e+00,
5.73200000e-06,1.55000000e+00,5.73200000e-06,1.55000269e+00,
5.74200000e-06,1.55000000e+00,5.74200000e-06,1.55000268e+00,
5.75200000e-06,1.55000000e+00,5.75200000e-06,1.55000267e+00,
5.76200000e-06,1.55000000e+00,5.76200000e-06,1.55000266e+00,
5.77200000e-06,1.55000000e+00,5.77200000e-06,1.55000264e+00,
5.78200000e-06,1.55000000e+00,5.78200000e-06,1.55000263e+00,
5.79200000e-06,1.55000000e+00,5.79200000e-06,1.55000262e+00,
5.80200000e-06,1.55000000e+00,5.80200000e-06,1.55000261e+00,
5.81200000e-06,1.55000000e+00,5.81200000e-06,1.55000260e+00,
5.82200000e-06,1.55000000e+00,5.82200000e-06,1.55000259e+00,
5.83200000e-06,1.55000000e+00,5.83200000e-06,1.55000257e+00,
5.84200000e-06,1.55000000e+00,5.84200000e-06,1.55000256e+00,
5.85200000e-06,1.55000000e+00,5.85200000e-06,1.55000255e+00,
5.86200000e-06,1.55000000e+00,5.86200000e-06,1.55000254e+00,
5.87200000e-06,1.55000000e+00,5.87200000e-06,1.55000253e+00,
5.88200000e-06,1.55000000e+00,5.88200000e-06,1.55000252e+00,
5.89200000e-06,1.55000000e+00,5.89200000e-06,1.55000251e+00,
5.90200000e-06,1.55000000e+00,5.90200000e-06,1.55000250e+00,
5.91200000e-06,1.55000000e+00,5.91200000e-06,1.55000249e+00,
5.92200000e-06,1.55000000e+00,5.92200000e-06,1.55000248e+00,
5.93200000e-06,1.55000000e+00,5.93200000e-06,1.55000247e+00,
5.94200000e-06,1.55000000e+00,5.94200000e-06,1.55000246e+00,
5.95200000e-06,1.55000000e+00,5.95200000e-06,1.55000245e+00,
5.96200000e-06,1.55000000e+00,5.96200000e-06,1.55000244e+00,
5.97200000e-06,1.55000000e+00,5.97200000e-06,1.55000243e+00,
5.98200000e-06,1.55000000e+00,5.98200000e-06,1.55000242e+00,
5.99200000e-06,1.55000000e+00,5.99200000e-06,1.55000241e+00,
6.00200000e-06,1.55000000e+00,6.00200000e-06,1.55000240e+00,
6.01200000e-06,1.55000000e+00,6.01200000e-06,1.55000239e+00,
6.02200000e-06,1.55000000e+00,6.02200000e-06,1.55000238e+00,
6.03200000e-06,1.55000000e+00,6.03200000e-06,1.55000237e+00,
6.04200000e-06,1.55000000e+00,6.04200000e-06,1.55000236e+00,
6.05200000e-06,1.55000000e+00,6.05200000e-06,1.55000235e+00,
6.06200000e-06,1.55000000e+00,6.06200000e-06,1.55000234e+00,
6.07200000e-06,1.55000000e+00,6.07200000e-06,1.55000234e+00,
6.08200000e-06,1.55000000e+00,6.08200000e-06,1.55000233e+00,
6.09200000e-06,1.55000000e+00,6.09200000e-06,1.55000232e+00,
6.10200000e-06,1.55000000e+00,6.10200000e-06,1.55000231e+00,
6.11200000e-06,1.55000000e+00,6.11200000e-06,1.55000230e+00,
6.12200000e-06,1.55000000e+00,6.12200000e-06,1.55000229e+00,
6.13200000e-06,1.55000000e+00,6.13200000e-06,1.55000228e+00,
6.14200000e-06,1.55000000e+00,6.14200000e-06,1.55000228e+00,
6.15200000e-06,1.55000000e+00,6.15200000e-06,1.55000227e+00,
6.16200000e-06,1.55000000e+00,6.16200000e-06,1.55000226e+00,
6.17200000e-06,1.55000000e+00,6.17200000e-06,1.55000225e+00,
6.18200000e-06,1.55000000e+00,6.18200000e-06,1.55000224e+00,
6.19200000e-06,1.55000000e+00,6.19200000e-06,1.55000224e+00,
6.20200000e-06,1.55000000e+00,6.20200000e-06,1.55000223e+00,
6.21200000e-06,1.55000000e+00,6.21200000e-06,1.55000222e+00,
6.22200000e-06,1.55000000e+00,6.22200000e-06,1.55000221e+00,
6.23200000e-06,1.55000000e+00,6.23200000e-06,1.55000220e+00,
6.24200000e-06,1.55000000e+00,6.24200000e-06,1.55000220e+00,
6.25200000e-06,1.55000000e+00,6.25200000e-06,1.55000219e+00,
6.26200000e-06,1.55000000e+00,6.26200000e-06,1.55000218e+00,
6.27200000e-06,1.55000000e+00,6.27200000e-06,1.55000218e+00,
6.28200000e-06,1.55000000e+00,6.28200000e-06,1.55000217e+00,
6.29200000e-06,1.55000000e+00,6.29200000e-06,1.55000216e+00,
6.30200000e-06,1.55000000e+00,6.30200000e-06,1.55000215e+00,
6.31200000e-06,1.55000000e+00,6.31200000e-06,1.55000215e+00,
6.32200000e-06,1.55000000e+00,6.32200000e-06,1.55000214e+00,
6.33200000e-06,1.55000000e+00,6.33200000e-06,1.55000213e+00,
6.34200000e-06,1.55000000e+00,6.34200000e-06,1.55000213e+00,
6.35200000e-06,1.55000000e+00,6.35200000e-06,1.55000212e+00,
6.36200000e-06,1.55000000e+00,6.36200000e-06,1.55000211e+00,
6.37200000e-06,1.55000000e+00,6.37200000e-06,1.55000211e+00,
6.38200000e-06,1.55000000e+00,6.38200000e-06,1.55000210e+00,
6.39200000e-06,1.55000000e+00,6.39200000e-06,1.55000209e+00,
6.40200000e-06,1.55000000e+00,6.40200000e-06,1.55000209e+00,
6.41200000e-06,1.55000000e+00,6.41200000e-06,1.55000208e+00,
6.42200000e-06,1.55000000e+00,6.42200000e-06,1.55000208e+00,
6.43200000e-06,1.55000000e+00,6.43200000e-06,1.55000207e+00,
6.44200000e-06,1.55000000e+00,6.44200000e-06,1.55000206e+00,
6.45200000e-06,1.55000000e+00,6.45200000e-06,1.55000206e+00,
6.46200000e-06,1.55000000e+00,6.46200000e-06,1.55000205e+00,
6.47200000e-06,1.55000000e+00,6.47200000e-06,1.55000204e+00,
6.48200000e-06,1.55000000e+00,6.48200000e-06,1.55000204e+00,
6.49200000e-06,1.55000000e+00,6.49200000e-06,1.55000203e+00,
6.50200000e-06,1.55000000e+00,6.50200000e-06,1.55000203e+00,
6.51200000e-06,1.55000000e+00,6.51200000e-06,1.55000202e+00,
6.52200000e-06,1.55000000e+00,6.52200000e-06,1.55000202e+00,
6.53200000e-06,1.55000000e+00,6.53200000e-06,1.55000201e+00,
6.54200000e-06,1.55000000e+00,6.54200000e-06,1.55000201e+00,
6.55200000e-06,1.55000000e+00,6.55200000e-06,1.55000200e+00,
6.56200000e-06,1.55000000e+00,6.56200000e-06,1.55000199e+00,
6.57200000e-06,1.55000000e+00,6.57200000e-06,1.55000199e+00,
6.58200000e-06,1.55000000e+00,6.58200000e-06,1.55000198e+00,
6.59200000e-06,1.55000000e+00,6.59200000e-06,1.55000198e+00,
6.60200000e-06,1.55000000e+00,6.60200000e-06,1.55000197e+00,
6.61200000e-06,1.55000000e+00,6.61200000e-06,1.55000197e+00,
6.62200000e-06,1.55000000e+00,6.62200000e-06,1.55000196e+00,
6.63200000e-06,1.55000000e+00,6.63200000e-06,1.55000196e+00,
6.64200000e-06,1.55000000e+00,6.64200000e-06,1.55000195e+00,
6.65200000e-06,1.55000000e+00,6.65200000e-06,1.55000195e+00,
6.66200000e-06,1.55000000e+00,6.66200000e-06,1.55000194e+00,
6.67200000e-06,1.55000000e+00,6.67200000e-06,1.55000194e+00,
6.68200000e-06,1.55000000e+00,6.68200000e-06,1.55000193e+00,
6.69200000e-06,1.55000000e+00,6.69200000e-06,1.55000193e+00,
6.70200000e-06,1.55000000e+00,6.70200000e-06,1.55000192e+00,
6.71200000e-06,1.55000000e+00,6.71200000e-06,1.55000192e+00,
6.72200000e-06,1.55000000e+00,6.72200000e-06,1.55000191e+00,
6.73200000e-06,1.55000000e+00,6.73200000e-06,1.55000191e+00,
6.74200000e-06,1.55000000e+00,6.74200000e-06,1.55000191e+00,
6.75200000e-06,1.55000000e+00,6.75200000e-06,1.55000190e+00,
6.76200000e-06,1.55000000e+00,6.76200000e-06,1.55000190e+00,
6.77200000e-06,1.55000000e+00,6.77200000e-06,1.55000189e+00,
6.78200000e-06,1.55000000e+00,6.78200000e-06,1.55000189e+00,
6.79200000e-06,1.55000000e+00,6.79200000e-06,1.55000188e+00,
6.80200000e-06,1.55000000e+00,6.80200000e-06,1.55000188e+00,
6.81200000e-06,1.55000000e+00,6.81200000e-06,1.55000187e+00,
6.82200000e-06,1.55000000e+00,6.82200000e-06,1.55000187e+00,
6.83200000e-06,1.55000000e+00,6.83200000e-06,1.55000187e+00,
6.84200000e-06,1.55000000e+00,6.84200000e-06,1.55000186e+00,
6.85200000e-06,1.55000000e+00,6.85200000e-06,1.55000186e+00,
6.86200000e-06,1.55000000e+00,6.86200000e-06,1.55000185e+00,
6.87200000e-06,1.55000000e+00,6.87200000e-06,1.55000185e+00,
6.88200000e-06,1.55000000e+00,6.88200000e-06,1.55000185e+00,
6.89200000e-06,1.55000000e+00,6.89200000e-06,1.55000184e+00,
6.90200000e-06,1.55000000e+00,6.90200000e-06,1.55000184e+00,
6.91200000e-06,1.55000000e+00,6.91200000e-06,1.55000183e+00,
6.92200000e-06,1.55000000e+00,6.92200000e-06,1.55000183e+00,
6.93200000e-06,1.55000000e+00,6.93200000e-06,1.55000183e+00,
6.94200000e-06,1.55000000e+00,6.94200000e-06,1.55000182e+00,
6.95200000e-06,1.55000000e+00,6.95200000e-06,1.55000182e+00,
6.96200000e-06,1.55000000e+00,6.96200000e-06,1.55000182e+00,
6.97200000e-06,1.55000000e+00,6.97200000e-06,1.55000181e+00,
6.98200000e-06,1.55000000e+00,6.98200000e-06,1.55000181e+00,
6.99200000e-06,1.55000000e+00,6.99200000e-06,1.55000181e+00,
7.00200000e-06,1.55000000e+00,7.00200000e-06,1.55000180e+00,
7.01200000e-06,1.55000000e+00,7.01200000e-06,1.55000180e+00,
7.02200000e-06,1.55000000e+00,7.02200000e-06,1.55000179e+00,
7.03200000e-06,1.55000000e+00,7.03200000e-06,1.55000179e+00,
7.04200000e-06,1.55000000e+00,7.04200000e-06,1.55000179e+00,
7.05200000e-06,1.55000000e+00,7.05200000e-06,1.55000178e+00,
7.06200000e-06,1.55000000e+00,7.06200000e-06,1.55000178e+00,
7.07200000e-06,1.55000000e+00,7.07200000e-06,1.55000178e+00,
7.08200000e-06,1.55000000e+00,7.08200000e-06,1.55000177e+00,
7.09200000e-06,1.55000000e+00,7.09200000e-06,1.55000177e+00,
7.10200000e-06,1.55000000e+00,7.10200000e-06,1.55000177e+00,
7.11200000e-06,1.55000000e+00,7.11200000e-06,1.55000177e+00,
7.12200000e-06,1.55000000e+00,7.12200000e-06,1.55000176e+00,
7.13200000e-06,1.55000000e+00,7.13200000e-06,1.55000176e+00,
7.14200000e-06,1.55000000e+00,7.14200000e-06,1.55000176e+00,
7.15200000e-06,1.55000000e+00,7.15200000e-06,1.55000175e+00,
7.16200000e-06,1.55000000e+00,7.16200000e-06,1.55000175e+00,
7.17200000e-06,1.55000000e+00,7.17200000e-06,1.55000175e+00,
7.18200000e-06,1.55000000e+00,7.18200000e-06,1.55000174e+00,
7.19200000e-06,1.55000000e+00,7.19200000e-06,1.55000174e+00,
7.20200000e-06,1.55000000e+00,7.20200000e-06,1.55000174e+00,
7.21200000e-06,1.55000000e+00,7.21200000e-06,1.55000174e+00,
7.22200000e-06,1.55000000e+00,7.22200000e-06,1.55000173e+00,
7.23200000e-06,1.55000000e+00,7.23200000e-06,1.55000173e+00,
7.24200000e-06,1.55000000e+00,7.24200000e-06,1.55000173e+00,
7.25200000e-06,1.55000000e+00,7.25200000e-06,1.55000172e+00,
7.26200000e-06,1.55000000e+00,7.26200000e-06,1.55000172e+00,
7.27200000e-06,1.55000000e+00,7.27200000e-06,1.55000172e+00,
7.28200000e-06,1.55000000e+00,7.28200000e-06,1.55000172e+00,
7.29200000e-06,1.55000000e+00,7.29200000e-06,1.55000171e+00,
7.30200000e-06,1.55000000e+00,7.30200000e-06,1.55000171e+00,
7.31200000e-06,1.55000000e+00,7.31200000e-06,1.55000171e+00,
7.32200000e-06,1.55000000e+00,7.32200000e-06,1.55000171e+00,
7.33200000e-06,1.55000000e+00,7.33200000e-06,1.55000170e+00,
7.34200000e-06,1.55000000e+00,7.34200000e-06,1.55000170e+00,
7.35200000e-06,1.55000000e+00,7.35200000e-06,1.55000170e+00,
7.36200000e-06,1.55000000e+00,7.36200000e-06,1.55000170e+00,
7.37200000e-06,1.55000000e+00,7.37200000e-06,1.55000169e+00,
7.38200000e-06,1.55000000e+00,7.38200000e-06,1.55000169e+00,
7.39200000e-06,1.55000000e+00,7.39200000e-06,1.55000169e+00,
7.40200000e-06,1.55000000e+00,7.40200000e-06,1.55000169e+00,
7.41200000e-06,1.55000000e+00,7.41200000e-06,1.55000168e+00,
7.42200000e-06,1.55000000e+00,7.42200000e-06,1.55000168e+00,
7.43200000e-06,1.55000000e+00,7.43200000e-06,1.55000168e+00,
7.44200000e-06,1.55000000e+00,7.44200000e-06,1.55000168e+00,
7.45200000e-06,1.55000000e+00,7.45200000e-06,1.55000167e+00,
7.46200000e-06,1.55000000e+00,7.46200000e-06,1.55000167e+00,
7.47200000e-06,1.55000000e+00,7.47200000e-06,1.55000167e+00,
7.48200000e-06,1.55000000e+00,7.48200000e-06,1.55000167e+00,
7.49200000e-06,1.55000000e+00,7.49200000e-06,1.55000166e+00,
7.50200000e-06,1.55000000e+00,7.50200000e-06,1.55000166e+00,
7.51000000e-06,1.55000000e+00,7.51000000e-06,1.55000166e+00,
7.51100000e-06,1.54000000e+00,7.51100000e-06,1.54999396e+00,
7.51300000e-06,1.52000000e+00,7.51300000e-06,1.54997798e+00,
7.51700000e-06,1.48000000e+00,7.51700000e-06,1.54996138e+00,
7.52000000e-06,1.45000000e+00,7.52000000e-06,1.54997877e+00,
7.52080000e-06,1.45000000e+00,7.52080000e-06,1.54999554e+00,
7.52240000e-06,1.45000000e+00,7.52240000e-06,1.55003067e+00,
7.52560000e-06,1.45000000e+00,7.52560000e-06,1.55008818e+00,
7.53200000e-06,1.45000000e+00,7.53200000e-06,1.54994539e+00,
7.54200000e-06,1.45000000e+00,7.54200000e-06,1.54859127e+00,
7.55200000e-06,1.45000000e+00,7.55200000e-06,1.54567674e+00,
7.56200000e-06,1.45000000e+00,7.56200000e-06,1.54128875e+00,
7.57200000e-06,1.45000000e+00,7.57200000e-06,1.53566137e+00,
7.58200000e-06,1.45000000e+00,7.58200000e-06,1.52907630e+00,
7.59200000e-06,1.45000000e+00,7.59200000e-06,1.52181287e+00,
7.60200000e-06,1.45000000e+00,7.60200000e-06,1.51413391e+00,
7.61200000e-06,1.45000000e+00,7.61200000e-06,1.50627501e+00,
7.62200000e-06,1.45000000e+00,7.62200000e-06,1.49844262e+00,
7.63200000e-06,1.45000000e+00,7.63200000e-06,1.49080948e+00,
7.64200000e-06,1.45000000e+00,7.64200000e-06,1.48351540e+00,
7.65200000e-06,1.45000000e+00,7.65200000e-06,1.47666778e+00,
7.66200000e-06,1.45000000e+00,7.66200000e-06,1.47034483e+00,
7.67200000e-06,1.45000000e+00,7.67200000e-06,1.46459852e+00,
7.68200000e-06,1.45000000e+00,7.68200000e-06,1.45945876e+00,
7.69200000e-06,1.45000000e+00,7.69200000e-06,1.45493678e+00,
7.70200000e-06,1.45000000e+00,7.70200000e-06,1.45102891e+00,
7.71200000e-06,1.45000000e+00,7.71200000e-06,1.44771927e+00,
7.72200000e-06,1.45000000e+00,7.72200000e-06,1.44498263e+00,
7.73200000e-06,1.45000000e+00,7.73200000e-06,1.44278630e+00,
7.74200000e-06,1.45000000e+00,7.74200000e-06,1.44109214e+00,
7.75200000e-06,1.45000000e+00,7.75200000e-06,1.43985788e+00,
7.76200000e-06,1.45000000e+00,7.76200000e-06,1.43903861e+00,
7.77200000e-06,1.45000000e+00,7.77200000e-06,1.43858778e+00,
7.78200000e-06,1.45000000e+00,7.78200000e-06,1.43845839e+00,
7.79200000e-06,1.45000000e+00,7.79200000e-06,1.43860377e+00,
7.80200000e-06,1.45000000e+00,7.80200000e-06,1.43897851e+00,
7.81200000e-06,1.45000000e+00,7.81200000e-06,1.43953913e+00,
7.82200000e-06,1.45000000e+00,7.82200000e-06,1.44024470e+00,
7.83200000e-06,1.45000000e+00,7.83200000e-06,1.44105730e+00,
7.84200000e-06,1.45000000e+00,7.84200000e-06,1.44194244e+00,
7.85200000e-06,1.45000000e+00,7.85200000e-06,1.44286925e+00,
7.86200000e-06,1.45000000e+00,7.86200000e-06,1.44381069e+00,
7.87200000e-06,1.45000000e+00,7.87200000e-06,1.44474351e+00,
7.88200000e-06,1.45000000e+00,7.88200000e-06,1.44564823e+00,
7.89200000e-06,1.45000000e+00,7.89200000e-06,1.44650903e+00,
7.90200000e-06,1.45000000e+00,7.90200000e-06,1.44731349e+00,
7.91200000e-06,1.45000000e+00,7.91200000e-06,1.44805239e+00,
7.92200000e-06,1.45000000e+00,7.92200000e-06,1.44871943e+00,
7.93200000e-06,1.45000000e+00,7.93200000e-06,1.44931087e+00,
7.94200000e-06,1.45000000e+00,7.94200000e-06,1.44982528e+00,
7.95200000e-06,1.45000000e+00,7.95200000e-06,1.45026315e+00,
7.96200000e-06,1.45000000e+00,7.96200000e-06,1.45062664e+00,
7.97200000e-06,1.45000000e+00,7.97200000e-06,1.45091922e+00,
7.98200000e-06,1.45000000e+00,7.98200000e-06,1.45114540e+00,
7.99200000e-06,1.45000000e+00,7.99200000e-06,1.45131050e+00,
8.00200000e-06,1.45000000e+00,8.00200000e-06,1.45142035e+00,
8.01200000e-06,1.45000000e+00,8.01200000e-06,1.45148112e+00,
8.02200000e-06,1.45000000e+00,8.02200000e-06,1.45149910e+00,
8.03200000e-06,1.45000000e+00,8.03200000e-06,1.45148058e+00,
8.04200000e-06,1.45000000e+00,8.04200000e-06,1.45143165e+00,
8.05200000e-06,1.45000000e+00,8.05200000e-06,1.45135814e+00,
8.06200000e-06,1.45000000e+00,8.06200000e-06,1.45126553e+00,
8.07200000e-06,1.45000000e+00,8.07200000e-06,1.45115885e+00,
8.08200000e-06,1.45000000e+00,8.08200000e-06,1.45104268e+00,
8.09200000e-06,1.45000000e+00,8.09200000e-06,1.45092108e+00,
8.10200000e-06,1.45000000e+00,8.10200000e-06,1.45079760e+00,
8.11200000e-06,1.45000000e+00,8.11200000e-06,1.45067529e+00,
8.12200000e-06,1.45000000e+00,8.12200000e-06,1.45055668e+00,
8.13200000e-06,1.45000000e+00,8.13200000e-06,1.45044384e+00,
8.14200000e-06,1.45000000e+00,8.14200000e-06,1.45033838e+00,
8.15200000e-06,1.45000000e+00,8.15200000e-06,1.45024149e+00,
8.16200000e-06,1.45000000e+00,8.16200000e-06,1.45015401e+00,
8.17200000e-06,1.45000000e+00,8.17200000e-06,1.45007641e+00,
8.18200000e-06,1.45000000e+00,8.18200000e-06,1.45000888e+00,
8.19200000e-06,1.45000000e+00,8.19200000e-06,1.44995136e+00,
8.20200000e-06,1.45000000e+00,8.20200000e-06,1.44990357e+00,
8.21200000e-06,1.45000000e+00,8.21200000e-06,1.44986506e+00,
8.22200000e-06,1.45000000e+00,8.22200000e-06,1.44983524e+00,
8.23200000e-06,1.45000000e+00,8.23200000e-06,1.44981344e+00,
8.24200000e-06,1.45000000e+00,8.24200000e-06,1.44979888e+00,
8.25200000e-06,1.45000000e+00,8.25200000e-06,1.44979077e+00,
8.26200000e-06,1.45000000e+00,8.26200000e-06,1.44978828e+00,
8.27200000e-06,1.45000000e+00,8.27200000e-06,1.44979061e+00,
8.28200000e-06,1.45000000e+00,8.28200000e-06,1.44979695e+00,
8.29200000e-06,1.45000000e+00,8.29200000e-06,1.44980653e+00,
8.30200000e-06,1.45000000e+00,8.30200000e-06,1.44981865e+00,
8.31200000e-06,1.45000000e+00,8.31200000e-06,1.44983264e+00,
8.32200000e-06,1.45000000e+00,8.32200000e-06,1.44984790e+00,
8.33200000e-06,1.45000000e+00,8.33200000e-06,1.44986390e+00,
8.34200000e-06,1.45000000e+00,8.34200000e-06,1.44988016e+00,
8.35200000e-06,1.45000000e+00,8.35200000e-06,1.44989630e+00,
8.36200000e-06,1.45000000e+00,8.36200000e-06,1.44991197e+00,
8.37200000e-06,1.45000000e+00,8.37200000e-06,1.44992689e+00,
8.38200000e-06,1.45000000e+00,8.38200000e-06,1.44994086e+00,
8.39200000e-06,1.45000000e+00,8.39200000e-06,1.44995372e+00,
8.40200000e-06,1.45000000e+00,8.40200000e-06,1.44996535e+00,
8.41200000e-06,1.45000000e+00,8.41200000e-06,1.44997569e+00,
8.42200000e-06,1.45000000e+00,8.42200000e-06,1.44998471e+00,
8.43200000e-06,1.45000000e+00,8.43200000e-06,1.44999243e+00,
8.44200000e-06,1.45000000e+00,8.44200000e-06,1.44999886e+00,
8.45200000e-06,1.45000000e+00,8.45200000e-06,1.45000408e+00,
8.46200000e-06,1.45000000e+00,8.46200000e-06,1.45000816e+00,
8.47200000e-06,1.45000000e+00,8.47200000e-06,1.45001118e+00,
8.48200000e-06,1.45000000e+00,8.48200000e-06,1.45001325e+00,
8.49200000e-06,1.45000000e+00,8.49200000e-06,1.45001448e+00,
8.50200000e-06,1.45000000e+00,8.50200000e-06,1.45001496e+00,
8.51200000e-06,1.45000000e+00,8.51200000e-06,1.45001480e+00,
8.52200000e-06,1.45000000e+00,8.52200000e-06,1.45001412e+00,
8.53200000e-06,1.45000000e+00,8.53200000e-06,1.45001300e+00,
8.54200000e-06,1.45000000e+00,8.54200000e-06,1.45001155e+00,
8.55200000e-06,1.45000000e+00,8.55200000e-06,1.45000985e+00,
8.56200000e-06,1.45000000e+00,8.56200000e-06,1.45000798e+00,
8.57200000e-06,1.45000000e+00,8.57200000e-06,1.45000600e+00,
8.58200000e-06,1.45000000e+00,8.58200000e-06,1.45000399e+00,
8.59200000e-06,1.45000000e+00,8.59200000e-06,1.45000200e+00,
8.60200000e-06,1.45000000e+00,8.60200000e-06,1.45000006e+00,
8.61200000e-06,1.45000000e+00,8.61200000e-06,1.44999821e+00,
8.62200000e-06,1.45000000e+00,8.62200000e-06,1.44999649e+00,
8.63200000e-06,1.45000000e+00,8.63200000e-06,1.44999492e+00,
8.64200000e-06,1.45000000e+00,8.64200000e-06,1.44999350e+00,
8.65200000e-06,1.45000000e+00,8.65200000e-06,1.44999225e+00,
8.66200000e-06,1.45000000e+00,8.66200000e-06,1.44999117e+00,
8.67200000e-06,1.45000000e+00,8.67200000e-06,1.44999026e+00,
8.68200000e-06,1.45000000e+00,8.68200000e-06,1.44998952e+00,
8.69200000e-06,1.45000000e+00,8.69200000e-06,1.44998893e+00,
8.70200000e-06,1.45000000e+00,8.70200000e-06,1.44998850e+00,
8.71200000e-06,1.45000000e+00,8.71200000e-06,1.44998820e+00,
8.72200000e-06,1.45000000e+00,8.72200000e-06,1.44998803e+00,
8.73200000e-06,1.45000000e+00,8.73200000e-06,1.44998797e+00,
8.74200000e-06,1.45000000e+00,8.74200000e-06,1.44998800e+00,
8.75200000e-06,1.45000000e+00,8.75200000e-06,1.44998812e+00,
8.76200000e-06,1.45000000e+00,8.76200000e-06,1.44998831e+00,
8.77200000e-06,1.45000000e+00,8.77200000e-06,1.44998855e+00,
8.78200000e-06,1.45000000e+00,8.78200000e-06,1.44998884e+00,
8.79200000e-06,1.45000000e+00,8.79200000e-06,1.44998916e+00,
8.80200000e-06,1.45000000e+00,8.80200000e-06,1.44998950e+00,
8.81200000e-06,1.45000000e+00,8.81200000e-06,1.44998985e+00,
8.82200000e-06,1.45000000e+00,8.82200000e-06,1.44999021e+00,
8.83200000e-06,1.45000000e+00,8.83200000e-06,1.44999057e+00,
8.84200000e-06,1.45000000e+00,8.84200000e-06,1.44999092e+00,
8.85200000e-06,1.45000000e+00,8.85200000e-06,1.44999125e+00,
8.86200000e-06,1.45000000e+00,8.86200000e-06,1.44999157e+00,
8.87200000e-06,1.45000000e+00,8.87200000e-06,1.44999187e+00,
8.88200000e-06,1.45000000e+00,8.88200000e-06,1.44999215e+00,
8.89200000e-06,1.45000000e+00,8.89200000e-06,1.44999240e+00,
8.90200000e-06,1.45000000e+00,8.90200000e-06,1.44999263e+00,
8.91200000e-06,1.45000000e+00,8.91200000e-06,1.44999284e+00,
8.92200000e-06,1.45000000e+00,8.92200000e-06,1.44999303e+00,
8.93200000e-06,1.45000000e+00,8.93200000e-06,1.44999319e+00,
8.94200000e-06,1.45000000e+00,8.94200000e-06,1.44999334e+00,
8.95200000e-06,1.45000000e+00,8.95200000e-06,1.44999346e+00,
8.96200000e-06,1.45000000e+00,8.96200000e-06,1.44999357e+00,
8.97200000e-06,1.45000000e+00,8.97200000e-06,1.44999366e+00,
8.98200000e-06,1.45000000e+00,8.98200000e-06,1.44999374e+00,
8.99200000e-06,1.45000000e+00,8.99200000e-06,1.44999381e+00,
9.00200000e-06,1.45000000e+00,9.00200000e-06,1.44999387e+00,
9.01200000e-06,1.45000000e+00,9.01200000e-06,1.44999392e+00,
9.02200000e-06,1.45000000e+00,9.02200000e-06,1.44999396e+00,
9.03200000e-06,1.45000000e+00,9.03200000e-06,1.44999400e+00,
9.04200000e-06,1.45000000e+00,9.04200000e-06,1.44999403e+00,
9.05200000e-06,1.45000000e+00,9.05200000e-06,1.44999407e+00,
9.06200000e-06,1.45000000e+00,9.06200000e-06,1.44999410e+00,
9.07200000e-06,1.45000000e+00,9.07200000e-06,1.44999413e+00,
9.08200000e-06,1.45000000e+00,9.08200000e-06,1.44999416e+00,
9.09200000e-06,1.45000000e+00,9.09200000e-06,1.44999419e+00,
9.10200000e-06,1.45000000e+00,9.10200000e-06,1.44999422e+00,
9.11200000e-06,1.45000000e+00,9.11200000e-06,1.44999426e+00,
9.12200000e-06,1.45000000e+00,9.12200000e-06,1.44999430e+00,
9.13200000e-06,1.45000000e+00,9.13200000e-06,1.44999434e+00,
9.14200000e-06,1.45000000e+00,9.14200000e-06,1.44999438e+00,
9.15200000e-06,1.45000000e+00,9.15200000e-06,1.44999442e+00,
9.16200000e-06,1.45000000e+00,9.16200000e-06,1.44999447e+00,
9.17200000e-06,1.45000000e+00,9.17200000e-06,1.44999452e+00,
9.18200000e-06,1.45000000e+00,9.18200000e-06,1.44999457e+00,
9.19200000e-06,1.45000000e+00,9.19200000e-06,1.44999462e+00,
9.20200000e-06,1.45000000e+00,9.20200000e-06,1.44999468e+00,
9.21200000e-06,1.45000000e+00,9.21200000e-06,1.44999473e+00,
9.22200000e-06,1.45000000e+00,9.22200000e-06,1.44999479e+00,
9.23200000e-06,1.45000000e+00,9.23200000e-06,1.44999485e+00,
9.24200000e-06,1.45000000e+00,9.24200000e-06,1.44999490e+00,
9.25200000e-06,1.45000000e+00,9.25200000e-06,1.44999496e+00,
9.26200000e-06,1.45000000e+00,9.26200000e-06,1.44999502e+00,
9.27200000e-06,1.45000000e+00,9.27200000e-06,1.44999508e+00,
9.28200000e-06,1.45000000e+00,9.28200000e-06,1.44999514e+00,
9.29200000e-06,1.45000000e+00,9.29200000e-06,1.44999520e+00,
9.30200000e-06,1.45000000e+00,9.30200000e-06,1.44999526e+00,
9.31200000e-06,1.45000000e+00,9.31200000e-06,1.44999531e+00,
9.32200000e-06,1.45000000e+00,9.32200000e-06,1.44999537e+00,
9.33200000e-06,1.45000000e+00,9.33200000e-06,1.44999543e+00,
9.34200000e-06,1.45000000e+00,9.34200000e-06,1.44999548e+00,
9.35200000e-06,1.45000000e+00,9.35200000e-06,1.44999554e+00,
9.36200000e-06,1.45000000e+00,9.36200000e-06,1.44999559e+00,
9.37200000e-06,1.45000000e+00,9.37200000e-06,1.44999565e+00,
9.38200000e-06,1.45000000e+00,9.38200000e-06,1.44999570e+00,
9.39200000e-06,1.45000000e+00,9.39200000e-06,1.44999575e+00,
9.40200000e-06,1.45000000e+00,9.40200000e-06,1.44999580e+00,
9.41200000e-06,1.45000000e+00,9.41200000e-06,1.44999585e+00,
9.42200000e-06,1.45000000e+00,9.42200000e-06,1.44999590e+00,
9.43200000e-06,1.45000000e+00,9.43200000e-06,1.44999595e+00,
9.44200000e-06,1.45000000e+00,9.44200000e-06,1.44999599e+00,
9.45200000e-06,1.45000000e+00,9.45200000e-06,1.44999604e+00,
9.46200000e-06,1.45000000e+00,9.46200000e-06,1.44999609e+00,
9.47200000e-06,1.45000000e+00,9.47200000e-06,1.44999613e+00,
9.48200000e-06,1.45000000e+00,9.48200000e-06,1.44999618e+00,
9.49200000e-06,1.45000000e+00,9.49200000e-06,1.44999622e+00,
9.50200000e-06,1.45000000e+00,9.50200000e-06,1.44999627e+00,
9.51200000e-06,1.45000000e+00,9.51200000e-06,1.44999631e+00,
9.52200000e-06,1.45000000e+00,9.52200000e-06,1.44999635e+00,
9.53200000e-06,1.45000000e+00,9.53200000e-06,1.44999639e+00,
9.54200000e-06,1.45000000e+00,9.54200000e-06,1.44999644e+00,
9.55200000e-06,1.45000000e+00,9.55200000e-06,1.44999648e+00,
9.56200000e-06,1.45000000e+00,9.56200000e-06,1.44999652e+00,
9.57200000e-06,1.45000000e+00,9.57200000e-06,1.44999656e+00,
9.58200000e-06,1.45000000e+00,9.58200000e-06,1.44999660e+00,
9.59200000e-06,1.45000000e+00,9.59200000e-06,1.44999664e+00,
9.60200000e-06,1.45000000e+00,9.60200000e-06,1.44999668e+00,
9.61200000e-06,1.45000000e+00,9.61200000e-06,1.44999672e+00,
9.62200000e-06,1.45000000e+00,9.62200000e-06,1.44999676e+00,
9.63200000e-06,1.45000000e+00,9.63200000e-06,1.44999680e+00,
9.64200000e-06,1.45000000e+00,9.64200000e-06,1.44999683e+00,
9.65200000e-06,1.45000000e+00,9.65200000e-06,1.44999687e+00,
9.66200000e-06,1.45000000e+00,9.66200000e-06,1.44999691e+00,
9.67200000e-06,1.45000000e+00,9.67200000e-06,1.44999695e+00,
9.68200000e-06,1.45000000e+00,9.68200000e-06,1.44999698e+00,
9.69200000e-06,1.45000000e+00,9.69200000e-06,1.44999702e+00,
9.70200000e-06,1.45000000e+00,9.70200000e-06,1.44999706e+00,
9.71200000e-06,1.45000000e+00,9.71200000e-06,1.44999709e+00,
9.72200000e-06,1.45000000e+00,9.72200000e-06,1.44999713e+00,
9.73200000e-06,1.45000000e+00,9.73200000e-06,1.44999716e+00,
9.74200000e-06,1.45000000e+00,9.74200000e-06,1.44999720e+00,
9.75200000e-06,1.45000000e+00,9.75200000e-06,1.44999723e+00,
9.76200000e-06,1.45000000e+00,9.76200000e-06,1.44999727e+00,
9.77200000e-06,1.45000000e+00,9.77200000e-06,1.44999730e+00,
9.78200000e-06,1.45000000e+00,9.78200000e-06,1.44999733e+00,
9.79200000e-06,1.45000000e+00,9.79200000e-06,1.44999737e+00,
9.80200000e-06,1.45000000e+00,9.80200000e-06,1.44999740e+00,
9.81200000e-06,1.45000000e+00,9.81200000e-06,1.44999743e+00,
9.82200000e-06,1.45000000e+00,9.82200000e-06,1.44999747e+00,
9.83200000e-06,1.45000000e+00,9.83200000e-06,1.44999750e+00,
9.84200000e-06,1.45000000e+00,9.84200000e-06,1.44999753e+00,
9.85200000e-06,1.45000000e+00,9.85200000e-06,1.44999756e+00,
9.86200000e-06,1.45000000e+00,9.86200000e-06,1.44999759e+00,
9.87200000e-06,1.45000000e+00,9.87200000e-06,1.44999762e+00,
9.88200000e-06,1.45000000e+00,9.88200000e-06,1.44999765e+00,
9.89200000e-06,1.45000000e+00,9.89200000e-06,1.44999768e+00,
9.90200000e-06,1.45000000e+00,9.90200000e-06,1.44999771e+00,
9.91200000e-06,1.45000000e+00,9.91200000e-06,1.44999774e+00,
9.92200000e-06,1.45000000e+00,9.92200000e-06,1.44999777e+00,
9.93200000e-06,1.45000000e+00,9.93200000e-06,1.44999780e+00,
9.94200000e-06,1.45000000e+00,9.94200000e-06,1.44999783e+00,
9.95200000e-06,1.45000000e+00,9.95200000e-06,1.44999786e+00,
9.96200000e-06,1.45000000e+00,9.96200000e-06,1.44999788e+00,
9.97200000e-06,1.45000000e+00,9.97200000e-06,1.44999791e+00,
9.98200000e-06,1.45000000e+00,9.98200000e-06,1.44999794e+00,
9.99200000e-06,1.45000000e+00,9.99200000e-06,1.44999797e+00,
1.00000000e-05,1.45000000e+00,1.00000000e-05,1.44999799e+00,
