0.00000000e+00,1.55169709e+05,0.00000000e+00,1.15519992e+05,0.00000000e+00,1.13451905e+05,
5.00000000e-03,1.57981776e+05,5.00000000e-03,1.18529605e+05,5.00000000e-03,1.16342150e+05,
1.00000000e-02,1.60899111e+05,1.00000000e-02,1.21697660e+05,1.00000000e-02,1.19384207e+05,
1.50000000e-02,1.63929164e+05,1.50000000e-02,1.25033840e+05,1.50000000e-02,1.22590189e+05,
2.00000000e-02,1.67078393e+05,2.00000000e-02,1.28550882e+05,2.00000000e-02,1.25971811e+05,
2.50000000e-02,1.70353740e+05,2.50000000e-02,1.32262733e+05,2.50000000e-02,1.29541893e+05,
3.00000000e-02,1.73762668e+05,3.00000000e-02,1.36184683e+05,3.00000000e-02,1.33314461e+05,
3.50000000e-02,1.77313214e+05,3.50000000e-02,1.40333520e+05,3.50000000e-02,1.37304874e+05,
4.00000000e-02,1.81014040e+05,4.00000000e-02,1.44727698e+05,4.00000000e-02,1.41529960e+05,
4.50000000e-02,1.84874491e+05,4.50000000e-02,1.49387528e+05,4.50000000e-02,1.46008187e+05,
5.00000000e-02,1.88904660e+05,5.00000000e-02,1.54335397e+05,5.00000000e-02,1.50759836e+05,
5.50000000e-02,1.93115462e+05,5.50000000e-02,1.59596009e+05,5.50000000e-02,1.55807190e+05,
6.00000000e-02,1.97518709e+05,6.00000000e-02,1.65196661e+05,6.00000000e-02,1.61174770e+05,
6.50000000e-02,2.02127201e+05,6.50000000e-02,1.71167555e+05,6.50000000e-02,1.66889580e+05,
7.00000000e-02,2.06954825e+05,7.00000000e-02,1.77542151e+05,7.00000000e-02,1.72981385e+05,
7.50000000e-02,2.12016662e+05,7.50000000e-02,1.84357564e+05,7.50000000e-02,1.79483024e+05,
8.00000000e-02,2.17329110e+05,8.00000000e-02,1.91655015e+05,8.00000000e-02,1.86430770e+05,
8.50000000e-02,2.22910019e+05,8.50000000e-02,1.99480343e+05,8.50000000e-02,1.93864718e+05,
9.00000000e-02,2.28778841e+05,9.00000000e-02,2.07884585e+05,9.00000000e-02,2.01829240e+05,
9.50000000e-02,2.34956801e+05,9.50000000e-02,2.16924631e+05,9.50000000e-02,2.10373482e+05,
1.00000000e-01,2.41467083e+05,1.00000000e-01,2.26663975e+05,1.00000000e-01,2.19551936e+05,
1.05000000e-01,2.48335042e+05,1.05000000e-01,2.37173550e+05,1.05000000e-01,2.29425088e+05,
1.10000000e-01,2.55588438e+05,1.10000000e-01,2.48532699e+05,1.10000000e-01,2.40060137e+05,
1.15000000e-01,2.63257705e+05,1.15000000e-01,2.60830252e+05,1.15000000e-01,2.51531823e+05,
1.20000000e-01,2.71376240e+05,1.20000000e-01,2.74165767e+05,1.20000000e-01,2.63923376e+05,
1.25000000e-01,2.79980741e+05,1.25000000e-01,2.88650925e+05,1.25000000e-01,2.77327559e+05,
1.30000000e-01,2.89111576e+05,1.30000000e-01,3.04411119e+05,1.30000000e-01,2.91847885e+05,
1.35000000e-01,2.98813204e+05,1.35000000e-01,3.21587254e+05,1.35000000e-01,3.07600000e+05,
1.40000000e-01,3.09134646e+05,1.40000000e-01,3.40337790e+05,1.40000000e-01,3.24713238e+05,
1.45000000e-01,3.20130013e+05,1.45000000e-01,3.60841058e+05,1.45000000e-01,3.43332381e+05,
1.50000000e-01,3.31859105e+05,1.50000000e-01,3.83297900e+05,1.50000000e-01,3.63619640e+05,
1.55000000e-01,3.44388079e+05,1.55000000e-01,4.07934672e+05,1.55000000e-01,3.85756931e+05,
1.60000000e-01,3.57790215e+05,1.60000000e-01,4.35006665e+05,1.60000000e-01,4.09948329e+05,
1.65000000e-01,3.72146766e+05,1.65000000e-01,4.64802035e+05,1.65000000e-01,4.36422839e+05,
1.70000000e-01,3.87547930e+05,1.70000000e-01,4.97646305e+05,1.70000000e-01,4.65437336e+05,
1.75000000e-01,4.04093943e+05,1.75000000e-01,5.33907575e+05,1.75000000e-01,4.97279765e+05,
1.80000000e-01,4.21896326e+05,1.80000000e-01,5.74002553e+05,1.80000000e-01,5.32272410e+05,
1.85000000e-01,4.41079287e+05,1.85000000e-01,6.18403593e+05,1.85000000e-01,5.70775125e+05,
1.90000000e-01,4.61781329e+05,1.90000000e-01,6.67646921e+05,1.90000000e-01,6.13188387e+05,
1.95000000e-01,4.84157071e+05,1.95000000e-01,7.22342297e+05,1.95000000e-01,6.59955931e+05,
2.00000000e-01,5.08379324e+05,2.00000000e-01,7.83184353e+05,2.00000000e-01,7.11566635e+05,
2.05000000e-01,5.34641468e+05,2.05000000e-01,8.50965894e+05,2.05000000e-01,7.68555036e+05,
2.10000000e-01,5.63160159e+05,2.10000000e-01,9.26593397e+05,2.10000000e-01,8.31500782e+05,
2.15000000e-01,5.94178431e+05,2.15000000e-01,1.01110490e+06,2.15000000e-01,9.01025605e+05,
2.20000000e-01,6.27969246e+05,2.20000000e-01,1.10569026e+06,2.20000000e-01,9.77788254e+05,
2.25000000e-01,6.64839541e+05,2.25000000e-01,1.21171361e+06,2.25000000e-01,1.06247688e+06,
2.30000000e-01,7.05134851e+05,2.30000000e-01,1.33073709e+06,2.30000000e-01,1.15579820e+06,
2.35000000e-01,7.49244548e+05,2.35000000e-01,1.46454473e+06,2.35000000e-01,1.25846518e+06,
2.40000000e-01,7.97607750e+05,2.40000000e-01,1.61516382e+06,2.40000000e-01,1.37118204e+06,
2.45000000e-01,8.50719915e+05,2.45000000e-01,1.78488050e+06,2.45000000e-01,1.49462860e+06,
2.50000000e-01,9.09140089e+05,2.50000000e-01,1.97624447e+06,2.50000000e-01,1.62944478e+06,
2.55000000e-01,9.73498714e+05,2.55000000e-01,2.19205689e+06,2.55000000e-01,1.77621731e+06,
2.60000000e-01,1.04450578e+06,2.60000000e-01,2.43533415e+06,2.60000000e-01,1.93546986e+06,
2.65000000e-01,1.12295900e+06,2.65000000e-01,2.70924066e+06,2.65000000e-01,2.10765609e+06,
2.70000000e-01,1.20975136e+06,2.70000000e-01,3.01698498e+06,2.70000000e-01,2.29316118e+06,
2.75000000e-01,1.30587741e+06,2.75000000e-01,3.36167727e+06,2.75000000e-01,2.49230825e+06,
2.80000000e-01,1.41243703e+06,2.80000000e-01,3.74615126e+06,2.80000000e-01,2.70537199e+06,
2.85000000e-01,1.53063533e+06,2.85000000e-01,4.17276118e+06,2.85000000e-01,2.93259664e+06,
2.90000000e-01,1.66177704e+06,2.90000000e-01,4.64317132e+06,2.90000000e-01,3.17422249e+06,
2.95000000e-01,1.80725344e+06,2.95000000e-01,5.15816182e+06,2.95000000e-01,3.43051841e+06,
3.00000000e-01,1.96851992e+06,3.00000000e-01,5.71747659e+06,3.00000000e-01,3.70180778e+06,
3.05000000e-01,2.14706259e+06,3.05000000e-01,6.31973717e+06,3.05000000e-01,3.98850851e+06,
3.10000000e-01,2.34435298e+06,3.10000000e-01,6.96243845e+06,3.10000000e-01,4.29117043e+06,
3.15000000e-01,2.56179085e+06,3.15000000e-01,7.64203149e+06,3.15000000e-01,4.61051179e+06,
3.20000000e-01,2.80063692e+06,3.20000000e-01,8.35408558e+06,3.20000000e-01,4.94746182e+06,
3.25000000e-01,3.06193891e+06,3.25000000e-01,9.09351091e+06,3.25000000e-01,5.30319537e+06,
3.30000000e-01,3.34645604e+06,3.30000000e-01,9.85481586e+06,3.30000000e-01,5.67918857e+06,
3.35000000e-01,3.65458885e+06,3.35000000e-01,1.06323708e+07,3.35000000e-01,6.07726363e+06,
3.40000000e-01,3.98632165e+06,3.40000000e-01,1.14206529e+07,3.40000000e-01,6.49963563e+06,
3.45000000e-01,4.34118445e+06,3.45000000e-01,1.22144529e+07,3.45000000e-01,6.94898467e+06,
3.50000000e-01,4.71824015e+06,3.50000000e-01,1.30090322e+07,3.50000000e-01,7.42852398e+06,
3.55000000e-01,5.11609952e+06,3.55000000e-01,1.38002274e+07,3.55000000e-01,7.94207841e+06,
3.60000000e-01,5.53296395e+06,3.60000000e-01,1.45845037e+07,3.60000000e-01,8.49418978e+06,
3.65000000e-01,5.96669233e+06,3.65000000e-01,1.53589659e+07,3.65000000e-01,9.09022681e+06,
3.70000000e-01,6.41488595e+06,3.70000000e-01,1.61213361e+07,3.70000000e-01,9.73649470e+06,
3.75000000e-01,6.87498359e+06,3.75000000e-01,1.68699062e+07,3.75000000e-01,1.04404063e+07,
3.80000000e-01,7.34435855e+06,3.80000000e-01,1.76034768e+07,3.80000000e-01,1.12106370e+07,
3.85000000e-01,7.82041012e+06,3.85000000e-01,1.83212889e+07,3.85000000e-01,1.20572812e+07,
3.90000000e-01,8.30064337e+06,3.90000000e-01,1.90229534e+07,3.90000000e-01,1.29920622e+07,
3.95000000e-01,8.78273356e+06,3.95000000e-01,1.97083847e+07,3.95000000e-01,1.40285152e+07,
4.00000000e-01,9.26457311e+06,4.00000000e-01,2.03777390e+07,4.00000000e-01,1.51821232e+07,
4.05000000e-01,9.74430140e+06,4.05000000e-01,2.10313596e+07,4.05000000e-01,1.64704351e+07,
4.10000000e-01,1.02203188e+07,4.10000000e-01,2.16697305e+07,4.10000000e-01,1.79131312e+07,
4.15000000e-01,1.06912874e+07,4.15000000e-01,2.22934362e+07,4.15000000e-01,1.95319331e+07,
4.20000000e-01,1.11561213e+07,4.20000000e-01,2.29031295e+07,4.20000000e-01,2.13502843e+07,
4.25000000e-01,1.16139691e+07,4.25000000e-01,2.34995054e+07,4.25000000e-01,2.33929332e+07,
4.30000000e-01,1.20641921e+07,4.30000000e-01,2.40832797e+07,4.30000000e-01,2.56851902e+07,
4.35000000e-01,1.25063393e+07,4.35000000e-01,2.46551733e+07,4.35000000e-01,2.82518160e+07,
4.40000000e-01,1.29401222e+07,4.40000000e-01,2.52158995e+07,4.40000000e-01,3.11158121e+07,
4.45000000e-01,1.33653892e+07,4.45000000e-01,2.57661553e+07,4.45000000e-01,3.42968770e+07,
4.50000000e-01,1.37821030e+07,4.50000000e-01,2.63066148e+07,4.50000000e-01,3.78098571e+07,
4.55000000e-01,1.41903185e+07,4.55000000e-01,2.68379245e+07,4.55000000e-01,4.16632774e+07,
4.60000000e-01,1.45901641e+07,4.60000000e-01,2.73607008e+07,4.60000000e-01,4.58580272e+07,
4.65000000e-01,1.49818255e+07,4.65000000e-01,2.78755282e+07,4.65000000e-01,5.03867705e+07,
4.70000000e-01,1.53655305e+07,4.70000000e-01,2.83829590e+07,4.70000000e-01,5.52336046e+07,
4.75000000e-01,1.57415385e+07,4.75000000e-01,2.88835130e+07,4.75000000e-01,6.03744884e+07,
4.80000000e-01,1.61101293e+07,4.80000000e-01,2.93776784e+07,4.80000000e-01,6.57785440e+07,
4.85000000e-01,1.64715960e+07,4.85000000e-01,2.98659128e+07,4.85000000e-01,7.14088644e+07,
4.90000000e-01,1.68262383e+07,4.90000000e-01,3.03486443e+07,4.90000000e-01,7.72252273e+07,
4.95000000e-01,1.71743568e+07,4.95000000e-01,3.08262732e+07,4.95000000e-01,8.31855940e+07,
5.00000000e-01,1.75162501e+07,5.00000000e-01,3.12991731e+07,5.00000000e-01,8.92473255e+07,
5.05000000e-01,1.78522108e+07,5.05000000e-01,3.17676928e+07,5.05000000e-01,9.53705945e+07,
5.10000000e-01,1.81825238e+07,5.10000000e-01,3.22321577e+07,5.10000000e-01,1.01517398e+08,
5.15000000e-01,1.85074644e+07,5.15000000e-01,3.26928715e+07,5.15000000e-01,1.07653669e+08,
5.20000000e-01,1.88272974e+07,5.20000000e-01,3.31501172e+07,5.20000000e-01,1.13750732e+08,
5.25000000e-01,1.91422762e+07,5.25000000e-01,3.36041590e+07,5.25000000e-01,1.19783983e+08,
5.30000000e-01,1.94526429e+07,5.30000000e-01,3.40552437e+07,5.30000000e-01,1.25732901e+08,
5.35000000e-01,1.97586275e+07,5.35000000e-01,3.45036013e+07,5.35000000e-01,1.31582130e+08,
5.40000000e-01,2.00604483e+07,5.40000000e-01,3.49494470e+07,5.40000000e-01,1.37320678e+08,
5.45000000e-01,2.03583125e+07,5.45000000e-01,3.53929818e+07,5.45000000e-01,1.42939915e+08,
5.50000000e-01,2.06524158e+07,5.50000000e-01,3.58343937e+07,5.50000000e-01,1.48434626e+08,
5.55000000e-01,2.09429433e+07,5.55000000e-01,3.62738585e+07,5.55000000e-01,1.53803187e+08,
5.60000000e-01,2.12300697e+07,5.60000000e-01,3.67115412e+07,5.60000000e-01,1.59045058e+08,
5.65000000e-01,2.15139599e+07,5.65000000e-01,3.71475962e+07,5.65000000e-01,1.64161088e+08,
5.70000000e-01,2.17947696e+07,5.70000000e-01,3.75821682e+07,5.70000000e-01,1.69154062e+08,
5.75000000e-01,2.20726455e+07,5.75000000e-01,3.80153935e+07,5.75000000e-01,1.74027466e+08,
5.80000000e-01,2.23477261e+07,5.80000000e-01,3.84473998e+07,5.80000000e-01,1.78785722e+08,
5.85000000e-01,2.26201418e+07,5.85000000e-01,3.88783073e+07,5.85000000e-01,1.83434231e+08,
5.90000000e-01,2.28900158e+07,5.90000000e-01,3.93082292e+07,5.90000000e-01,1.87978934e+08,
5.95000000e-01,2.31574645e+07,5.95000000e-01,3.97372721e+07,5.95000000e-01,1.92422195e+08,
6.00000000e-01,2.34225974e+07,6.00000000e-01,4.01655366e+07,6.00000000e-01,1.96771592e+08,
6.05000000e-01,2.36855184e+07,6.05000000e-01,4.05931176e+07,6.05000000e-01,2.01031479e+08,
6.10000000e-01,2.39463252e+07,6.10000000e-01,4.10201048e+07,6.10000000e-01,2.05206182e+08,
6.15000000e-01,2.42051104e+07,6.15000000e-01,4.14465830e+07,6.15000000e-01,2.09303928e+08,
6.20000000e-01,2.44619618e+07,6.20000000e-01,4.18726325e+07,6.20000000e-01,2.13324371e+08,
6.25000000e-01,2.47169621e+07,6.25000000e-01,4.22983294e+07,6.25000000e-01,2.17275468e+08,
6.30000000e-01,2.49701901e+07,6.30000000e-01,4.27237457e+07,6.30000000e-01,2.21162015e+08,
6.35000000e-01,2.52217201e+07,6.35000000e-01,4.31489499e+07,6.35000000e-01,2.24986731e+08,
6.40000000e-01,2.54716228e+07,6.40000000e-01,4.35740071e+07,6.40000000e-01,2.28752461e+08,
6.45000000e-01,2.57199653e+07,6.45000000e-01,4.39989790e+07,6.45000000e-01,2.32466169e+08,
6.50000000e-01,2.59668114e+07,6.50000000e-01,4.44239246e+07,6.50000000e-01,2.36127788e+08,
6.55000000e-01,2.62122216e+07,6.55000000e-01,4.48489000e+07,6.55000000e-01,2.39741117e+08,
6.60000000e-01,2.64562538e+07,6.60000000e-01,4.52739584e+07,6.60000000e-01,2.43312623e+08,
6.65000000e-01,2.66989627e+07,6.65000000e-01,4.56991510e+07,6.65000000e-01,2.46837641e+08,
6.70000000e-01,2.69404009e+07,6.70000000e-01,4.61245264e+07,6.70000000e-01,2.50329565e+08,
6.75000000e-01,2.71806182e+07,6.75000000e-01,4.65501311e+07,6.75000000e-01,2.53784618e+08,
6.80000000e-01,2.74196623e+07,6.80000000e-01,4.69760097e+07,6.80000000e-01,2.57201171e+08,
6.85000000e-01,2.76575789e+07,6.85000000e-01,4.74022047e+07,6.85000000e-01,2.60586884e+08,
6.90000000e-01,2.78944114e+07,6.90000000e-01,4.78287570e+07,6.90000000e-01,2.63942789e+08,
6.95000000e-01,2.81302017e+07,6.95000000e-01,4.82557057e+07,6.95000000e-01,2.67269500e+08,
7.00000000e-01,2.83649896e+07,7.00000000e-01,4.86830883e+07,7.00000000e-01,2.70569394e+08,
7.05000000e-01,2.85988135e+07,7.05000000e-01,4.91109409e+07,7.05000000e-01,2.73847680e+08,
7.10000000e-01,2.88317101e+07,7.10000000e-01,4.95392980e+07,7.10000000e-01,2.77102904e+08,
7.15000000e-01,2.90637145e+07,7.15000000e-01,4.99681931e+07,7.15000000e-01,2.80333174e+08,
7.20000000e-01,2.92948607e+07,7.20000000e-01,5.03976580e+07,7.20000000e-01,2.83543383e+08,
7.25000000e-01,2.95251812e+07,7.25000000e-01,5.08277237e+07,7.25000000e-01,2.86734696e+08,
7.30000000e-01,2.97547073e+07,7.30000000e-01,5.12584198e+07,7.30000000e-01,2.89906824e+08,
7.35000000e-01,2.99834692e+07,7.35000000e-01,5.16897750e+07,7.35000000e-01,2.93065824e+08,
7.40000000e-01,3.02114959e+07,7.40000000e-01,5.21218170e+07,7.40000000e-01,2.96206949e+08,
7.45000000e-01,3.04388153e+07,7.45000000e-01,5.25545723e+07,7.45000000e-01,2.99331658e+08,
7.50000000e-01,3.06654545e+07,7.50000000e-01,5.29880667e+07,7.50000000e-01,3.02440441e+08,
7.55000000e-01,3.08914396e+07,7.55000000e-01,5.34223251e+07,7.55000000e-01,3.05538324e+08,
7.60000000e-01,3.11167957e+07,7.60000000e-01,5.38573715e+07,7.60000000e-01,3.08629488e+08,
7.65000000e-01,3.13415470e+07,7.65000000e-01,5.42932293e+07,7.65000000e-01,3.11702003e+08,
7.70000000e-01,3.15657172e+07,7.70000000e-01,5.47299209e+07,7.70000000e-01,3.14765963e+08,
7.75000000e-01,3.17893290e+07,7.75000000e-01,5.51674681e+07,7.75000000e-01,3.17819408e+08,
7.80000000e-01,3.20124044e+07,7.80000000e-01,5.56058921e+07,7.80000000e-01,3.20865184e+08,
7.85000000e-01,3.22349647e+07,7.85000000e-01,5.60452134e+07,7.85000000e-01,3.23904689e+08,
7.90000000e-01,3.24570307e+07,7.90000000e-01,5.64854518e+07,7.90000000e-01,3.26928211e+08,
7.95000000e-01,3.26786223e+07,7.95000000e-01,5.69266266e+07,7.95000000e-01,3.29947039e+08,
8.00000000e-01,3.28997591e+07,8.00000000e-01,5.73687564e+07,8.00000000e-01,3.32963838e+08,
8.05000000e-01,3.31204599e+07,8.05000000e-01,5.78118595e+07,8.05000000e-01,3.35969662e+08,
8.10000000e-01,3.33407430e+07,8.10000000e-01,5.82559535e+07,8.10000000e-01,3.38966740e+08,
8.15000000e-01,3.35606263e+07,8.15000000e-01,5.87010556e+07,8.15000000e-01,3.41967430e+08,
8.20000000e-01,3.37801271e+07,8.20000000e-01,5.91471824e+07,8.20000000e-01,3.44956590e+08,
8.25000000e-01,3.39992622e+07,8.25000000e-01,5.95943501e+07,8.25000000e-01,3.47939161e+08,
8.30000000e-01,3.42180480e+07,8.30000000e-01,6.00425746e+07,8.30000000e-01,3.50924413e+08,
8.35000000e-01,3.44365005e+07,8.35000000e-01,6.04918711e+07,8.35000000e-01,3.53901202e+08,
8.40000000e-01,3.46546353e+07,8.40000000e-01,6.09422547e+07,8.40000000e-01,3.56873447e+08,
8.45000000e-01,3.48724673e+07,8.45000000e-01,6.13937399e+07,8.45000000e-01,3.59844790e+08,
8.50000000e-01,3.50900114e+07,8.50000000e-01,6.18463410e+07,8.50000000e-01,3.62813296e+08,
8.55000000e-01,3.53072820e+07,8.55000000e-01,6.23000716e+07,8.55000000e-01,3.65778412e+08,
8.60000000e-01,3.55242930e+07,8.60000000e-01,6.27549455e+07,8.60000000e-01,3.68743743e+08,
8.65000000e-01,3.57410582e+07,8.65000000e-01,6.32109756e+07,8.65000000e-01,3.71707972e+08,
8.70000000e-01,3.59575908e+07,8.70000000e-01,6.36681748e+07,8.70000000e-01,3.74665695e+08,
8.75000000e-01,3.61739040e+07,8.75000000e-01,6.41265558e+07,8.75000000e-01,3.77625487e+08,
8.80000000e-01,3.63900105e+07,8.80000000e-01,6.45861306e+07,8.80000000e-01,3.80581434e+08,
8.85000000e-01,3.66059226e+07,8.85000000e-01,6.50469112e+07,8.85000000e-01,3.83534000e+08,
8.90000000e-01,3.68216526e+07,8.90000000e-01,6.55089093e+07,8.90000000e-01,3.86497446e+08,
8.95000000e-01,3.70372123e+07,8.95000000e-01,6.59721363e+07,8.95000000e-01,3.89456746e+08,
9.00000000e-01,3.72526134e+07,9.00000000e-01,6.64366033e+07,9.00000000e-01,3.92410923e+08,
9.05000000e-01,3.74678671e+07,9.05000000e-01,6.69023212e+07,9.05000000e-01,3.95362464e+08,
9.10000000e-01,3.76829847e+07,9.10000000e-01,6.73693006e+07,9.10000000e-01,3.98318448e+08,
9.15000000e-01,3.78979769e+07,9.15000000e-01,6.78375519e+07,9.15000000e-01,4.01284769e+08,
9.20000000e-01,3.81128545e+07,9.20000000e-01,6.83070852e+07,9.20000000e-01,4.04241535e+08,
9.25000000e-01,3.83276279e+07,9.25000000e-01,6.87779106e+07,9.25000000e-01,4.07196601e+08,
9.30000000e-01,3.85423072e+07,9.30000000e-01,6.92500376e+07,9.30000000e-01,4.10161664e+08,
9.35000000e-01,3.87569026e+07,9.35000000e-01,6.97234760e+07,9.35000000e-01,4.13123364e+08,
9.40000000e-01,3.89714238e+07,9.40000000e-01,7.01982349e+07,9.40000000e-01,4.16083003e+08,
9.45000000e-01,3.91858804e+07,9.45000000e-01,7.06743235e+07,9.45000000e-01,4.19052038e+08,
9.50000000e-01,3.94002818e+07,9.50000000e-01,7.11517507e+07,9.50000000e-01,4.22022142e+08,
9.55000000e-01,3.96146373e+07,9.55000000e-01,7.16305253e+07,9.55000000e-01,4.24987621e+08,
9.60000000e-01,3.98289559e+07,9.60000000e-01,7.21106558e+07,9.60000000e-01,4.27962557e+08,
9.65000000e-01,4.00432466e+07,9.65000000e-01,7.25921505e+07,9.65000000e-01,4.30933653e+08,
9.70000000e-01,4.02575181e+07,9.70000000e-01,7.30750178e+07,9.70000000e-01,4.33906349e+08,
9.75000000e-01,4.04717788e+07,9.75000000e-01,7.35592657e+07,9.75000000e-01,4.36891759e+08,
9.80000000e-01,4.06860373e+07,9.80000000e-01,7.40449019e+07,9.80000000e-01,4.39876864e+08,
9.85000000e-01,4.09003018e+07,9.85000000e-01,7.45319344e+07,9.85000000e-01,4.42867870e+08,
9.90000000e-01,4.11145804e+07,9.90000000e-01,7.50203705e+07,9.90000000e-01,4.45844158e+08,
9.95000000e-01,4.13288810e+07,9.95000000e-01,7.55102178e+07,9.95000000e-01,4.48833022e+08,
1.00000000e+00,4.15432115e+07,1.00000000e+00,7.60014836e+07,1.00000000e+00,4.51838682e+08,
1.00500000e+00,4.17575795e+07,1.00500000e+00,7.64941749e+07,1.00500000e+00,4.54831449e+08,
1.01000000e+00,4.19719927e+07,1.01000000e+00,7.69882987e+07,1.01000000e+00,4.57836931e+08,
1.01500000e+00,4.21864583e+07,1.01500000e+00,7.74838620e+07,1.01500000e+00,4.60847004e+08,
1.02000000e+00,4.24009838e+07,1.02000000e+00,7.79808714e+07,1.02000000e+00,4.63851061e+08,
1.02500000e+00,4.26155762e+07,1.02500000e+00,7.84793335e+07,1.02500000e+00,4.66866866e+08,
1.03000000e+00,4.28302427e+07,1.03000000e+00,7.89792548e+07,1.03000000e+00,4.69887405e+08,
1.03500000e+00,4.30449902e+07,1.03500000e+00,7.94806417e+07,1.03500000e+00,4.72906412e+08,
1.04000000e+00,4.32598254e+07,1.04000000e+00,7.99835003e+07,1.04000000e+00,4.75937388e+08,
1.04500000e+00,4.34747552e+07,1.04500000e+00,8.04878368e+07,1.04500000e+00,4.78967770e+08,
1.05000000e+00,4.36897861e+07,1.05000000e+00,8.09936571e+07,1.05000000e+00,4.82000193e+08,
1.05500000e+00,4.39049246e+07,1.05500000e+00,8.15009671e+07,1.05500000e+00,4.85040054e+08,
1.06000000e+00,4.41201771e+07,1.06000000e+00,8.20097727e+07,1.06000000e+00,4.88080531e+08,
1.06500000e+00,4.43355499e+07,1.06500000e+00,8.25200794e+07,1.06500000e+00,4.91132016e+08,
1.07000000e+00,4.45510492e+07,1.07000000e+00,8.30318928e+07,1.07000000e+00,4.94190689e+08,
1.07500000e+00,4.47666811e+07,1.07500000e+00,8.35452184e+07,1.07500000e+00,4.97247931e+08,
1.08000000e+00,4.49824516e+07,1.08000000e+00,8.40600614e+07,1.08000000e+00,5.00309137e+08,
1.08500000e+00,4.51983666e+07,1.08500000e+00,8.45764272e+07,1.08500000e+00,5.03385924e+08,
1.09000000e+00,4.54144319e+07,1.09000000e+00,8.50943208e+07,1.09000000e+00,5.06464084e+08,
1.09500000e+00,4.56306534e+07,1.09500000e+00,8.56137474e+07,1.09500000e+00,5.09535392e+08,
1.10000000e+00,4.58470366e+07,1.10000000e+00,8.61347118e+07,1.10000000e+00,5.12615461e+08,
1.10500000e+00,4.60635871e+07,1.10500000e+00,8.66572190e+07,1.10500000e+00,5.15701456e+08,
1.11000000e+00,4.62803105e+07,1.11000000e+00,8.71812737e+07,1.11000000e+00,5.18807069e+08,
1.11500000e+00,4.64972120e+07,1.11500000e+00,8.77068807e+07,1.11500000e+00,5.21908037e+08,
1.12000000e+00,4.67142971e+07,1.12000000e+00,8.82340443e+07,1.12000000e+00,5.25014505e+08,
1.12500000e+00,4.69315710e+07,1.12500000e+00,8.87627694e+07,1.12500000e+00,5.28141205e+08,
1.13000000e+00,4.71490390e+07,1.13000000e+00,8.92930601e+07,1.13000000e+00,5.31255431e+08,
1.13500000e+00,4.73667060e+07,1.13500000e+00,8.98249209e+07,1.13500000e+00,5.34372840e+08,
1.14000000e+00,4.75845771e+07,1.14000000e+00,9.03583560e+07,1.14000000e+00,5.37500184e+08,
1.14500000e+00,4.78026574e+07,1.14500000e+00,9.08933697e+07,1.14500000e+00,5.40644596e+08,
1.15000000e+00,4.80209516e+07,1.15000000e+00,9.14299659e+07,1.15000000e+00,5.43784049e+08,
1.15500000e+00,4.82394647e+07,1.15500000e+00,9.19681488e+07,1.15500000e+00,5.46923945e+08,
1.16000000e+00,4.84582014e+07,1.16000000e+00,9.25079223e+07,1.16000000e+00,5.50096343e+08,
1.16500000e+00,4.86771665e+07,1.16500000e+00,9.30492903e+07,1.16500000e+00,5.53251279e+08,
1.17000000e+00,4.88963644e+07,1.17000000e+00,9.35922565e+07,1.17000000e+00,5.56412079e+08,
1.17500000e+00,4.91157999e+07,1.17500000e+00,9.41368247e+07,1.17500000e+00,5.59593419e+08,
1.18000000e+00,4.93354774e+07,1.18000000e+00,9.46829986e+07,1.18000000e+00,5.62775262e+08,
1.18500000e+00,4.95554014e+07,1.18500000e+00,9.52307817e+07,1.18500000e+00,5.65954821e+08,
1.19000000e+00,4.97755763e+07,1.19000000e+00,9.57801775e+07,1.19000000e+00,5.69149977e+08,
1.19500000e+00,4.99960064e+07,1.19500000e+00,9.63311896e+07,1.19500000e+00,5.72359351e+08,
1.20000000e+00,5.02166961e+07,1.20000000e+00,9.68838213e+07,1.20000000e+00,5.75556652e+08,
1.20500000e+00,5.04376494e+07,1.20500000e+00,9.74380759e+07,1.20500000e+00,5.78769520e+08,
1.21000000e+00,5.06588707e+07,1.21000000e+00,9.79939566e+07,1.21000000e+00,5.81986053e+08,
1.21500000e+00,5.08803641e+07,1.21500000e+00,9.85514667e+07,1.21500000e+00,5.85224721e+08,
1.22000000e+00,5.11021335e+07,1.22000000e+00,9.91106092e+07,1.22000000e+00,5.88461996e+08,
1.22500000e+00,5.13241831e+07,1.22500000e+00,9.96713873e+07,1.22500000e+00,5.91684904e+08,
1.23000000e+00,5.15465168e+07,1.23000000e+00,1.00233804e+08,1.23000000e+00,5.94941612e+08,
1.23500000e+00,5.17691385e+07,1.23500000e+00,1.00797862e+08,1.23500000e+00,5.98203877e+08,
1.24000000e+00,5.19920521e+07,1.24000000e+00,1.01363565e+08,1.24000000e+00,6.01450970e+08,
1.24500000e+00,5.22152613e+07,1.24500000e+00,1.01930914e+08,1.24500000e+00,6.04728174e+08,
1.25000000e+00,5.24387701e+07,1.25000000e+00,1.02499914e+08,1.25000000e+00,6.08010163e+08,
1.25500000e+00,5.26625821e+07,1.25500000e+00,1.03070566e+08,1.25500000e+00,6.11285053e+08,
1.26000000e+00,5.28867010e+07,1.26000000e+00,1.03642874e+08,1.26000000e+00,6.14578057e+08,
1.26500000e+00,5.31111304e+07,1.26500000e+00,1.04216840e+08,1.26500000e+00,6.17870862e+08,
1.27000000e+00,5.33358740e+07,1.27000000e+00,1.04792466e+08,1.27000000e+00,6.21183325e+08,
1.27500000e+00,5.35609353e+07,1.27500000e+00,1.05369755e+08,1.27500000e+00,6.24504301e+08,
1.28000000e+00,5.37863178e+07,1.28000000e+00,1.05948709e+08,1.28000000e+00,6.27810924e+08,
1.28500000e+00,5.40120249e+07,1.28500000e+00,1.06529331e+08,1.28500000e+00,6.31123528e+08,
1.29000000e+00,5.42380602e+07,1.29000000e+00,1.07111624e+08,1.29000000e+00,6.34470318e+08,
1.29500000e+00,5.44644270e+07,1.29500000e+00,1.07695588e+08,1.29500000e+00,6.37814255e+08,
1.30000000e+00,5.46911286e+07,1.30000000e+00,1.08281228e+08,1.30000000e+00,6.41168987e+08,
1.30500000e+00,5.49181684e+07,1.30500000e+00,1.08868544e+08,1.30500000e+00,6.44535060e+08,
1.31000000e+00,5.51455496e+07,1.31000000e+00,1.09457539e+08,1.31000000e+00,6.47883228e+08,
1.31500000e+00,5.53732755e+07,1.31500000e+00,1.10048215e+08,1.31500000e+00,6.51254121e+08,
1.32000000e+00,5.56013493e+07,1.32000000e+00,1.10640574e+08,1.32000000e+00,6.54632220e+08,
1.32500000e+00,5.58297742e+07,1.32500000e+00,1.11234618e+08,1.32500000e+00,6.58019365e+08,
1.33000000e+00,5.60585531e+07,1.33000000e+00,1.11830350e+08,1.33000000e+00,6.61429747e+08,
1.33500000e+00,5.62876894e+07,1.33500000e+00,1.12427770e+08,1.33500000e+00,6.64832364e+08,
1.34000000e+00,5.65171860e+07,1.34000000e+00,1.13026880e+08,1.34000000e+00,6.68225513e+08,
1.34500000e+00,5.67470459e+07,1.34500000e+00,1.13627684e+08,1.34500000e+00,6.71656360e+08,
1.35000000e+00,5.69772722e+07,1.35000000e+00,1.14230181e+08,1.35000000e+00,6.75097503e+08,
1.35500000e+00,5.72078677e+07,1.35500000e+00,1.14834375e+08,1.35500000e+00,6.78515285e+08,
1.36000000e+00,5.74388355e+07,1.36000000e+00,1.15440266e+08,1.36000000e+00,6.81950106e+08,
1.36500000e+00,5.76701784e+07,1.36500000e+00,1.16047856e+08,1.36500000e+00,6.85410221e+08,
1.37000000e+00,5.79018993e+07,1.37000000e+00,1.16657147e+08,1.37000000e+00,6.88869740e+08,
1.37500000e+00,5.81340010e+07,1.37500000e+00,1.17268141e+08,1.37500000e+00,6.92331541e+08,
1.38000000e+00,5.83664863e+07,1.38000000e+00,1.17880839e+08,1.38000000e+00,6.95824806e+08,
1.38500000e+00,5.85993580e+07,1.38500000e+00,1.18495242e+08,1.38500000e+00,6.99304778e+08,
1.39000000e+00,5.88326188e+07,1.39000000e+00,1.19111351e+08,1.39000000e+00,7.02767080e+08,
1.39500000e+00,5.90662714e+07,1.39500000e+00,1.19729169e+08,1.39500000e+00,7.06285951e+08,
1.40000000e+00,5.93003185e+07,1.40000000e+00,1.20348697e+08,1.40000000e+00,7.09798594e+08,
1.40500000e+00,5.95347629e+07,1.40500000e+00,1.20969935e+08,1.40500000e+00,7.13303848e+08,
1.41000000e+00,5.97696070e+07,1.41000000e+00,1.21592885e+08,1.41000000e+00,7.16841827e+08,
1.41500000e+00,6.00048535e+07,1.41500000e+00,1.22217548e+08,1.41500000e+00,7.20361933e+08,
1.42000000e+00,6.02405050e+07,1.42000000e+00,1.22843926e+08,1.42000000e+00,7.23890964e+08,
1.42500000e+00,6.04765640e+07,1.42500000e+00,1.23472019e+08,1.42500000e+00,7.27436164e+08,
1.43000000e+00,6.07130330e+07,1.43000000e+00,1.24101830e+08,1.43000000e+00,7.31002903e+08,
1.43500000e+00,6.09499146e+07,1.43500000e+00,1.24733357e+08,1.43500000e+00,7.34570801e+08,
1.44000000e+00,6.11872111e+07,1.44000000e+00,1.25366604e+08,1.44000000e+00,7.38145436e+08,
1.44500000e+00,6.14249251e+07,1.44500000e+00,1.26001570e+08,1.44500000e+00,7.41728490e+08,
1.45000000e+00,6.16630589e+07,1.45000000e+00,1.26638257e+08,1.45000000e+00,7.45321379e+08,
1.45500000e+00,6.19016150e+07,1.45500000e+00,1.27276666e+08,1.45500000e+00,7.48922611e+08,
1.46000000e+00,6.21405957e+07,1.46000000e+00,1.27916797e+08,1.46000000e+00,7.52511355e+08,
1.46500000e+00,6.23800033e+07,1.46500000e+00,1.28558652e+08,1.46500000e+00,7.56119536e+08,
1.47000000e+00,6.26198402e+07,1.47000000e+00,1.29202231e+08,1.47000000e+00,7.59765996e+08,
1.47500000e+00,6.28601087e+07,1.47500000e+00,1.29847535e+08,1.47500000e+00,7.63409796e+08,
1.48000000e+00,6.31008110e+07,1.48000000e+00,1.30494564e+08,1.48000000e+00,7.67025882e+08,
1.48500000e+00,6.33419495e+07,1.48500000e+00,1.31143320e+08,1.48500000e+00,7.70664195e+08,
1.49000000e+00,6.35835262e+07,1.49000000e+00,1.31793804e+08,1.49000000e+00,7.74324240e+08,
1.49500000e+00,6.38255435e+07,1.49500000e+00,1.32446014e+08,1.49500000e+00,7.78007570e+08,
1.50000000e+00,6.40680034e+07,1.50000000e+00,1.33099954e+08,1.50000000e+00,7.81710140e+08,
1.50500000e+00,6.43109083e+07,1.50500000e+00,1.33755622e+08,1.50500000e+00,7.85375737e+08,
1.51000000e+00,6.45542602e+07,1.51000000e+00,1.34413020e+08,1.51000000e+00,7.89056059e+08,
1.51500000e+00,6.47980612e+07,1.51500000e+00,1.35072148e+08,1.51500000e+00,7.92762071e+08,
1.52000000e+00,6.50423134e+07,1.52000000e+00,1.35733006e+08,1.52000000e+00,7.96463679e+08,
1.52500000e+00,6.52870190e+07,1.52500000e+00,1.36395595e+08,1.52500000e+00,8.00179778e+08,
1.53000000e+00,6.55321799e+07,1.53000000e+00,1.37059916e+08,1.53000000e+00,8.03922599e+08,
1.53500000e+00,6.57777982e+07,1.53500000e+00,1.37725969e+08,1.53500000e+00,8.07644475e+08,
1.54000000e+00,6.60238760e+07,1.54000000e+00,1.38393754e+08,1.54000000e+00,8.11374957e+08,
1.54500000e+00,6.62704152e+07,1.54500000e+00,1.39063271e+08,1.54500000e+00,8.15156674e+08,
1.55000000e+00,6.65174178e+07,1.55000000e+00,1.39734521e+08,1.55000000e+00,8.18906765e+08,
1.55500000e+00,6.67648858e+07,1.55500000e+00,1.40407504e+08,1.55500000e+00,8.22696508e+08,
1.56000000e+00,6.70128211e+07,1.56000000e+00,1.41082221e+08,1.56000000e+00,8.26469538e+08,
1.56500000e+00,6.72612256e+07,1.56500000e+00,1.41758671e+08,1.56500000e+00,8.30224327e+08,
1.57000000e+00,6.75101013e+07,1.57000000e+00,1.42436855e+08,1.57000000e+00,8.34032523e+08,
1.57500000e+00,6.77594500e+07,1.57500000e+00,1.43116773e+08,1.57500000e+00,8.37852286e+08,
1.58000000e+00,6.80092736e+07,1.58000000e+00,1.43798424e+08,1.58000000e+00,8.41683273e+08,
1.58500000e+00,6.82595739e+07,1.58500000e+00,1.44481810e+08,1.58500000e+00,8.45495616e+08,
1.59000000e+00,6.85103529e+07,1.59000000e+00,1.45166930e+08,1.59000000e+00,8.49316720e+08,
1.59500000e+00,6.87616122e+07,1.59500000e+00,1.45853785e+08,1.59500000e+00,8.53143178e+08,
1.60000000e+00,6.90133537e+07,1.60000000e+00,1.46542374e+08,1.60000000e+00,8.57004560e+08,
1.60500000e+00,6.92655791e+07,1.60500000e+00,1.47232696e+08,1.60500000e+00,8.60891408e+08,
1.61000000e+00,6.95182904e+07,1.61000000e+00,1.47924754e+08,1.61000000e+00,8.64752061e+08,
1.61500000e+00,6.97714891e+07,1.61500000e+00,1.48618545e+08,1.61500000e+00,8.68605639e+08,
1.62000000e+00,7.00251770e+07,1.62000000e+00,1.49314071e+08,1.62000000e+00,8.72503491e+08,
1.62500000e+00,7.02793558e+07,1.62500000e+00,1.50011330e+08,1.62500000e+00,8.76400902e+08,
1.63000000e+00,7.05340273e+07,1.63000000e+00,1.50710323e+08,1.63000000e+00,8.80296960e+08,
1.63500000e+00,7.07891931e+07,1.63500000e+00,1.51411050e+08,1.63500000e+00,8.84232281e+08,
1.64000000e+00,7.10448549e+07,1.64000000e+00,1.52113511e+08,1.64000000e+00,8.88108435e+08,
1.64500000e+00,7.13010143e+07,1.64500000e+00,1.52817704e+08,1.64500000e+00,8.92067453e+08,
1.65000000e+00,7.15576730e+07,1.65000000e+00,1.53523631e+08,1.65000000e+00,8.96033002e+08,
1.65500000e+00,7.18148326e+07,1.65500000e+00,1.54231290e+08,1.65500000e+00,8.99933569e+08,
1.66000000e+00,7.20724947e+07,1.66000000e+00,1.54940682e+08,1.66000000e+00,9.03928369e+08,
1.66500000e+00,7.23306608e+07,1.66500000e+00,1.55651806e+08,1.66500000e+00,9.07897096e+08,
1.67000000e+00,7.25893326e+07,1.67000000e+00,1.56364662e+08,1.67000000e+00,9.11842788e+08,
1.67500000e+00,7.28485117e+07,1.67500000e+00,1.57079249e+08,1.67500000e+00,9.15831130e+08,
1.68000000e+00,7.31081995e+07,1.68000000e+00,1.57795567e+08,1.68000000e+00,9.19820258e+08,
1.68500000e+00,7.33683975e+07,1.68500000e+00,1.58513615e+08,1.68500000e+00,9.23828019e+08,
1.69000000e+00,7.36291075e+07,1.69000000e+00,1.59233394e+08,1.69000000e+00,9.27851733e+08,
1.69500000e+00,7.38903307e+07,1.69500000e+00,1.59954902e+08,1.69500000e+00,9.31893173e+08,
1.70000000e+00,7.41520687e+07,1.70000000e+00,1.60678140e+08,1.70000000e+00,9.35921038e+08,
1.70500000e+00,7.44143230e+07,1.70500000e+00,1.61403106e+08,1.70500000e+00,9.39945724e+08,
1.71000000e+00,7.46770950e+07,1.71000000e+00,1.62129800e+08,1.71000000e+00,9.43967445e+08,
1.71500000e+00,7.49403862e+07,1.71500000e+00,1.62858221e+08,1.71500000e+00,9.48042018e+08,
1.72000000e+00,7.52041981e+07,1.72000000e+00,1.63588370e+08,1.72000000e+00,9.52114998e+08,
1.72500000e+00,7.54685319e+07,1.72500000e+00,1.64320244e+08,1.72500000e+00,9.56194014e+08,
1.73000000e+00,7.57333892e+07,1.73000000e+00,1.65053844e+08,1.73000000e+00,9.60261380e+08,
1.73500000e+00,7.59987714e+07,1.73500000e+00,1.65789169e+08,1.73500000e+00,9.64326780e+08,
1.74000000e+00,7.62646797e+07,1.74000000e+00,1.66526218e+08,1.74000000e+00,9.68519185e+08,
1.74500000e+00,7.65311156e+07,1.74500000e+00,1.67264991e+08,1.74500000e+00,9.72596483e+08,
1.75000000e+00,7.67980804e+07,1.75000000e+00,1.68005486e+08,1.75000000e+00,9.76670517e+08,
1.75500000e+00,7.70655754e+07,1.75500000e+00,1.68747703e+08,1.75500000e+00,9.80831892e+08,
1.76000000e+00,7.73336021e+07,1.76000000e+00,1.69491641e+08,1.76000000e+00,9.84962023e+08,
1.76500000e+00,7.76021616e+07,1.76500000e+00,1.70237299e+08,1.76500000e+00,9.89128690e+08,
1.77000000e+00,7.78712553e+07,1.77000000e+00,1.70984676e+08,1.77000000e+00,9.93296391e+08,
1.77500000e+00,7.81408845e+07,1.77500000e+00,1.71733772e+08,1.77500000e+00,9.97473819e+08,
1.78000000e+00,7.84110504e+07,1.78000000e+00,1.72484585e+08,1.78000000e+00,1.00163419e+09,
1.78500000e+00,7.86817543e+07,1.78500000e+00,1.73237115e+08,1.78500000e+00,1.00577529e+09,
1.79000000e+00,7.89529974e+07,1.79000000e+00,1.73991360e+08,1.79000000e+00,1.00999881e+09,
1.79500000e+00,7.92247811e+07,1.79500000e+00,1.74747320e+08,1.79500000e+00,1.01420755e+09,
1.80000000e+00,7.94971064e+07,1.80000000e+00,1.75504993e+08,1.80000000e+00,1.01840961e+09,
1.80500000e+00,7.97699746e+07,1.80500000e+00,1.76264378e+08,1.80500000e+00,1.02267638e+09,
1.81000000e+00,8.00433869e+07,1.81000000e+00,1.77025475e+08,1.81000000e+00,1.02689381e+09,
1.81500000e+00,8.03173444e+07,1.81500000e+00,1.77788282e+08,1.81500000e+00,1.03107119e+09,
1.82000000e+00,8.05918484e+07,1.82000000e+00,1.78552797e+08,1.82000000e+00,1.03533396e+09,
1.82500000e+00,8.08668999e+07,1.82500000e+00,1.79319020e+08,1.82500000e+00,1.03960849e+09,
1.83000000e+00,8.11425002e+07,1.83000000e+00,1.80086949e+08,1.83000000e+00,1.04392045e+09,
1.83500000e+00,8.14186503e+07,1.83500000e+00,1.80856584e+08,1.83500000e+00,1.04818709e+09,
1.84000000e+00,8.16953514e+07,1.84000000e+00,1.81627922e+08,1.84000000e+00,1.05242768e+09,
1.84500000e+00,8.19726045e+07,1.84500000e+00,1.82400962e+08,1.84500000e+00,1.05677197e+09,
1.85000000e+00,8.22504107e+07,1.85000000e+00,1.83175703e+08,1.85000000e+00,1.06108321e+09,
1.85500000e+00,8.25287712e+07,1.85500000e+00,1.83952144e+08,1.85500000e+00,1.06534961e+09,
1.86000000e+00,8.28076869e+07,1.86000000e+00,1.84730282e+08,1.86000000e+00,1.06966017e+09,
1.86500000e+00,8.30871589e+07,1.86500000e+00,1.85510117e+08,1.86500000e+00,1.07401317e+09,
1.87000000e+00,8.33671882e+07,1.87000000e+00,1.86291647e+08,1.87000000e+00,1.07835012e+09,
1.87500000e+00,8.36477758e+07,1.87500000e+00,1.87074870e+08,1.87500000e+00,1.08272533e+09,
1.88000000e+00,8.39289228e+07,1.88000000e+00,1.87859784e+08,1.88000000e+00,1.08710044e+09,
1.88500000e+00,8.42106301e+07,1.88500000e+00,1.88646387e+08,1.88500000e+00,1.09144364e+09,
1.89000000e+00,8.44928987e+07,1.89000000e+00,1.89434679e+08,1.89000000e+00,1.09579478e+09,
1.89500000e+00,8.47757296e+07,1.89500000e+00,1.90224657e+08,1.89500000e+00,1.10021465e+09,
1.90000000e+00,8.50591235e+07,1.90000000e+00,1.91016318e+08,1.90000000e+00,1.10464782e+09,
1.90500000e+00,8.53430816e+07,1.90500000e+00,1.91809662e+08,1.90500000e+00,1.10901158e+09,
1.91000000e+00,8.56276047e+07,1.91000000e+00,1.92604686e+08,1.91000000e+00,1.11340953e+09,
1.91500000e+00,8.59126937e+07,1.91500000e+00,1.93401388e+08,1.91500000e+00,1.11786632e+09,
1.92000000e+00,8.61983494e+07,1.92000000e+00,1.94199765e+08,1.92000000e+00,1.12226534e+09,
1.92500000e+00,8.64845727e+07,1.92500000e+00,1.94999816e+08,1.92500000e+00,1.12673758e+09,
1.93000000e+00,8.67713645e+07,1.93000000e+00,1.95801538e+08,1.93000000e+00,1.13121720e+09,
1.93500000e+00,8.70587256e+07,1.93500000e+00,1.96604929e+08,1.93500000e+00,1.13564230e+09,
1.94000000e+00,8.73466567e+07,1.94000000e+00,1.97409987e+08,1.94000000e+00,1.14007824e+09,
1.94500000e+00,8.76351586e+07,1.94500000e+00,1.98216708e+08,1.94500000e+00,1.14455157e+09,
1.95000000e+00,8.79242322e+07,1.95000000e+00,1.99025090e+08,1.95000000e+00,1.14907393e+09,
1.95500000e+00,8.82138781e+07,1.95500000e+00,1.99835131e+08,1.95500000e+00,1.15360529e+09,
1.96000000e+00,8.85040971e+07,1.96000000e+00,2.00646827e+08,1.96000000e+00,1.15809919e+09,
1.96500000e+00,8.87948898e+07,1.96500000e+00,2.01460176e+08,1.96500000e+00,1.16256972e+09,
1.97000000e+00,8.90862571e+07,1.97000000e+00,2.02275175e+08,1.97000000e+00,1.16711036e+09,
1.97500000e+00,8.93781994e+07,1.97500000e+00,2.03091820e+08,1.97500000e+00,1.17163676e+09,
1.98000000e+00,8.96707175e+07,1.98000000e+00,2.03910108e+08,1.98000000e+00,1.17617999e+09,
1.98500000e+00,8.99638119e+07,1.98500000e+00,2.04730037e+08,1.98500000e+00,1.18075081e+09,
1.99000000e+00,9.02574833e+07,1.99000000e+00,2.05551601e+08,1.99000000e+00,1.18528252e+09,
1.99500000e+00,9.05517323e+07,1.99500000e+00,2.06374799e+08,1.99500000e+00,1.18985923e+09,
2.00000000e+00,9.08465592e+07,2.00000000e+00,2.07199626e+08,2.00000000e+00,1.19446315e+09,
2.00500000e+00,9.11419648e+07,2.00500000e+00,2.08026078e+08,2.00500000e+00,1.19904238e+09,
2.01000000e+00,9.14379494e+07,2.01000000e+00,2.08854150e+08,2.01000000e+00,1.20358332e+09,
2.01500000e+00,9.17345136e+07,2.01500000e+00,2.09683841e+08,2.01500000e+00,1.20823056e+09,
2.02000000e+00,9.20316577e+07,2.02000000e+00,2.10515143e+08,2.02000000e+00,1.21288962e+09,
2.02500000e+00,9.23293821e+07,2.02500000e+00,2.11348055e+08,2.02500000e+00,1.21743947e+09,
2.03000000e+00,9.26276873e+07,2.03000000e+00,2.12182569e+08,2.03000000e+00,1.22208941e+09,
2.03500000e+00,9.29265736e+07,2.03500000e+00,2.13018683e+08,2.03500000e+00,1.22674265e+09,
2.04000000e+00,9.32260412e+07,2.04000000e+00,2.13856390e+08,2.04000000e+00,1.23142222e+09,
2.04500000e+00,9.35260904e+07,2.04500000e+00,2.14695685e+08,2.04500000e+00,1.23602928e+09,
2.05000000e+00,9.38267216e+07,2.05000000e+00,2.15536564e+08,2.05000000e+00,1.24067759e+09,
2.05500000e+00,9.41279348e+07,2.05500000e+00,2.16379021e+08,2.05500000e+00,1.24541323e+09,
2.06000000e+00,9.44297303e+07,2.06000000e+00,2.17223049e+08,2.06000000e+00,1.25005643e+09,
2.06500000e+00,9.47321081e+07,2.06500000e+00,2.18068643e+08,2.06500000e+00,1.25474634e+09,
2.07000000e+00,9.50350685e+07,2.07000000e+00,2.18915796e+08,2.07000000e+00,1.25951287e+09,
2.07500000e+00,9.53386113e+07,2.07500000e+00,2.19764502e+08,2.07500000e+00,1.26416121e+09,
2.08000000e+00,9.56427367e+07,2.08000000e+00,2.20614755e+08,2.08000000e+00,1.26885474e+09,
2.08500000e+00,9.59474445e+07,2.08500000e+00,2.21466546e+08,2.08500000e+00,1.27358234e+09,
2.09000000e+00,9.62527348e+07,2.09000000e+00,2.22319869e+08,2.09000000e+00,1.27832446e+09,
2.09500000e+00,9.65586073e+07,2.09500000e+00,2.23174716e+08,2.09500000e+00,1.28309822e+09,
2.10000000e+00,9.68650618e+07,2.10000000e+00,2.24031079e+08,2.10000000e+00,1.28783427e+09,
2.10500000e+00,9.71720983e+07,2.10500000e+00,2.24888950e+08,2.10500000e+00,1.29251508e+09,
2.11000000e+00,9.74797162e+07,2.11000000e+00,2.25748321e+08,2.11000000e+00,1.29731903e+09,
2.11500000e+00,9.77879154e+07,2.11500000e+00,2.26609182e+08,2.11500000e+00,1.30217077e+09,
2.12000000e+00,9.80966954e+07,2.12000000e+00,2.27471524e+08,2.12000000e+00,1.30690097e+09,
2.12500000e+00,9.84060558e+07,2.12500000e+00,2.28335338e+08,2.12500000e+00,1.31167537e+09,
2.13000000e+00,9.87159961e+07,2.13000000e+00,2.29200614e+08,2.13000000e+00,1.31643537e+09,
2.13500000e+00,9.90265156e+07,2.13500000e+00,2.30067341e+08,2.13500000e+00,1.32130394e+09,
2.14000000e+00,9.93376137e+07,2.14000000e+00,2.30935509e+08,2.14000000e+00,1.32606635e+09,
2.14500000e+00,9.96492898e+07,2.14500000e+00,2.31805106e+08,2.14500000e+00,1.33089420e+09,
2.15000000e+00,9.99615430e+07,2.15000000e+00,2.32676120e+08,2.15000000e+00,1.33575130e+09,
2.15500000e+00,1.00274373e+08,2.15500000e+00,2.33548541e+08,2.15500000e+00,1.34057139e+09,
2.16000000e+00,1.00587777e+08,2.16000000e+00,2.34422354e+08,2.16000000e+00,1.34537347e+09,
2.16500000e+00,1.00901757e+08,2.16500000e+00,2.35297546e+08,2.16500000e+00,1.35024195e+09,
2.17000000e+00,1.01216309e+08,2.17000000e+00,2.36174106e+08,2.17000000e+00,1.35514625e+09,
2.17500000e+00,1.01531434e+08,2.17500000e+00,2.37052017e+08,2.17500000e+00,1.35985163e+09,
2.18000000e+00,1.01847129e+08,2.18000000e+00,2.37931266e+08,2.18000000e+00,1.36481869e+09,
2.18500000e+00,1.02163395e+08,2.18500000e+00,2.38811837e+08,2.18500000e+00,1.36974954e+09,
2.19000000e+00,1.02480228e+08,2.19000000e+00,2.39693715e+08,2.19000000e+00,1.37446041e+09,
2.19500000e+00,1.02797627e+08,2.19500000e+00,2.40576882e+08,2.19500000e+00,1.37941950e+09,
2.20000000e+00,1.03115592e+08,2.20000000e+00,2.41461323e+08,2.20000000e+00,1.38437103e+09,
2.20500000e+00,1.03434120e+08,2.20500000e+00,2.42347018e+08,2.20500000e+00,1.38915688e+09,
2.21000000e+00,1.03753209e+08,2.21000000e+00,2.43233950e+08,2.21000000e+00,1.39407671e+09,
2.21500000e+00,1.04072858e+08,2.21500000e+00,2.44122099e+08,2.21500000e+00,1.39901214e+09,
2.22000000e+00,1.04393065e+08,2.22000000e+00,2.45011446e+08,2.22000000e+00,1.40394196e+09,
2.22500000e+00,1.04713826e+08,2.22500000e+00,2.45901970e+08,2.22500000e+00,1.40883763e+09,
2.23000000e+00,1.05035140e+08,2.23000000e+00,2.46793649e+08,2.23000000e+00,1.41371138e+09,
2.23500000e+00,1.05357005e+08,2.23500000e+00,2.47686462e+08,2.23500000e+00,1.41862693e+09,
2.24000000e+00,1.05679418e+08,2.24000000e+00,2.48580385e+08,2.24000000e+00,1.42355147e+09,
2.24500000e+00,1.06002377e+08,2.24500000e+00,2.49475393e+08,2.24500000e+00,1.42851698e+09,
2.25000000e+00,1.06325877e+08,2.25000000e+00,2.50371463e+08,2.25000000e+00,1.43341148e+09,
2.25500000e+00,1.06649918e+08,2.25500000e+00,2.51268569e+08,2.25500000e+00,1.43830624e+09,
2.26000000e+00,1.06974495e+08,2.26000000e+00,2.52166683e+08,2.26000000e+00,1.44323661e+09,
2.26500000e+00,1.07299605e+08,2.26500000e+00,2.53065778e+08,2.26500000e+00,1.44822261e+09,
2.27000000e+00,1.07625245e+08,2.27000000e+00,2.53965825e+08,2.27000000e+00,1.45308640e+09,
2.27500000e+00,1.07951411e+08,2.27500000e+00,2.54866795e+08,2.27500000e+00,1.45803702e+09,
2.28000000e+00,1.08278100e+08,2.28000000e+00,2.55768655e+08,2.28000000e+00,1.46307973e+09,
2.28500000e+00,1.08605307e+08,2.28500000e+00,2.56671376e+08,2.28500000e+00,1.46793082e+09,
2.29000000e+00,1.08933029e+08,2.29000000e+00,2.57574922e+08,2.29000000e+00,1.47280223e+09,
2.29500000e+00,1.09261261e+08,2.29500000e+00,2.58479259e+08,2.29500000e+00,1.47778206e+09,
2.30000000e+00,1.09589999e+08,2.30000000e+00,2.59384353e+08,2.30000000e+00,1.48264322e+09,
2.30500000e+00,1.09919238e+08,2.30500000e+00,2.60290165e+08,2.30500000e+00,1.48763199e+09,
2.31000000e+00,1.10248974e+08,2.31000000e+00,2.61196658e+08,2.31000000e+00,1.49262037e+09,
2.31500000e+00,1.10579201e+08,2.31500000e+00,2.62103791e+08,2.31500000e+00,1.49740247e+09,
2.32000000e+00,1.10909914e+08,2.32000000e+00,2.63011525e+08,2.32000000e+00,1.50242427e+09,
2.32500000e+00,1.11241107e+08,2.32500000e+00,2.63919816e+08,2.32500000e+00,1.50737270e+09,
2.33000000e+00,1.11572775e+08,2.33000000e+00,2.64828620e+08,2.33000000e+00,1.51218137e+09,
2.33500000e+00,1.11904913e+08,2.33500000e+00,2.65737891e+08,2.33500000e+00,1.51708895e+09,
2.34000000e+00,1.12237513e+08,2.34000000e+00,2.66647584e+08,2.34000000e+00,1.52201647e+09,
2.34500000e+00,1.12570569e+08,2.34500000e+00,2.67557648e+08,2.34500000e+00,1.52698447e+09,
2.35000000e+00,1.12904075e+08,2.35000000e+00,2.68468033e+08,2.35000000e+00,1.53177833e+09,
2.35500000e+00,1.13238023e+08,2.35500000e+00,2.69378687e+08,2.35500000e+00,1.53654659e+09,
2.36000000e+00,1.13572407e+08,2.36000000e+00,2.70289557e+08,2.36000000e+00,1.54151406e+09,
2.36500000e+00,1.13907218e+08,2.36500000e+00,2.71200586e+08,2.36500000e+00,1.54642308e+09,
2.37000000e+00,1.14242450e+08,2.37000000e+00,2.72111716e+08,2.37000000e+00,1.55119073e+09,
2.37500000e+00,1.14578094e+08,2.37500000e+00,2.73022889e+08,2.37500000e+00,1.55603261e+09,
2.38000000e+00,1.14914142e+08,2.38000000e+00,2.73934043e+08,2.38000000e+00,1.56082051e+09,
2.38500000e+00,1.15250585e+08,2.38500000e+00,2.74845113e+08,2.38500000e+00,1.56554755e+09,
2.39000000e+00,1.15587413e+08,2.39000000e+00,2.75756035e+08,2.39000000e+00,1.57034090e+09,
2.39500000e+00,1.15924618e+08,2.39500000e+00,2.76666741e+08,2.39500000e+00,1.57515640e+09,
2.40000000e+00,1.16262191e+08,2.40000000e+00,2.77577160e+08,2.40000000e+00,1.57991943e+09,
2.40500000e+00,1.16600120e+08,2.40500000e+00,2.78487220e+08,2.40500000e+00,1.58455883e+09,
2.41000000e+00,1.16938395e+08,2.41000000e+00,2.79396846e+08,2.41000000e+00,1.58931076e+09,
2.41500000e+00,1.17277007e+08,2.41500000e+00,2.80305962e+08,2.41500000e+00,1.59406335e+09,
2.42000000e+00,1.17615943e+08,2.42000000e+00,2.81214489e+08,2.42000000e+00,1.59861027e+09,
2.42500000e+00,1.17955192e+08,2.42500000e+00,2.82122343e+08,2.42500000e+00,1.60320810e+09,
2.43000000e+00,1.18294743e+08,2.43000000e+00,2.83029441e+08,2.43000000e+00,1.60795857e+09,
2.43500000e+00,1.18634582e+08,2.43500000e+00,2.83935696e+08,2.43500000e+00,1.61255866e+09,
2.44000000e+00,1.18974697e+08,2.44000000e+00,2.84841018e+08,2.44000000e+00,1.61695100e+09,
2.44500000e+00,1.19315076e+08,2.44500000e+00,2.85745313e+08,2.44500000e+00,1.62151720e+09,
2.45000000e+00,1.19655704e+08,2.45000000e+00,2.86648488e+08,2.45000000e+00,1.62602059e+09,
2.45500000e+00,1.19996567e+08,2.45500000e+00,2.87550444e+08,2.45500000e+00,1.63044307e+09,
2.46000000e+00,1.20337651e+08,2.46000000e+00,2.88451079e+08,2.46000000e+00,1.63490541e+09,
2.46500000e+00,1.20678940e+08,2.46500000e+00,2.89350289e+08,2.46500000e+00,1.63919483e+09,
2.47000000e+00,1.21020420e+08,2.47000000e+00,2.90247967e+08,2.47000000e+00,1.64353982e+09,
2.47500000e+00,1.21362074e+08,2.47500000e+00,2.91144003e+08,2.47500000e+00,1.64796777e+09,
2.48000000e+00,1.21703886e+08,2.48000000e+00,2.92038283e+08,2.48000000e+00,1.65213723e+09,
2.48500000e+00,1.22045839e+08,2.48500000e+00,2.92930689e+08,2.48500000e+00,1.65626167e+09,
2.49000000e+00,1.22387914e+08,2.49000000e+00,2.93821103e+08,2.49000000e+00,1.66049948e+09,
2.49500000e+00,1.22730095e+08,2.49500000e+00,2.94709400e+08,2.49500000e+00,1.66460444e+09,
2.50000000e+00,1.23072362e+08,2.50000000e+00,2.95595453e+08,2.50000000e+00,1.66861831e+09,
2.50500000e+00,1.23414696e+08,2.50500000e+00,2.96479132e+08,2.50500000e+00,1.67257217e+09,
2.51000000e+00,1.23757077e+08,2.51000000e+00,2.97360301e+08,2.51000000e+00,1.67659783e+09,
2.51500000e+00,1.24099485e+08,2.51500000e+00,2.98238824e+08,2.51500000e+00,1.68053208e+09,
2.52000000e+00,1.24441899e+08,2.52000000e+00,2.99114558e+08,2.52000000e+00,1.68429221e+09,
2.52500000e+00,1.24784296e+08,2.52500000e+00,2.99987359e+08,2.52500000e+00,1.68807493e+09,
2.53000000e+00,1.25126656e+08,2.53000000e+00,3.00857076e+08,2.53000000e+00,1.69187036e+09,
2.53500000e+00,1.25468953e+08,2.53500000e+00,3.01723555e+08,2.53500000e+00,1.69532954e+09,
2.54000000e+00,1.25811166e+08,2.54000000e+00,3.02586641e+08,2.54000000e+00,1.69868490e+09,
2.54500000e+00,1.26153269e+08,2.54500000e+00,3.03446171e+08,2.54500000e+00,1.70234335e+09,
2.55000000e+00,1.26495238e+08,2.55000000e+00,3.04301981e+08,2.55000000e+00,1.70577717e+09,
2.55500000e+00,1.26837046e+08,2.55500000e+00,3.05153899e+08,2.55500000e+00,1.70898108e+09,
2.56000000e+00,1.27178667e+08,2.56000000e+00,3.06001752e+08,2.56000000e+00,1.71235940e+09,
2.56500000e+00,1.27520074e+08,2.56500000e+00,3.06845362e+08,2.56500000e+00,1.71549348e+09,
2.57000000e+00,1.27861238e+08,2.57000000e+00,3.07684546e+08,2.57000000e+00,1.71843182e+09,
2.57500000e+00,1.28202132e+08,2.57500000e+00,3.08519117e+08,2.57500000e+00,1.72136767e+09,
2.58000000e+00,1.28542725e+08,2.58000000e+00,3.09348883e+08,2.58000000e+00,1.72418049e+09,
2.58500000e+00,1.28882986e+08,2.58500000e+00,3.10173649e+08,2.58500000e+00,1.72694524e+09,
2.59000000e+00,1.29222885e+08,2.59000000e+00,3.10993213e+08,2.59000000e+00,1.72956733e+09,
2.59500000e+00,1.29562389e+08,2.59500000e+00,3.11807370e+08,2.59500000e+00,1.73214932e+09,
2.60000000e+00,1.29901466e+08,2.60000000e+00,3.12615910e+08,2.60000000e+00,1.73453294e+09,
2.60500000e+00,1.30240081e+08,2.60500000e+00,3.13418618e+08,2.60500000e+00,1.73687447e+09,
2.61000000e+00,1.30578200e+08,2.61000000e+00,3.14215275e+08,2.61000000e+00,1.73918466e+09,
2.61500000e+00,1.30915787e+08,2.61500000e+00,3.15005657e+08,2.61500000e+00,1.74115539e+09,
2.62000000e+00,1.31252806e+08,2.62000000e+00,3.15789534e+08,2.62000000e+00,1.74301854e+09,
2.62500000e+00,1.31589218e+08,2.62500000e+00,3.16566673e+08,2.62500000e+00,1.74483728e+09,
2.63000000e+00,1.31924986e+08,2.63000000e+00,3.17336835e+08,2.63000000e+00,1.74650819e+09,
2.63500000e+00,1.32260070e+08,2.63500000e+00,3.18099775e+08,2.63500000e+00,1.74802603e+09,
2.64000000e+00,1.32594430e+08,2.64000000e+00,3.18855246e+08,2.64000000e+00,1.74948471e+09,
2.64500000e+00,1.32928024e+08,2.64500000e+00,3.19602993e+08,2.64500000e+00,1.75074021e+09,
2.65000000e+00,1.33260810e+08,2.65000000e+00,3.20342759e+08,2.65000000e+00,1.75183165e+09,
2.65500000e+00,1.33592743e+08,2.65500000e+00,3.21074280e+08,2.65500000e+00,1.75269293e+09,
2.66000000e+00,1.33923781e+08,2.66000000e+00,3.21797287e+08,2.66000000e+00,1.75345125e+09,
2.66500000e+00,1.34253876e+08,2.66500000e+00,3.22511508e+08,2.66500000e+00,1.75411030e+09,
2.67000000e+00,1.34582983e+08,2.67000000e+00,3.23216664e+08,2.67000000e+00,1.75465610e+09,
2.67500000e+00,1.34911053e+08,2.67500000e+00,3.23912473e+08,2.67500000e+00,1.75485926e+09,
2.68000000e+00,1.35238038e+08,2.68000000e+00,3.24598645e+08,2.68000000e+00,1.75491182e+09,
2.68500000e+00,1.35563888e+08,2.68500000e+00,3.25274890e+08,2.68500000e+00,1.75495470e+09,
2.69000000e+00,1.35888550e+08,2.69000000e+00,3.25940909e+08,2.69000000e+00,1.75456621e+09,
2.69500000e+00,1.36211974e+08,2.69500000e+00,3.26596400e+08,2.69500000e+00,1.75422920e+09,
2.70000000e+00,1.36534106e+08,2.70000000e+00,3.27241056e+08,2.70000000e+00,1.75351183e+09,
2.70500000e+00,1.36854890e+08,2.70500000e+00,3.27874566e+08,2.70500000e+00,1.75259501e+09,
2.71000000e+00,1.37174271e+08,2.71000000e+00,3.28496614e+08,2.71000000e+00,1.75179122e+09,
2.71500000e+00,1.37492192e+08,2.71500000e+00,3.29106880e+08,2.71500000e+00,1.75045648e+09,
2.72000000e+00,1.37808595e+08,2.72000000e+00,3.29705039e+08,2.72000000e+00,1.74893038e+09,
2.72500000e+00,1.38123419e+08,2.72500000e+00,3.30290761e+08,2.72500000e+00,1.74743398e+09,
2.73000000e+00,1.38436605e+08,2.73000000e+00,3.30863714e+08,2.73000000e+00,1.74549142e+09,
2.73500000e+00,1.38748090e+08,2.73500000e+00,3.31423560e+08,2.73500000e+00,1.74336128e+09,
2.74000000e+00,1.39057810e+08,2.74000000e+00,3.31969958e+08,2.74000000e+00,1.74117184e+09,
2.74500000e+00,1.39365702e+08,2.74500000e+00,3.32502564e+08,2.74500000e+00,1.73847717e+09,
2.75000000e+00,1.39671700e+08,2.75000000e+00,3.33021029e+08,2.75000000e+00,1.73588639e+09,
2.75500000e+00,1.39975735e+08,2.75500000e+00,3.33525000e+08,2.75500000e+00,1.73296269e+09,
2.76000000e+00,1.40277740e+08,2.76000000e+00,3.34014123e+08,2.76000000e+00,1.72960300e+09,
2.76500000e+00,1.40577645e+08,2.76500000e+00,3.34488039e+08,2.76500000e+00,1.72615540e+09,
2.77000000e+00,1.40875379e+08,2.77000000e+00,3.34946388e+08,2.77000000e+00,1.72243564e+09,
2.77500000e+00,1.41170870e+08,2.77500000e+00,3.35388803e+08,2.77500000e+00,1.71865436e+09,
2.78000000e+00,1.41464043e+08,2.78000000e+00,3.35814921e+08,2.78000000e+00,1.71447617e+09,
2.78500000e+00,1.41754823e+08,2.78500000e+00,3.36224370e+08,2.78500000e+00,1.70989429e+09,
2.79000000e+00,1.42043135e+08,2.79000000e+00,3.36616781e+08,2.79000000e+00,1.70534630e+09,
2.79500000e+00,1.42328901e+08,2.79500000e+00,3.36991781e+08,2.79500000e+00,1.70055674e+09,
2.80000000e+00,1.42612041e+08,2.80000000e+00,3.37348995e+08,2.80000000e+00,1.69526265e+09,
2.80500000e+00,1.42892475e+08,2.80500000e+00,3.37688048e+08,2.80500000e+00,1.68978954e+09,
2.81000000e+00,1.43170122e+08,2.81000000e+00,3.38008563e+08,2.81000000e+00,1.68430924e+09,
2.81500000e+00,1.43444898e+08,2.81500000e+00,3.38310164e+08,2.81500000e+00,1.67839397e+09,
2.82000000e+00,1.43716719e+08,2.82000000e+00,3.38592471e+08,2.82000000e+00,1.67220168e+09,
2.82500000e+00,1.43985500e+08,2.82500000e+00,3.38855109e+08,2.82500000e+00,1.66587403e+09,
2.83000000e+00,1.44251153e+08,2.83000000e+00,3.39097699e+08,2.83000000e+00,1.65915348e+09,
2.83500000e+00,1.44513590e+08,2.83500000e+00,3.39319863e+08,2.83500000e+00,1.65227368e+09,
2.84000000e+00,1.44772722e+08,2.84000000e+00,3.39521228e+08,2.84000000e+00,1.64501355e+09,
2.84500000e+00,1.45028458e+08,2.84500000e+00,3.39701417e+08,2.84500000e+00,1.63757699e+09,
2.85000000e+00,1.45280705e+08,2.85000000e+00,3.39860058e+08,2.85000000e+00,1.63006865e+09,
2.85500000e+00,1.45529370e+08,2.85500000e+00,3.39996781e+08,2.85500000e+00,1.62214301e+09,
2.86000000e+00,1.45774360e+08,2.86000000e+00,3.40111216e+08,2.86000000e+00,1.61400701e+09,
2.86500000e+00,1.46015577e+08,2.86500000e+00,3.40202998e+08,2.86500000e+00,1.60554004e+09,
2.87000000e+00,1.46252926e+08,2.87000000e+00,3.40271765e+08,2.87000000e+00,1.59685399e+09,
2.87500000e+00,1.46486307e+08,2.87500000e+00,3.40317159e+08,2.87500000e+00,1.58812780e+09,
2.88000000e+00,1.46715622e+08,2.88000000e+00,3.40338826e+08,2.88000000e+00,1.57895033e+09,
2.88500000e+00,1.46940770e+08,2.88500000e+00,3.40336416e+08,2.88500000e+00,1.56960508e+09,
2.89000000e+00,1.47161649e+08,2.89000000e+00,3.40309584e+08,2.89000000e+00,1.56013445e+09,
2.89500000e+00,1.47378157e+08,2.89500000e+00,3.40257990e+08,2.89500000e+00,1.55025333e+09,
2.90000000e+00,1.47590191e+08,2.90000000e+00,3.40181304e+08,2.90000000e+00,1.54023382e+09,
2.90500000e+00,1.47797645e+08,2.90500000e+00,3.40079196e+08,2.90500000e+00,1.53003110e+09,
2.91000000e+00,1.48000414e+08,2.91000000e+00,3.39951349e+08,2.91000000e+00,1.51963846e+09,
2.91500000e+00,1.48198391e+08,2.91500000e+00,3.39797449e+08,2.91500000e+00,1.50899244e+09,
2.92000000e+00,1.48391470e+08,2.92000000e+00,3.39617193e+08,2.92000000e+00,1.49809977e+09,
2.92500000e+00,1.48579541e+08,2.92500000e+00,3.39410284e+08,2.92500000e+00,1.48706614e+09,
2.93000000e+00,1.48762496e+08,2.93000000e+00,3.39176436e+08,2.93000000e+00,1.47584628e+09,
2.93500000e+00,1.48940224e+08,2.93500000e+00,3.38915370e+08,2.93500000e+00,1.46445067e+09,
2.94000000e+00,1.49112616e+08,2.94000000e+00,3.38626819e+08,2.94000000e+00,1.45282189e+09,
2.94500000e+00,1.49279560e+08,2.94500000e+00,3.38310526e+08,2.94500000e+00,1.44108590e+09,
2.95000000e+00,1.49440943e+08,2.95000000e+00,3.37966243e+08,2.95000000e+00,1.42914152e+09,
2.95500000e+00,1.49596655e+08,2.95500000e+00,3.37593737e+08,2.95500000e+00,1.41701129e+09,
2.96000000e+00,1.49746581e+08,2.96000000e+00,3.37192782e+08,2.96000000e+00,1.40481669e+09,
2.96500000e+00,1.49890608e+08,2.96500000e+00,3.36763168e+08,2.96500000e+00,1.39231768e+09,
2.97000000e+00,1.50028624e+08,2.97000000e+00,3.36304698e+08,2.97000000e+00,1.37972758e+09,
2.97500000e+00,1.50160513e+08,2.97500000e+00,3.35817184e+08,2.97500000e+00,1.36718829e+09,
2.98000000e+00,1.50286162e+08,2.98000000e+00,3.35300457e+08,2.98000000e+00,1.35443951e+09,
2.98500000e+00,1.50405457e+08,2.98500000e+00,3.34754358e+08,2.98500000e+00,1.34147076e+09,
2.99000000e+00,1.50518282e+08,2.99000000e+00,3.34178744e+08,2.99000000e+00,1.32843267e+09,
2.99500000e+00,1.50624523e+08,2.99500000e+00,3.33573488e+08,2.99500000e+00,1.31535734e+09,
3.00000000e+00,1.50724067e+08,3.00000000e+00,3.32938478e+08,3.00000000e+00,1.30209867e+09,
3.00500000e+00,1.50816798e+08,3.00500000e+00,3.32273615e+08,3.00500000e+00,1.28879740e+09,
3.01000000e+00,1.50902603e+08,3.01000000e+00,3.31578820e+08,3.01000000e+00,1.27542538e+09,
3.01500000e+00,1.50981368e+08,3.01500000e+00,3.30854029e+08,3.01500000e+00,1.26197014e+09,
3.02000000e+00,1.51052979e+08,3.02000000e+00,3.30099193e+08,3.02000000e+00,1.24842257e+09,
3.02500000e+00,1.51117325e+08,3.02500000e+00,3.29314283e+08,3.02500000e+00,1.23484716e+09,
3.03000000e+00,1.51174291e+08,3.03000000e+00,3.28499286e+08,3.03000000e+00,1.22121455e+09,
3.03500000e+00,1.51223768e+08,3.03500000e+00,3.27654206e+08,3.03500000e+00,1.20751265e+09,
3.04000000e+00,1.51265644e+08,3.04000000e+00,3.26779067e+08,3.04000000e+00,1.19388281e+09,
3.04500000e+00,1.51299810e+08,3.04500000e+00,3.25873910e+08,3.04500000e+00,1.18012573e+09,
3.05000000e+00,1.51326155e+08,3.05000000e+00,3.24938793e+08,3.05000000e+00,1.16629676e+09,
3.05500000e+00,1.51344573e+08,3.05500000e+00,3.23973795e+08,3.05500000e+00,1.15258201e+09,
3.06000000e+00,1.51354957e+08,3.06000000e+00,3.22979013e+08,3.06000000e+00,1.13885018e+09,
3.06500000e+00,1.51357200e+08,3.06500000e+00,3.21954561e+08,3.06500000e+00,1.12501921e+09,
3.07000000e+00,1.51351200e+08,3.07000000e+00,3.20900575e+08,3.07000000e+00,1.11124489e+09,
3.07500000e+00,1.51336854e+08,3.07500000e+00,3.19817207e+08,3.07500000e+00,1.09752955e+09,
3.08000000e+00,1.51314059e+08,3.08000000e+00,3.18704630e+08,3.08000000e+00,1.08374846e+09,
3.08500000e+00,1.51282719e+08,3.08500000e+00,3.17563037e+08,3.08500000e+00,1.07007510e+09,
3.09000000e+00,1.51242734e+08,3.09000000e+00,3.16392636e+08,3.09000000e+00,1.05639053e+09,
3.09500000e+00,1.51194009e+08,3.09500000e+00,3.15193658e+08,3.09500000e+00,1.04273281e+09,
3.10000000e+00,1.51136451e+08,3.10000000e+00,3.13966351e+08,3.10000000e+00,1.02919920e+09,
3.10500000e+00,1.51069968e+08,3.10500000e+00,3.12710982e+08,3.10500000e+00,1.01567008e+09,
3.11000000e+00,1.50994472e+08,3.11000000e+00,3.11427837e+08,3.11000000e+00,1.00217802e+09,
3.11500000e+00,1.50909876e+08,3.11500000e+00,3.10117220e+08,3.11500000e+00,9.88745435e+08,
3.12000000e+00,1.50816095e+08,3.12000000e+00,3.08779454e+08,3.12000000e+00,9.75416966e+08,
3.12500000e+00,1.50713048e+08,3.12500000e+00,3.07414878e+08,3.12500000e+00,9.62127612e+08,
3.13000000e+00,1.50600656e+08,3.13000000e+00,3.06023852e+08,3.13000000e+00,9.48913401e+08,
3.13500000e+00,1.50478843e+08,3.13500000e+00,3.04606750e+08,3.13500000e+00,9.35829481e+08,
3.14000000e+00,1.50347537e+08,3.14000000e+00,3.03163966e+08,3.14000000e+00,9.22803715e+08,
3.14500000e+00,1.50206666e+08,3.14500000e+00,3.01695909e+08,3.14500000e+00,9.09824988e+08,
3.15000000e+00,1.50056164e+08,3.15000000e+00,3.00203004e+08,3.15000000e+00,8.97004581e+08,
3.15500000e+00,1.49895968e+08,3.15500000e+00,2.98685694e+08,3.15500000e+00,8.84264750e+08,
3.16000000e+00,1.49726018e+08,3.16000000e+00,2.97144436e+08,3.16000000e+00,8.71597972e+08,
3.16500000e+00,1.49546256e+08,3.16500000e+00,2.95579702e+08,3.16500000e+00,8.59045351e+08,
3.17000000e+00,1.49356630e+08,3.17000000e+00,2.93991978e+08,3.17000000e+00,8.46657792e+08,
3.17500000e+00,1.49157090e+08,3.17500000e+00,2.92381767e+08,3.17500000e+00,8.34324173e+08,
3.18000000e+00,1.48947591e+08,3.18000000e+00,2.90749582e+08,3.18000000e+00,8.22104759e+08,
3.18500000e+00,1.48728090e+08,3.18500000e+00,2.89095950e+08,3.18500000e+00,8.10017351e+08,
3.19000000e+00,1.48498551e+08,3.19000000e+00,2.87421412e+08,3.19000000e+00,7.98049778e+08,
3.19500000e+00,1.48258939e+08,3.19500000e+00,2.85726520e+08,3.19500000e+00,7.86214998e+08,
3.20000000e+00,1.48009226e+08,3.20000000e+00,2.84011835e+08,3.20000000e+00,7.74466819e+08,
3.20500000e+00,1.47749385e+08,3.20500000e+00,2.82277932e+08,3.20500000e+00,7.62862004e+08,
3.21000000e+00,1.47479395e+08,3.21000000e+00,2.80525393e+08,3.21000000e+00,7.51371082e+08,
3.21500000e+00,1.47199241e+08,3.21500000e+00,2.78754811e+08,3.21500000e+00,7.40042962e+08,
3.22000000e+00,1.46908911e+08,3.22000000e+00,2.76966788e+08,3.22000000e+00,7.28836443e+08,
3.22500000e+00,1.46608396e+08,3.22500000e+00,2.75161931e+08,3.22500000e+00,7.17735298e+08,
3.23000000e+00,1.46297694e+08,3.23000000e+00,2.73340857e+08,3.23000000e+00,7.06780876e+08,
3.23500000e+00,1.45976807e+08,3.23500000e+00,2.71504190e+08,3.23500000e+00,6.95964523e+08,
3.24000000e+00,1.45645740e+08,3.24000000e+00,2.69652557e+08,3.24000000e+00,6.85289721e+08,
3.24500000e+00,1.45304507e+08,3.24500000e+00,2.67786593e+08,3.24500000e+00,6.74723566e+08,
3.25000000e+00,1.44953121e+08,3.25000000e+00,2.65906935e+08,3.25000000e+00,6.64281636e+08,
3.25500000e+00,1.44591605e+08,3.25500000e+00,2.64014226e+08,3.25500000e+00,6.54014280e+08,
3.26000000e+00,1.44219985e+08,3.26000000e+00,2.62109110e+08,3.26000000e+00,6.43864678e+08,
3.26500000e+00,1.43838290e+08,3.26500000e+00,2.60192236e+08,3.26500000e+00,6.33846570e+08,
3.27000000e+00,1.43446557e+08,3.27000000e+00,2.58264252e+08,3.27000000e+00,6.23976735e+08,
3.27500000e+00,1.43044827e+08,3.27500000e+00,2.56325809e+08,3.27500000e+00,6.14233879e+08,
3.28000000e+00,1.42633144e+08,3.28000000e+00,2.54377556e+08,3.28000000e+00,6.04621337e+08,
3.28500000e+00,1.42211561e+08,3.28500000e+00,2.52420144e+08,3.28500000e+00,5.95135232e+08,
3.29000000e+00,1.41780131e+08,3.29000000e+00,2.50454221e+08,3.29000000e+00,5.85813304e+08,
3.29500000e+00,1.41338916e+08,3.29500000e+00,2.48480436e+08,3.29500000e+00,5.76622166e+08,
3.30000000e+00,1.40887981e+08,3.30000000e+00,2.46499433e+08,3.30000000e+00,5.67536220e+08,
3.30500000e+00,1.40427397e+08,3.30500000e+00,2.44511855e+08,3.30500000e+00,5.58582295e+08,
3.31000000e+00,1.39957239e+08,3.31000000e+00,2.42518340e+08,3.31000000e+00,5.49774187e+08,
3.31500000e+00,1.39477587e+08,3.31500000e+00,2.40519522e+08,3.31500000e+00,5.41110009e+08,
3.32000000e+00,1.38988526e+08,3.32000000e+00,2.38516031e+08,3.32000000e+00,5.32551133e+08,
3.32500000e+00,1.38490147e+08,3.32500000e+00,2.36508493e+08,3.32500000e+00,5.24141015e+08,
3.33000000e+00,1.37982543e+08,3.33000000e+00,2.34497525e+08,3.33000000e+00,5.15853796e+08,
3.33500000e+00,1.37465814e+08,3.33500000e+00,2.32483740e+08,3.33500000e+00,5.07681870e+08,
3.34000000e+00,1.36940064e+08,3.34000000e+00,2.30467744e+08,3.34000000e+00,4.99646010e+08,
3.34500000e+00,1.36405402e+08,3.34500000e+00,2.28450136e+08,3.34500000e+00,4.91730033e+08,
3.35000000e+00,1.35861940e+08,3.35000000e+00,2.26431505e+08,3.35000000e+00,4.83951418e+08,
3.35500000e+00,1.35309795e+08,3.35500000e+00,2.24412435e+08,3.35500000e+00,4.76279809e+08,
3.36000000e+00,1.34749090e+08,3.36000000e+00,2.22393499e+08,3.36000000e+00,4.68723239e+08,
3.36500000e+00,1.34179951e+08,3.36500000e+00,2.20375262e+08,3.36500000e+00,4.61307198e+08,
3.37000000e+00,1.33602506e+08,3.37000000e+00,2.18358279e+08,3.37000000e+00,4.53991875e+08,
3.37500000e+00,1.33016891e+08,3.37500000e+00,2.16343097e+08,3.37500000e+00,4.46792000e+08,
3.38000000e+00,1.32423244e+08,3.38000000e+00,2.14330250e+08,3.38000000e+00,4.39724413e+08,
3.38500000e+00,1.31821706e+08,3.38500000e+00,2.12320265e+08,3.38500000e+00,4.32758026e+08,
3.39000000e+00,1.31212422e+08,3.39000000e+00,2.10313656e+08,3.39000000e+00,4.25908845e+08,
3.39500000e+00,1.30595542e+08,3.39500000e+00,2.08310927e+08,3.39500000e+00,4.19166798e+08,
3.40000000e+00,1.29971219e+08,3.40000000e+00,2.06312570e+08,3.40000000e+00,4.12533315e+08,
3.40500000e+00,1.29339608e+08,3.40500000e+00,2.04319066e+08,3.40500000e+00,4.06016911e+08,
3.41000000e+00,1.28700868e+08,3.41000000e+00,2.02330887e+08,3.41000000e+00,3.99598841e+08,
3.41500000e+00,1.28055162e+08,3.41500000e+00,2.00348488e+08,3.41500000e+00,3.93281104e+08,
3.42000000e+00,1.27402654e+08,3.42000000e+00,1.98372317e+08,3.42000000e+00,3.87074020e+08,
3.42500000e+00,1.26743512e+08,3.42500000e+00,1.96402809e+08,3.42500000e+00,3.80970860e+08,
3.43000000e+00,1.26077906e+08,3.43000000e+00,1.94440384e+08,3.43000000e+00,3.74962531e+08,
3.43500000e+00,1.25406010e+08,3.43500000e+00,1.92485452e+08,3.43500000e+00,3.69059437e+08,
3.44000000e+00,1.24727998e+08,3.44000000e+00,1.90538412e+08,3.44000000e+00,3.63245441e+08,
3.44500000e+00,1.24044049e+08,3.44500000e+00,1.88599648e+08,3.44500000e+00,3.57531110e+08,
3.45000000e+00,1.23354341e+08,3.45000000e+00,1.86669533e+08,3.45000000e+00,3.51914792e+08,
3.45500000e+00,1.22659055e+08,3.45500000e+00,1.84748428e+08,3.45500000e+00,3.46383429e+08,
3.46000000e+00,1.21958375e+08,3.46000000e+00,1.82836680e+08,3.46000000e+00,3.40953029e+08,
3.46500000e+00,1.21252485e+08,3.46500000e+00,1.80934626e+08,3.46500000e+00,3.35607054e+08,
3.47000000e+00,1.20541571e+08,3.47000000e+00,1.79042588e+08,3.47000000e+00,3.30349057e+08,
3.47500000e+00,1.19825820e+08,3.47500000e+00,1.77160878e+08,3.47500000e+00,3.25177614e+08,
3.48000000e+00,1.19105421e+08,3.48000000e+00,1.75289794e+08,3.48000000e+00,3.20092241e+08,
3.48500000e+00,1.18380562e+08,3.48500000e+00,1.73429623e+08,3.48500000e+00,3.15093535e+08,
3.49000000e+00,1.17651433e+08,3.49000000e+00,1.71580639e+08,3.49000000e+00,3.10174689e+08,
3.49500000e+00,1.16918225e+08,3.49500000e+00,1.69743106e+08,3.49500000e+00,3.05342215e+08,
3.50000000e+00,1.16181129e+08,3.50000000e+00,1.67917274e+08,3.50000000e+00,3.00585411e+08,
3.50500000e+00,1.15440336e+08,3.50500000e+00,1.66103381e+08,3.50500000e+00,2.95903665e+08,
3.51000000e+00,1.14696037e+08,3.51000000e+00,1.64301656e+08,3.51000000e+00,2.91305296e+08,
3.51500000e+00,1.13948424e+08,3.51500000e+00,1.62512315e+08,3.51500000e+00,2.86782624e+08,
3.52000000e+00,1.13197688e+08,3.52000000e+00,1.60735561e+08,3.52000000e+00,2.82329732e+08,
3.52500000e+00,1.12444019e+08,3.52500000e+00,1.58971589e+08,3.52500000e+00,2.77952808e+08,
3.53000000e+00,1.11687609e+08,3.53000000e+00,1.57220581e+08,3.53000000e+00,2.73648979e+08,
3.53500000e+00,1.10928647e+08,3.53500000e+00,1.55482709e+08,3.53500000e+00,2.69416043e+08,
3.54000000e+00,1.10167322e+08,3.54000000e+00,1.53758135e+08,3.54000000e+00,2.65252646e+08,
3.54500000e+00,1.09403822e+08,3.54500000e+00,1.52047009e+08,3.54500000e+00,2.61157590e+08,
3.55000000e+00,1.08638334e+08,3.55000000e+00,1.50349472e+08,3.55000000e+00,2.57128942e+08,
3.55500000e+00,1.07871045e+08,3.55500000e+00,1.48665654e+08,3.55500000e+00,2.53164919e+08,
3.56000000e+00,1.07102139e+08,3.56000000e+00,1.46995676e+08,3.56000000e+00,2.49268080e+08,
3.56500000e+00,1.06331800e+08,3.56500000e+00,1.45339651e+08,3.56500000e+00,2.45435293e+08,
3.57000000e+00,1.05560209e+08,3.57000000e+00,1.43697679e+08,3.57000000e+00,2.41665328e+08,
3.57500000e+00,1.04787547e+08,3.57500000e+00,1.42069853e+08,3.57500000e+00,2.37956952e+08,
3.58000000e+00,1.04013993e+08,3.58000000e+00,1.40456257e+08,3.58000000e+00,2.34307651e+08,
3.58500000e+00,1.03239722e+08,3.58500000e+00,1.38856967e+08,3.58500000e+00,2.30718675e+08,
3.59000000e+00,1.02464909e+08,3.59000000e+00,1.37272049e+08,3.59000000e+00,2.27189568e+08,
3.59500000e+00,1.01689728e+08,3.59500000e+00,1.35701561e+08,3.59500000e+00,2.23716231e+08,
3.60000000e+00,1.00914349e+08,3.60000000e+00,1.34145554e+08,3.60000000e+00,2.20300706e+08,
3.60500000e+00,1.00138939e+08,3.60500000e+00,1.32604070e+08,3.60500000e+00,2.16938488e+08,
3.61000000e+00,9.93636659e+07,3.61000000e+00,1.31077145e+08,3.61000000e+00,2.13631950e+08,
3.61500000e+00,9.85886918e+07,3.61500000e+00,1.29564805e+08,3.61500000e+00,2.10381685e+08,
3.62000000e+00,9.78141781e+07,3.62000000e+00,1.28067072e+08,3.62000000e+00,2.07181402e+08,
3.62500000e+00,9.70402834e+07,3.62500000e+00,1.26583958e+08,3.62500000e+00,2.04035056e+08,
3.63000000e+00,9.62671634e+07,3.63000000e+00,1.25115472e+08,3.63000000e+00,2.00939185e+08,
3.63500000e+00,9.54949714e+07,3.63500000e+00,1.23661612e+08,3.63500000e+00,1.97892306e+08,
3.64000000e+00,9.47238576e+07,3.64000000e+00,1.22222374e+08,3.64000000e+00,1.94895832e+08,
3.64500000e+00,9.39539698e+07,3.64500000e+00,1.20797745e+08,3.64500000e+00,1.91946589e+08,
3.65000000e+00,9.31854525e+07,3.65000000e+00,1.19387707e+08,3.65000000e+00,1.89046356e+08,
3.65500000e+00,9.24184476e+07,3.65500000e+00,1.17992238e+08,3.65500000e+00,1.86193279e+08,
3.66000000e+00,9.16530940e+07,3.66000000e+00,1.16611309e+08,3.66000000e+00,1.83385861e+08,
3.66500000e+00,9.08895274e+07,3.66500000e+00,1.15244885e+08,3.66500000e+00,1.80623692e+08,
3.67000000e+00,9.01278808e+07,3.67000000e+00,1.13892928e+08,3.67000000e+00,1.77905707e+08,
3.67500000e+00,8.93682839e+07,3.67500000e+00,1.12555394e+08,3.67500000e+00,1.75232853e+08,
3.68000000e+00,8.86108634e+07,3.68000000e+00,1.11232234e+08,3.68000000e+00,1.72602772e+08,
3.68500000e+00,8.78557429e+07,3.68500000e+00,1.09923397e+08,3.68500000e+00,1.70014460e+08,
3.69000000e+00,8.71030427e+07,3.69000000e+00,1.08628824e+08,3.69000000e+00,1.67467859e+08,
3.69500000e+00,8.63528803e+07,3.69500000e+00,1.07348455e+08,3.69500000e+00,1.64963808e+08,
3.70000000e+00,8.56053697e+07,3.70000000e+00,1.06082225e+08,3.70000000e+00,1.62499025e+08,
3.70500000e+00,8.48606219e+07,3.70500000e+00,1.04830065e+08,3.70500000e+00,1.60074203e+08,
3.71000000e+00,8.41187449e+07,3.71000000e+00,1.03591904e+08,3.71000000e+00,1.57689566e+08,
3.71500000e+00,8.33798432e+07,3.71500000e+00,1.02367666e+08,3.71500000e+00,1.55341634e+08,
3.72000000e+00,8.26440183e+07,3.72000000e+00,1.01157273e+08,3.72000000e+00,1.53031845e+08,
3.72500000e+00,8.19113685e+07,3.72500000e+00,9.99606424e+07,3.72500000e+00,1.50759671e+08,
3.73000000e+00,8.11819891e+07,3.73000000e+00,9.87776906e+07,3.73000000e+00,1.48524727e+08,
3.73500000e+00,8.04559721e+07,3.73500000e+00,9.76083304e+07,3.73500000e+00,1.46325880e+08,
3.74000000e+00,7.97334064e+07,3.74000000e+00,9.64524722e+07,3.74000000e+00,1.44161848e+08,
3.74500000e+00,7.90143777e+07,3.74500000e+00,9.53100239e+07,3.74500000e+00,1.42032635e+08,
3.75000000e+00,7.82989688e+07,3.75000000e+00,9.41808912e+07,3.75000000e+00,1.39937997e+08,
3.75500000e+00,7.75872595e+07,3.75500000e+00,9.30649779e+07,3.75500000e+00,1.37877594e+08,
3.76000000e+00,7.68793261e+07,3.76000000e+00,9.19621855e+07,3.76000000e+00,1.35850194e+08,
3.76500000e+00,7.61752424e+07,3.76500000e+00,9.08724137e+07,3.76500000e+00,1.33855161e+08,
3.77000000e+00,7.54750790e+07,3.77000000e+00,8.97955608e+07,3.77000000e+00,1.31892017e+08,
3.77500000e+00,7.47789035e+07,3.77500000e+00,8.87315231e+07,3.77500000e+00,1.29960921e+08,
3.78000000e+00,7.40867805e+07,3.78000000e+00,8.76801956e+07,3.78000000e+00,1.28060779e+08,
3.78500000e+00,7.33987720e+07,3.78500000e+00,8.66414720e+07,3.78500000e+00,1.26191644e+08,
3.79000000e+00,7.27149369e+07,3.79000000e+00,8.56152444e+07,3.79000000e+00,1.24352829e+08,
3.79500000e+00,7.20353314e+07,3.79500000e+00,8.46014043e+07,3.79500000e+00,1.22542524e+08,
3.80000000e+00,7.13600088e+07,3.80000000e+00,8.35998417e+07,3.80000000e+00,1.20762296e+08,
3.80500000e+00,7.06890198e+07,3.80500000e+00,8.26104457e+07,3.80500000e+00,1.19010921e+08,
3.81000000e+00,7.00224123e+07,3.81000000e+00,8.16331048e+07,3.81000000e+00,1.17287077e+08,
3.81500000e+00,6.93602317e+07,3.81500000e+00,8.06677066e+07,3.81500000e+00,1.15591017e+08,
3.82000000e+00,6.87025205e+07,3.82000000e+00,7.97141380e+07,3.82000000e+00,1.13922904e+08,
3.82500000e+00,6.80493190e+07,3.82500000e+00,7.87722853e+07,3.82500000e+00,1.12281446e+08,
3.83000000e+00,6.74006648e+07,3.83000000e+00,7.78420343e+07,3.83000000e+00,1.10665854e+08,
3.83500000e+00,6.67565930e+07,3.83500000e+00,7.69232706e+07,3.83500000e+00,1.09076478e+08,
3.84000000e+00,6.61171362e+07,3.84000000e+00,7.60158792e+07,3.84000000e+00,1.07512706e+08,
3.84500000e+00,6.54823249e+07,3.84500000e+00,7.51197449e+07,3.84500000e+00,1.05974462e+08,
3.85000000e+00,6.48521871e+07,3.85000000e+00,7.42347524e+07,3.85000000e+00,1.04460711e+08,
3.85500000e+00,6.42267484e+07,3.85500000e+00,7.33607861e+07,3.85500000e+00,1.02971137e+08,
3.86000000e+00,6.36060324e+07,3.86000000e+00,7.24977305e+07,3.86000000e+00,1.01505354e+08,
3.86500000e+00,6.29900604e+07,3.86500000e+00,7.16454700e+07,3.86500000e+00,1.00063163e+08,
3.87000000e+00,6.23788517e+07,3.87000000e+00,7.08038892e+07,3.87000000e+00,9.86445427e+07,
3.87500000e+00,6.17724233e+07,3.87500000e+00,6.99728726e+07,3.87500000e+00,9.72481241e+07,
3.88000000e+00,6.11707903e+07,3.88000000e+00,6.91523050e+07,3.88000000e+00,9.58741846e+07,
3.88500000e+00,6.05739658e+07,3.88500000e+00,6.83420715e+07,3.88500000e+00,9.45224853e+07,
3.89000000e+00,5.99819611e+07,3.89000000e+00,6.75420573e+07,3.89000000e+00,9.31921991e+07,
3.89500000e+00,5.93947854e+07,3.89500000e+00,6.67521480e+07,3.89500000e+00,9.18834556e+07,
3.90000000e+00,5.88124461e+07,3.90000000e+00,6.59722297e+07,3.90000000e+00,9.05952795e+07,
3.90500000e+00,5.82349490e+07,3.90500000e+00,6.52021886e+07,3.90500000e+00,8.93276833e+07,
3.91000000e+00,5.76622981e+07,3.91000000e+00,6.44419116e+07,3.91000000e+00,8.80807056e+07,
3.91500000e+00,5.70944956e+07,3.91500000e+00,6.36912860e+07,3.91500000e+00,8.68532120e+07,
3.92000000e+00,5.65315421e+07,3.92000000e+00,6.29501997e+07,3.92000000e+00,8.56452976e+07,
3.92500000e+00,5.59734368e+07,3.92500000e+00,6.22185410e+07,3.92500000e+00,8.44569005e+07,
3.93000000e+00,5.54201771e+07,3.93000000e+00,6.14961990e+07,3.93000000e+00,8.32872739e+07,
3.93500000e+00,5.48717591e+07,3.93500000e+00,6.07830632e+07,3.93500000e+00,8.21362052e+07,
3.94000000e+00,5.43281773e+07,3.94000000e+00,6.00790240e+07,3.94000000e+00,8.10033967e+07,
3.94500000e+00,5.37894250e+07,3.94500000e+00,5.93839722e+07,3.94500000e+00,7.98883732e+07,
3.95000000e+00,5.32554940e+07,3.95000000e+00,5.86977994e+07,3.95000000e+00,7.87910923e+07,
3.95500000e+00,5.27263748e+07,3.95500000e+00,5.80203982e+07,3.95500000e+00,7.77115681e+07,
3.96000000e+00,5.22020567e+07,3.96000000e+00,5.73516616e+07,3.96000000e+00,7.66490431e+07,
3.96500000e+00,5.16825278e+07,3.96500000e+00,5.66914835e+07,3.96500000e+00,7.56028486e+07,
3.97000000e+00,5.11677749e+07,3.97000000e+00,5.60397585e+07,3.97000000e+00,7.45733547e+07,
3.97500000e+00,5.06577838e+07,3.97500000e+00,5.53963823e+07,3.97500000e+00,7.35605029e+07,
3.98000000e+00,5.01525392e+07,3.98000000e+00,5.47612511e+07,3.98000000e+00,7.25630045e+07,
3.98500000e+00,4.96520246e+07,3.98500000e+00,5.41342622e+07,3.98500000e+00,7.15812727e+07,
3.99000000e+00,4.91562227e+07,3.99000000e+00,5.35153135e+07,3.99000000e+00,7.06152904e+07,
3.99500000e+00,4.86651152e+07,3.99500000e+00,5.29043039e+07,3.99500000e+00,6.96641592e+07,
4.00000000e+00,4.81786826e+07,4.00000000e+00,5.23011334e+07,4.00000000e+00,6.87280799e+07,
4.00500000e+00,4.76969049e+07,4.00500000e+00,5.17057024e+07,4.00500000e+00,6.78066167e+07,
4.01000000e+00,4.72197610e+07,4.01000000e+00,5.11179127e+07,4.01000000e+00,6.68996216e+07,
4.01500000e+00,4.67472291e+07,4.01500000e+00,5.05376668e+07,4.01500000e+00,6.60067155e+07,
4.02000000e+00,4.62792864e+07,4.02000000e+00,4.99648681e+07,4.02000000e+00,6.51276069e+07,
4.02500000e+00,4.58159097e+07,4.02500000e+00,4.93994209e+07,4.02500000e+00,6.42623140e+07,
4.03000000e+00,4.53570749e+07,4.03000000e+00,4.88412305e+07,4.03000000e+00,6.34104726e+07,
4.03500000e+00,4.49027571e+07,4.03500000e+00,4.82902033e+07,4.03500000e+00,6.25719020e+07,
4.04000000e+00,4.44529310e+07,4.04000000e+00,4.77462463e+07,4.04000000e+00,6.17460959e+07,
4.04500000e+00,4.40075706e+07,4.04500000e+00,4.72092677e+07,4.04500000e+00,6.09331789e+07,
4.05000000e+00,4.35666492e+07,4.05000000e+00,4.66791767e+07,4.05000000e+00,6.01329826e+07,
4.05500000e+00,4.31301396e+07,4.05500000e+00,4.61558833e+07,4.05500000e+00,5.93449291e+07,
4.06000000e+00,4.26980143e+07,4.06000000e+00,4.56392985e+07,4.06000000e+00,5.85690307e+07,
4.06500000e+00,4.22702451e+07,4.06500000e+00,4.51293342e+07,4.06500000e+00,5.78051432e+07,
4.07000000e+00,4.18468032e+07,4.07000000e+00,4.46259034e+07,4.07000000e+00,5.70530047e+07,
4.07500000e+00,4.14276597e+07,4.07500000e+00,4.41289200e+07,4.07500000e+00,5.63123003e+07,
4.08000000e+00,4.10127851e+07,4.08000000e+00,4.36382988e+07,4.08000000e+00,5.55829178e+07,
4.08500000e+00,4.06021495e+07,4.08500000e+00,4.31539557e+07,4.08500000e+00,5.48647929e+07,
4.09000000e+00,4.01957227e+07,4.09000000e+00,4.26758075e+07,4.09000000e+00,5.41576049e+07,
4.09500000e+00,3.97934741e+07,4.09500000e+00,4.22037718e+07,4.09500000e+00,5.34611310e+07,
4.10000000e+00,3.93953729e+07,4.10000000e+00,4.17377673e+07,4.10000000e+00,5.27752199e+07,
4.10500000e+00,3.90013880e+07,4.10500000e+00,4.12777137e+07,4.10500000e+00,5.20997562e+07,
4.11000000e+00,3.86114879e+07,4.11000000e+00,4.08235315e+07,4.11000000e+00,5.14345217e+07,
4.11500000e+00,3.82256411e+07,4.11500000e+00,4.03751423e+07,4.11500000e+00,5.07793670e+07,
4.12000000e+00,3.78438155e+07,4.12000000e+00,3.99324685e+07,4.12000000e+00,5.01340998e+07,
4.12500000e+00,3.74659792e+07,4.12500000e+00,3.94954335e+07,4.12500000e+00,4.94985630e+07,
4.13000000e+00,3.70920999e+07,4.13000000e+00,3.90639617e+07,4.13000000e+00,4.88725659e+07,
4.13500000e+00,3.67221453e+07,4.13500000e+00,3.86379782e+07,4.13500000e+00,4.82559834e+07,
4.14000000e+00,3.63560826e+07,4.14000000e+00,3.82174093e+07,4.14000000e+00,4.76486321e+07,
4.14500000e+00,3.59938794e+07,4.14500000e+00,3.78021820e+07,4.14500000e+00,4.70503897e+07,
4.15000000e+00,3.56355028e+07,4.15000000e+00,3.73922244e+07,4.15000000e+00,4.64610795e+07,
4.15500000e+00,3.52809199e+07,4.15500000e+00,3.69874652e+07,4.15500000e+00,4.58805335e+07,
4.16000000e+00,3.49300977e+07,4.16000000e+00,3.65878344e+07,4.16000000e+00,4.53086624e+07,
4.16500000e+00,3.45830034e+07,4.16500000e+00,3.61932625e+07,4.16500000e+00,4.47452575e+07,
4.17000000e+00,3.42396037e+07,4.17000000e+00,3.58036812e+07,4.17000000e+00,4.41902381e+07,
4.17500000e+00,3.38998658e+07,4.17500000e+00,3.54190229e+07,4.17500000e+00,4.36434112e+07,
4.18000000e+00,3.35637564e+07,4.18000000e+00,3.50392209e+07,4.18000000e+00,4.31046557e+07,
4.18500000e+00,3.32312425e+07,4.18500000e+00,3.46642093e+07,4.18500000e+00,4.25737875e+07,
4.19000000e+00,3.29022910e+07,4.19000000e+00,3.42939231e+07,4.19000000e+00,4.20508134e+07,
4.19500000e+00,3.25768688e+07,4.19500000e+00,3.39282984e+07,4.19500000e+00,4.15355482e+07,
4.20000000e+00,3.22549430e+07,4.20000000e+00,3.35672716e+07,4.20000000e+00,4.10277538e+07,
4.20500000e+00,3.19364805e+07,4.20500000e+00,3.32107805e+07,4.20500000e+00,4.05274252e+07,
4.21000000e+00,3.16214485e+07,4.21000000e+00,3.28587633e+07,4.21000000e+00,4.00344053e+07,
4.21500000e+00,3.13098141e+07,4.21500000e+00,3.25111593e+07,4.21500000e+00,3.95485859e+07,
4.22000000e+00,3.10015445e+07,4.22000000e+00,3.21679084e+07,4.22000000e+00,3.90698131e+07,
4.22500000e+00,3.06966071e+07,4.22500000e+00,3.18289514e+07,4.22500000e+00,3.85979559e+07,
4.23000000e+00,3.03949693e+07,4.23000000e+00,3.14942299e+07,4.23000000e+00,3.81329761e+07,
4.23500000e+00,3.00965987e+07,4.23500000e+00,3.11636862e+07,4.23500000e+00,3.76746704e+07,
4.24000000e+00,2.98014628e+07,4.24000000e+00,3.08372636e+07,4.24000000e+00,3.72230521e+07,
4.24500000e+00,2.95095295e+07,4.24500000e+00,3.05149058e+07,4.24500000e+00,3.67779744e+07,
4.25000000e+00,2.92207667e+07,4.25000000e+00,3.01965577e+07,4.25000000e+00,3.63391865e+07,
4.25500000e+00,2.89351424e+07,4.25500000e+00,2.98821645e+07,4.25500000e+00,3.59067026e+07,
4.26000000e+00,2.86526247e+07,4.26000000e+00,2.95716725e+07,4.26000000e+00,3.54804582e+07,
4.26500000e+00,2.83731822e+07,4.26500000e+00,2.92650285e+07,4.26500000e+00,3.50602645e+07,
4.27000000e+00,2.80967832e+07,4.27000000e+00,2.89621803e+07,4.27000000e+00,3.46460460e+07,
4.27500000e+00,2.78233964e+07,4.27500000e+00,2.86630760e+07,4.27500000e+00,3.42377981e+07,
4.28000000e+00,2.75529907e+07,4.28000000e+00,2.83676649e+07,4.28000000e+00,3.38353241e+07,
4.28500000e+00,2.72855351e+07,4.28500000e+00,2.80758966e+07,4.28500000e+00,3.34385215e+07,
4.29000000e+00,2.70209988e+07,4.29000000e+00,2.77877215e+07,4.29000000e+00,3.30473008e+07,
4.29500000e+00,2.67593511e+07,4.29500000e+00,2.75030909e+07,4.29500000e+00,3.26616569e+07,
4.30000000e+00,2.65005617e+07,4.30000000e+00,2.72219565e+07,4.30000000e+00,3.22814632e+07,
4.30500000e+00,2.62446003e+07,4.30500000e+00,2.69442709e+07,4.30500000e+00,3.19065456e+07,
4.31000000e+00,2.59914369e+07,4.31000000e+00,2.66699870e+07,4.31000000e+00,3.15369231e+07,
4.31500000e+00,2.57410417e+07,4.31500000e+00,2.63990589e+07,4.31500000e+00,3.11724796e+07,
4.32000000e+00,2.54933851e+07,4.32000000e+00,2.61314408e+07,4.32000000e+00,3.08131011e+07,
4.32500000e+00,2.52484376e+07,4.32500000e+00,2.58670878e+07,4.32500000e+00,3.04587586e+07,
4.33000000e+00,2.50061700e+07,4.33000000e+00,2.56059558e+07,4.33000000e+00,3.01093541e+07,
4.33500000e+00,2.47665534e+07,4.33500000e+00,2.53480009e+07,4.33500000e+00,2.97647526e+07,
4.34000000e+00,2.45295591e+07,4.34000000e+00,2.50931802e+07,4.34000000e+00,2.94249663e+07,
4.34500000e+00,2.42951584e+07,4.34500000e+00,2.48414511e+07,4.34500000e+00,2.90898712e+07,
4.35000000e+00,2.40633231e+07,4.35000000e+00,2.45927718e+07,4.35000000e+00,2.87593583e+07,
4.35500000e+00,2.38340250e+07,4.35500000e+00,2.43471011e+07,4.35500000e+00,2.84334242e+07,
4.36000000e+00,2.36072364e+07,4.36000000e+00,2.41043983e+07,4.36000000e+00,2.81119798e+07,
4.36500000e+00,2.33829295e+07,4.36500000e+00,2.38646231e+07,4.36500000e+00,2.77949298e+07,
4.37000000e+00,2.31610770e+07,4.37000000e+00,2.36277362e+07,4.37000000e+00,2.74822258e+07,
4.37500000e+00,2.29416517e+07,4.37500000e+00,2.33936985e+07,4.37500000e+00,2.71737911e+07,
4.38000000e+00,2.27246266e+07,4.38000000e+00,2.31624715e+07,4.38000000e+00,2.68695287e+07,
4.38500000e+00,2.25099752e+07,4.38500000e+00,2.29340174e+07,4.38500000e+00,2.65694107e+07,
4.39000000e+00,2.22976708e+07,4.39000000e+00,2.27082989e+07,4.39000000e+00,2.62733950e+07,
4.39500000e+00,2.20876872e+07,4.39500000e+00,2.24852790e+07,4.39500000e+00,2.59813667e+07,
4.40000000e+00,2.18799986e+07,4.40000000e+00,2.22649215e+07,4.40000000e+00,2.56932766e+07,
4.40500000e+00,2.16745790e+07,4.40500000e+00,2.20471907e+07,4.40500000e+00,2.54090624e+07,
4.41000000e+00,2.14714030e+07,4.41000000e+00,2.18320511e+07,4.41000000e+00,2.51286662e+07,
4.41500000e+00,2.12704453e+07,4.41500000e+00,2.16194681e+07,4.41500000e+00,2.48520741e+07,
4.42000000e+00,2.10716808e+07,4.42000000e+00,2.14094074e+07,4.42000000e+00,2.45791794e+07,
4.42500000e+00,2.08750848e+07,4.42500000e+00,2.12018352e+07,4.42500000e+00,2.43099025e+07,
4.43000000e+00,2.06806327e+07,4.43000000e+00,2.09967181e+07,4.43000000e+00,2.40442169e+07,
4.43500000e+00,2.04883000e+07,4.43500000e+00,2.07940233e+07,4.43500000e+00,2.37820810e+07,
4.44000000e+00,2.02980628e+07,4.44000000e+00,2.05937184e+07,4.44000000e+00,2.35234153e+07,
4.44500000e+00,2.01098972e+07,4.44500000e+00,2.03957716e+07,4.44500000e+00,2.32681964e+07,
4.45000000e+00,1.99237796e+07,4.45000000e+00,2.02001514e+07,4.45000000e+00,2.30163548e+07,
4.45500000e+00,1.97396865e+07,4.45500000e+00,2.00068268e+07,4.45500000e+00,2.27678105e+07,
4.46000000e+00,1.95575948e+07,4.46000000e+00,1.98157672e+07,4.46000000e+00,2.25225505e+07,
4.46500000e+00,1.93774816e+07,4.46500000e+00,1.96269424e+07,4.46500000e+00,2.22805010e+07,
4.47000000e+00,1.91993242e+07,4.47000000e+00,1.94403228e+07,4.47000000e+00,2.20416393e+07,
4.47500000e+00,1.90231002e+07,4.47500000e+00,1.92558792e+07,4.47500000e+00,2.18059288e+07,
4.48000000e+00,1.88487873e+07,4.48000000e+00,1.90735825e+07,4.48000000e+00,2.15732579e+07,
4.48500000e+00,1.86763636e+07,4.48500000e+00,1.88934045e+07,4.48500000e+00,2.13436198e+07,
4.49000000e+00,1.85058073e+07,4.49000000e+00,1.87153170e+07,4.49000000e+00,2.11169744e+07,
4.49500000e+00,1.83370969e+07,4.49500000e+00,1.85392925e+07,4.49500000e+00,2.08932770e+07,
4.50000000e+00,1.81702110e+07,4.50000000e+00,1.83653036e+07,4.50000000e+00,2.06724792e+07,
4.50500000e+00,1.80051286e+07,4.50500000e+00,1.81933235e+07,4.50500000e+00,2.04545142e+07,
4.51000000e+00,1.78418289e+07,4.51000000e+00,1.80233258e+07,4.51000000e+00,2.02393749e+07,
4.51500000e+00,1.76802912e+07,4.51500000e+00,1.78552842e+07,4.51500000e+00,2.00269919e+07,
4.52000000e+00,1.75204952e+07,4.52000000e+00,1.76891732e+07,4.52000000e+00,1.98173436e+07,
4.52500000e+00,1.73624206e+07,4.52500000e+00,1.75249674e+07,4.52500000e+00,1.96103735e+07,
4.53000000e+00,1.72060475e+07,4.53000000e+00,1.73626416e+07,4.53000000e+00,1.94060416e+07,
4.53500000e+00,1.70513562e+07,4.53500000e+00,1.72021714e+07,4.53500000e+00,1.92043429e+07,
4.54000000e+00,1.68983271e+07,4.54000000e+00,1.70435324e+07,4.54000000e+00,1.90052010e+07,
4.54500000e+00,1.67469409e+07,4.54500000e+00,1.68867006e+07,4.54500000e+00,1.88085643e+07,
4.55000000e+00,1.65971786e+07,4.55000000e+00,1.67316526e+07,4.55000000e+00,1.86144452e+07,
4.55500000e+00,1.64490213e+07,4.55500000e+00,1.65783648e+07,4.55500000e+00,1.84227814e+07,
4.56000000e+00,1.63024502e+07,4.56000000e+00,1.64268146e+07,4.56000000e+00,1.82335008e+07,
4.56500000e+00,1.61574470e+07,4.56500000e+00,1.62769791e+07,4.56500000e+00,1.80466386e+07,
4.57000000e+00,1.60139934e+07,4.57000000e+00,1.61288362e+07,4.57000000e+00,1.78621280e+07,
4.57500000e+00,1.58720714e+07,4.57500000e+00,1.59823639e+07,4.57500000e+00,1.76799113e+07,
4.58000000e+00,1.57316631e+07,4.58000000e+00,1.58375405e+07,4.58000000e+00,1.74999844e+07,
4.58500000e+00,1.55927508e+07,4.58500000e+00,1.56943446e+07,4.58500000e+00,1.73223100e+07,
4.59000000e+00,1.54553172e+07,4.59000000e+00,1.55527551e+07,4.59000000e+00,1.71468388e+07,
4.59500000e+00,1.53193450e+07,4.59500000e+00,1.54127515e+07,4.59500000e+00,1.69735406e+07,
4.60000000e+00,1.51848172e+07,4.60000000e+00,1.52743130e+07,4.60000000e+00,1.68024112e+07,
4.60500000e+00,1.50517170e+07,4.60500000e+00,1.51374197e+07,4.60500000e+00,1.66333938e+07,
4.61000000e+00,1.49200276e+07,4.61000000e+00,1.50020516e+07,4.61000000e+00,1.64664663e+07,
4.61500000e+00,1.47897328e+07,4.61500000e+00,1.48681890e+07,4.61500000e+00,1.63015965e+07,
4.62000000e+00,1.46608161e+07,4.62000000e+00,1.47358128e+07,4.62000000e+00,1.61387525e+07,
4.62500000e+00,1.45332615e+07,4.62500000e+00,1.46049037e+07,4.62500000e+00,1.59779014e+07,
4.63000000e+00,1.44070531e+07,4.63000000e+00,1.44754430e+07,4.63000000e+00,1.58190266e+07,
4.63500000e+00,1.42821754e+07,4.63500000e+00,1.43474123e+07,4.63500000e+00,1.56621071e+07,
4.64000000e+00,1.41586126e+07,4.64000000e+00,1.42207932e+07,4.64000000e+00,1.55070813e+07,
4.64500000e+00,1.40363495e+07,4.64500000e+00,1.40955677e+07,4.64500000e+00,1.53539461e+07,
4.65000000e+00,1.39153710e+07,4.65000000e+00,1.39717181e+07,4.65000000e+00,1.52026757e+07,
4.65500000e+00,1.37956621e+07,4.65500000e+00,1.38492269e+07,4.65500000e+00,1.50532438e+07,
4.66000000e+00,1.36772080e+07,4.66000000e+00,1.37280767e+07,4.66000000e+00,1.49056185e+07,
4.66500000e+00,1.35599940e+07,4.66500000e+00,1.36082507e+07,4.66500000e+00,1.47597673e+07,
4.67000000e+00,1.34440058e+07,4.67000000e+00,1.34897320e+07,4.67000000e+00,1.46156731e+07,
4.67500000e+00,1.33292290e+07,4.67500000e+00,1.33725041e+07,4.67500000e+00,1.44733212e+07,
4.68000000e+00,1.32156496e+07,4.68000000e+00,1.32565507e+07,4.68000000e+00,1.43326665e+07,
4.68500000e+00,1.31032535e+07,4.68500000e+00,1.31418556e+07,4.68500000e+00,1.41936865e+07,
4.69000000e+00,1.29920272e+07,4.69000000e+00,1.30284031e+07,4.69000000e+00,1.40563909e+07,
4.69500000e+00,1.28819568e+07,4.69500000e+00,1.29161775e+07,4.69500000e+00,1.39207270e+07,
4.70000000e+00,1.27730291e+07,4.70000000e+00,1.28051634e+07,4.70000000e+00,1.37866684e+07,
4.70500000e+00,1.26652307e+07,4.70500000e+00,1.26953455e+07,4.70500000e+00,1.36542080e+07,
4.71000000e+00,1.25585484e+07,4.71000000e+00,1.25867089e+07,4.71000000e+00,1.35233028e+07,
4.71500000e+00,1.24529695e+07,4.71500000e+00,1.24792389e+07,4.71500000e+00,1.33939517e+07,
4.72000000e+00,1.23484809e+07,4.72000000e+00,1.23729207e+07,4.72000000e+00,1.32661277e+07,
4.72500000e+00,1.22450702e+07,4.72500000e+00,1.22677401e+07,4.72500000e+00,1.31398032e+07,
4.73000000e+00,1.21427247e+07,4.73000000e+00,1.21636829e+07,4.73000000e+00,1.30149762e+07,
4.73500000e+00,1.20414322e+07,4.73500000e+00,1.20607351e+07,4.73500000e+00,1.28916083e+07,
4.74000000e+00,1.19411803e+07,4.74000000e+00,1.19588829e+07,4.74000000e+00,1.27696748e+07,
4.74500000e+00,1.18419572e+07,4.74500000e+00,1.18581128e+07,4.74500000e+00,1.26491709e+07,
4.75000000e+00,1.17437509e+07,4.75000000e+00,1.17584112e+07,4.75000000e+00,1.25300632e+07,
4.75500000e+00,1.16465496e+07,4.75500000e+00,1.16597651e+07,4.75500000e+00,1.24123447e+07,
4.76000000e+00,1.15503416e+07,4.76000000e+00,1.15621613e+07,4.76000000e+00,1.22959967e+07,
4.76500000e+00,1.14551156e+07,4.76500000e+00,1.14655870e+07,4.76500000e+00,1.21809895e+07,
4.77000000e+00,1.13608602e+07,4.77000000e+00,1.13700295e+07,4.77000000e+00,1.20673152e+07,
4.77500000e+00,1.12675642e+07,4.77500000e+00,1.12754763e+07,4.77500000e+00,1.19549443e+07,
4.78000000e+00,1.11752165e+07,4.78000000e+00,1.11819151e+07,4.78000000e+00,1.18438757e+07,
4.78500000e+00,1.10838062e+07,4.78500000e+00,1.10893337e+07,4.78500000e+00,1.17340794e+07,
4.79000000e+00,1.09933225e+07,4.79000000e+00,1.09977201e+07,4.79000000e+00,1.16255366e+07,
4.79500000e+00,1.09037548e+07,4.79500000e+00,1.09070625e+07,4.79500000e+00,1.15182377e+07,
4.80000000e+00,1.08150924e+07,4.80000000e+00,1.08173491e+07,4.80000000e+00,1.14121602e+07,
4.80500000e+00,1.07273251e+07,4.80500000e+00,1.07285686e+07,4.80500000e+00,1.13072963e+07,
4.81000000e+00,1.06404424e+07,4.81000000e+00,1.06407095e+07,4.81000000e+00,1.12036169e+07,
4.81500000e+00,1.05544344e+07,4.81500000e+00,1.05537606e+07,4.81500000e+00,1.11011128e+07,
4.82000000e+00,1.04692909e+07,4.82000000e+00,1.04677109e+07,4.82000000e+00,1.09997775e+07,
4.82500000e+00,1.03850020e+07,4.82500000e+00,1.03825495e+07,4.82500000e+00,1.08995859e+07,
4.83000000e+00,1.03015580e+07,4.83000000e+00,1.02982656e+07,4.83000000e+00,1.08005171e+07,
4.83500000e+00,1.02189492e+07,4.83500000e+00,1.02148486e+07,4.83500000e+00,1.07025602e+07,
4.84000000e+00,1.01371660e+07,4.84000000e+00,1.01322881e+07,4.84000000e+00,1.06057067e+07,
4.84500000e+00,1.00561991e+07,4.84500000e+00,1.00505737e+07,4.84500000e+00,1.05099402e+07,
4.85000000e+00,9.97603902e+06,4.85000000e+00,9.96969528e+06,4.85000000e+00,1.04152406e+07,
4.85500000e+00,9.89667667e+06,4.85500000e+00,9.88964280e+06,4.85500000e+00,1.03215989e+07,
4.86000000e+00,9.81810293e+06,4.86000000e+00,9.81040632e+06,4.86000000e+00,1.02290012e+07,
4.86500000e+00,9.74030884e+06,4.86500000e+00,9.73197609e+06,4.86500000e+00,1.01374271e+07,
4.87000000e+00,9.66328552e+06,4.87000000e+00,9.65434246e+06,4.87000000e+00,1.00468703e+07,
4.87500000e+00,9.58702421e+06,4.87500000e+00,9.57749592e+06,4.87500000e+00,9.95732156e+06,
4.88000000e+00,9.51151627e+06,4.88000000e+00,9.50142708e+06,4.88000000e+00,9.86875383e+06,
4.88500000e+00,9.43675316e+06,4.88500000e+00,9.42612670e+06,4.88500000e+00,9.78116252e+06,
4.89000000e+00,9.36272642e+06,4.89000000e+00,9.35158563e+06,4.89000000e+00,9.69453753e+06,
4.89500000e+00,9.28942774e+06,4.89500000e+00,9.27779486e+06,4.89500000e+00,9.60885881e+06,
4.90000000e+00,9.21684887e+06,4.90000000e+00,9.20474550e+06,4.90000000e+00,9.52412305e+06,
4.90500000e+00,9.14498168e+06,4.90500000e+00,9.13242879e+06,4.90500000e+00,9.44031080e+06,
4.91000000e+00,9.07381814e+06,4.91000000e+00,9.06083606e+06,4.91000000e+00,9.35741443e+06,
4.91500000e+00,9.00335031e+06,4.91500000e+00,8.98995877e+06,4.91500000e+00,9.27541848e+06,
4.92000000e+00,8.93357036e+06,4.92000000e+00,8.91978851e+06,4.92000000e+00,9.19431422e+06,
4.92500000e+00,8.86447054e+06,4.92500000e+00,8.85031695e+06,4.92500000e+00,9.11409170e+06,
4.93000000e+00,8.79604320e+06,4.93000000e+00,8.78153589e+06,4.93000000e+00,9.03473059e+06,
4.93500000e+00,8.72828080e+06,4.93500000e+00,8.71343724e+06,4.93500000e+00,8.95622829e+06,
4.94000000e+00,8.66117587e+06,4.94000000e+00,8.64601301e+06,4.94000000e+00,8.87857687e+06,
4.94500000e+00,8.59472105e+06,4.94500000e+00,8.57925531e+06,4.94500000e+00,8.80175895e+06,
4.95000000e+00,8.52890904e+06,4.95000000e+00,8.51315638e+06,4.95000000e+00,8.72576228e+06,
4.95500000e+00,8.46373267e+06,4.95500000e+00,8.44770853e+06,4.95500000e+00,8.65057897e+06,
4.96000000e+00,8.39918482e+06,4.96000000e+00,8.38290418e+06,4.96000000e+00,8.57620060e+06,
4.96500000e+00,8.33525849e+06,4.96500000e+00,8.31873587e+06,4.96500000e+00,8.50261803e+06,
4.97000000e+00,8.27194674e+06,4.97000000e+00,8.25519622e+06,4.97000000e+00,8.42981704e+06,
4.97500000e+00,8.20924273e+06,4.97500000e+00,8.19227795e+06,4.97500000e+00,8.35778767e+06,
4.98000000e+00,8.14713969e+06,4.98000000e+00,8.12997388e+06,4.98000000e+00,8.28652535e+06,
4.98500000e+00,8.08563094e+06,4.98500000e+00,8.06827691e+06,4.98500000e+00,8.21601418e+06,
4.99000000e+00,8.02470989e+06,4.99000000e+00,8.00718004e+06,4.99000000e+00,8.14624883e+06,
4.99500000e+00,7.96437002e+06,4.99500000e+00,7.94667638e+06,4.99500000e+00,8.07722160e+06,
5.00000000e+00,7.90476806e+06,5.00000000e+00,7.88691987e+06,5.00000000e+00,8.00913288e+06,
